0,0,0.7594907453,0,0,0,1,-0.312,0,0,0.669,-0.363,0,-0.312,0,0,0.669,-0.363,0,0,0,0,0.2,0.2,0,0.6,0,0,0,0.2,-0.2,0,0.6,0,0,0
8.634737076e-05,6.06538566e-06,0.7584666335,-2.052177831e-05,2.643722629e-05,1.346418307e-05,0.9999999993,-0.3126114277,-0.000254231879,-0.0001231842903,0.6719270267,-0.3625121357,-0.0001987851618,-0.3124936764,0.0002388028691,-6.415123065e-05,0.6723244126,-0.3626142416,0.0001993882363,0.0001157370221,8.395336211e-05,-0.0008744718757,0.2003591377,0.2000290028,-3.23823253e-05,0.5997096924,-3.475566565e-05,-0.0001146386243,-2.184183935e-05,0.20034116,-0.2000939966,4.291183025e-06,0.5996652285,3.904041515e-05,-0.0001207574951,4.488240054e-06
0.000270016255,1.729929045e-05,0.756449734,-6.329762982e-05,-3.689368844e-05,4.830320593e-05,0.9999999961,-0.3130559633,-0.0006688121225,-0.0001910295544,0.6761197933,-0.361748183,-0.0004334099095,-0.3126432738,0.000657094061,-0.0002993755371,0.6771008972,-0.3619553951,0.0004375743127,0.0003091266821,0.00025000955,-0.002381248339,0.2010015894,0.2000536438,-5.555532349e-05,0.5993674577,-7.544017352e-05,-0.00029220982,-4.651375958e-05,0.2009091547,-0.2002374118,-9.70138132e-06,0.5992652913,8.429236894e-05,-0.0003071935371,8.922602479e-06
0.0005028937208,2.80043252e-05,0.7534210215,-0.0001251581576,-0.0002961875724,0.0001204360385,0.9999999411,-0.3136447792,-0.0008447041841,-0.0001034405533,0.6832327863,-0.3558292698,-0.0004880939372,-0.3127785556,0.0008896879974,-0.0007628336011,0.6845786483,-0.3560373768,0.0005692869962,0.0004440657173,0.0004534939168,-0.004139154294,0.2015192613,0.2000117956,-4.31918603e-05,0.5992037621,-9.292994055e-05,-0.0004268690237,3.715823672e-05,0.2013296255,-0.2003156289,-6.113532645e-05,0.5990529206,0.0001452025934,-0.0004666850936,-3.613249779e-05
0.0007334446968,3.213810629e-05,0.7495450328,-0.0001527035576,-0.0007772757242,0.0001862605951,0.9999996689,-0.3144652141,-0.0009254397708,4.333248391e-05,0.6915915719,-0.356606338,-0.0004516926623,-0.3130481816,0.0009375638379,-0.001179931759,0.6928286736,-0.3570441573,0.0006131504598,0.000591004626,0.0005580930993,-0.005879419211,0.2016269016,0.1998005269,8.004675572e-05,0.5997062239,-9.794124187e-05,-0.0004966521453,0.0001675765053,0.2012902087,-0.2001366628,-0.0002005511869,0.5995418923,0.0001994499829,-0.0005609682229,-0.0001111282879
0.0005638579312,3.489893192e-05,0.7457639031,-0.0001090260249,-0.001810364715,0.000227022168,0.9999983296,-0.3190596229,-0.0008905470304,0.0005535190396,0.705884719,-0.3606768514,-0.0005558589522,-0.3168971872,0.0006734417301,-0.001709264781,0.7064439678,-0.3616107143,0.0005786773784,0.0007367082206,0.0004653768881,-0.005782940618,0.2000591122,0.1988045122,0.0005299462677,0.6029963024,-8.419823121e-06,-0.0004886541266,0.0003715841243,0.1995552707,-0.199050826,-0.0006449103514,0.6028707587,0.0001201682052,-0.0005431234531,-0.0003232615589
8.11272024e-05,4.926619304e-05,0.7423357657,-6.632169064e-05,-0.003871329293,0.0002211282388,0.9999924797,-0.3248595681,-0.0008027994294,0.001126787388,0.7252939804,-0.3678039289,-0.0006321766574,-0.3221127401,0.0003750812017,-0.002187965684,0.7251279237,-0.3692534394,0.0005010584574,0.0009169578653,0.0003788472341,-0.00310029582,0.1972650483,0.1968469263,0.001081386779,0.6087156689,0.0001050754563,-8.385277448e-05,0.0006110454982,0.1965844613,-0.1970519122,-0.001176773125,0.6086136853,5.297911219e-06,-0.00011177197,-0.0005871384304
-0.000640805356,7.160019277e-05,0.7394512977,-4.726671695e-05,-0.006649341754,0.0001787886902,0.9999778758,-0.3306550483,-0.0006640678175,0.001632517281,0.747453762,-0.3768468491,-0.0007011416486,-0.3275838442,0.0001337402867,-0.002572459462,0.7467518814,-0.3787033686,0.0004069535367,0.001064457612,0.0003492675992,0.001253262282,0.1941998394,0.1940106711,0.001418605575,0.6158510943,0.0002926196488,0.0006665381267,0.0009578536518,0.1933509188,-0.194219941,-0.001489329284,0.6157668225,-0.0001775200426,0.0006584250917,-0.0009477138562
-0.001493460899,0.0001001343891,0.7371370534,-4.683069623e-05,-0.01002538544,0.0001268358614,0.9999497354,-0.3352260195,-0.0005022549331,0.002060936748,0.7702498733,-0.3870184403,-0.0007659107939,-0.3320046543,-5.64875706e-05,-0.002880590564,0.7691982884,-0.3891718481,0.0003090892663,0.001142706775,0.0003578594451,0.006593612623,0.1915835423,0.1904087021,0.001395292214,0.6236150366,0.0004823346525,0.001737338723,0.001279772058,0.1906021602,-0.1906418256,-0.001455166314,0.6235387706,-0.0003610938465,0.001740738968,-0.001280544367
-0.002266895953,0.0001484444398,0.7353803861,-7.948416397e-05,-0.01342688997,1.053931662e-05,0.999909852,-0.3383302622,-0.0002911890877,0.002440103928,0.7916116619,-0.3979365169,-0.0007671440033,-0.3350418387,-0.0001382197004,-0.00305488338,0.790249418,-0.4002622737,0.0002402579313,0.001209964621,0.0004266247524,0.01086306406,0.1904897458,0.1862476887,0.0007914801174,0.6311857247,0.000818072482,0.002972017875,0.001590093521,0.189404521,-0.1865603839,-0.000865763359,0.6310959055,-0.00073306572,0.002982521094,-0.001672122351
-0.002952253063,0.0002128449009,0.7341338453,-0.0001293122219,-0.01672739556,-0.0001414808925,0.999860069,-0.3398062205,-5.028951199e-05,0.002821106387,0.8103889082,-0.4090651544,-0.0007056611538,-0.3365126202,-0.0001530560361,-0.003127607734,0.8087581213,-0.4114566546,0.0002051340802,0.001219428397,0.0005062568849,0.01376441187,0.1910422779,0.1816474526,-0.0002939784408,0.6381749517,0.001161022287,0.004251335914,0.001812326644,0.1898943481,-0.18205202,0.000174322825,0.6380644984,-0.001121116807,0.004262431258,-0.001995183943
-0.003401728597,0.0002781552064,0.733192563,-0.0002100578166,-0.01959278058,-0.0003032709448,0.999807975,-0.3399898616,0.0002341280981,0.003109782247,0.8260154436,-0.4204905509,-0.0006199915711,-0.3367065046,-5.841782056e-05,-0.003151370566,0.8241244311,-0.4228509681,0.0001281234823,0.001208482516,0.0006250714985,0.01385972032,0.1937522699,0.1768678315,-0.001918197773,0.6439595578,0.001669333626,0.005416263587,0.002071888056,0.1925746375,-0.1773623371,0.001743881396,0.6438348902,-0.001657424001,0.00542362146,-0.002289265748
-0.003665773396,0.0003418471093,0.7324939323,-0.0003020443095,-0.02204742516,-0.0004658171801,0.9997567718,-0.3389359626,0.0005575153027,0.003375310349,0.8381821299,-0.4317959814,-0.0005365612732,-0.3356652732,7.026609562e-05,-0.003174312874,0.8360276637,-0.4340559241,1.043792661e-05,0.001166200718,0.0007324546189,0.0114314942,0.1982742554,0.1720040453,-0.003864409654,0.6486049366,0.002170992454,0.00639868387,0.002265025074,0.1971064233,-0.17255669,0.003634983817,0.6484787364,-0.002178716488,0.006400823118,-0.002492811622
-0.003728595791,0.0003757839114,0.7318061208,-0.0004699240348,-0.02373922095,-0.000630698014,0.9997178756,-0.3370849313,0.001122798761,0.003549964554,0.8462896222,-0.443304028,-0.0005304827807,-0.333847653,0.0004616007828,-0.003099362362,0.8439713981,-0.4454641526,-0.0001174087987,0.001183191962,0.0009813996431,0.006165185393,0.2045382986,0.1672208717,-0.006084568427,0.6518551614,0.002798474312,0.007093551093,0.00255366899,0.2033836708,-0.1678556085,0.00580749931,0.6517235427,-0.002779980072,0.007093087024,-0.002712410554
-0.003689287831,0.0003750241168,0.7310868636,-0.0006809118026,-0.02484603468,-0.0007508394893,0.9996907758,-0.3349192591,0.001906967532,0.003682680346,0.8510205253,-0.4542851219,-0.0006241119101,-0.3316574359,0.0009767008772,-0.003009110232,0.8486154691,-0.4565107815,-0.0002089875574,0.001175306517,0.001280097722,-0.001128375726,0.2118843957,0.1626109615,-0.008367560749,0.654025917,0.003392973242,0.007529730271,0.002810439631,0.2107515704,-0.1632827546,0.008053796664,0.653907379,-0.003337438662,0.007527077383,-0.002881488694
-0.003543026296,0.0003308602538,0.7302462693,-0.0009172673744,-0.02530769132,-0.0007950350629,0.9996789721,-0.3323214157,0.002861477631,0.003624126043,0.8521007448,-0.4650322493,-0.0008361993136,-0.3295334607,0.001458736838,-0.003101357079,0.8507177519,-0.4678082748,-0.0001947722318,0.001309982604,0.001774393457,-0.01027415658,0.2200610441,0.1581797026,-0.0107442624,0.6551189292,0.004043936449,0.007761064999,0.003071114794,0.2190225107,-0.1590593225,0.01033996797,0.6549259882,-0.003945407092,0.007745901848,-0.00308631963
-0.003415267893,0.0002327622937,0.7293517368,-0.00111402991,-0.02549775717,-0.000713828542,0.9996740037,-0.3304452194,0.003869720434,0.003555408894,0.8520576055,-0.4744228012,-0.00112808897,-0.3279697822,0.00172610814,-0.003438298452,0.851926565,-0.4784748736,-0.0001014902106,0.001459192829,0.00227599928,-0.01996274144,0.2282425568,0.1539653356,-0.01298777198,0.6557885737,0.004639818881,0.007823334492,0.003294023324,0.2272880738,-0.1550656859,0.01247746138,0.6555455788,-0.004503268631,0.007792849917,-0.003271930083
-0.003312811815,4.942762959e-05,0.7284735405,-0.001370298679,-0.02552707073,-0.0007414572021,0.9996729171,-0.3296620694,0.005439153765,0.003802037669,0.8523258539,-0.4823977298,-0.001067368837,-0.3275580433,0.001796220515,-0.004256750798,0.8543674691,-0.4902899238,-3.296300785e-05,0.001661910575,0.003007826206,-0.02969723219,0.2360933448,0.1499153065,-0.01508516143,0.6562565675,0.005253150441,0.007809732833,0.003550660021,0.2351846224,-0.1513570308,0.01448433906,0.6559529659,-0.005087491813,0.00777008515,-0.003507002251
-0.003271802208,-0.0002392007802,0.7276918147,-0.001590379566,-0.02573390414,-0.0008542483923,0.9996671982,-0.3297851165,0.007313153886,0.004314513752,0.8539225937,-0.4884671006,-0.0009322437917,-0.3277952052,0.001746890847,-0.005373955388,0.8578255142,-0.5012434887,0.0001204391033,0.00183569261,0.00369838327,-0.03862586192,0.2432670551,0.1461210781,-0.01695299901,0.6569002499,0.005803343903,0.007780034346,0.003788627399,0.2423014726,-0.1477860147,0.01629864733,0.6566214249,-0.005618191148,0.007742768832,-0.003729077609
-0.003253142425,-0.000647558146,0.7270839387,-0.001889993494,-0.02607801499,-0.001158841797,0.9996574524,-0.3305551585,0.009722458771,0.004992654298,0.8567570499,-0.4925664586,-0.0005527708405,-0.3285292239,0.002564214128,-0.00626069349,0.8625450709,-0.5126334229,0.0005299748724,0.002072063535,0.004603366547,-0.04699160144,0.2499261669,0.1425931488,-0.01873329219,0.6576637578,0.006414416263,0.007923778321,0.004037465204,0.2488102267,-0.144465291,0.01804450138,0.6574546903,-0.006217913914,0.007912531579,-0.003987096065
-0.00323386591,-0.001179856638,0.7266576545,-0.002196503191,-0.02664636364,-0.001554036808,0.9996413015,-0.3312692604,0.01247499125,0.005772552304,0.860288423,-0.4948140466,-0.0001612548247,-0.3290656349,0.003856106684,-0.007000172315,0.86758476,-0.5231645411,0.0009365034158,0.002184964212,0.005545043947,-0.05471298847,0.2560934045,0.1393866084,-0.02039129723,0.6585793561,0.006977438654,0.008157266391,0.004247723102,0.2547719929,-0.1413711898,0.01967642735,0.6584770448,-0.006773644332,0.008181001954,-0.004215528011
-0.00314741178,-0.001802304564,0.726344199,-0.002569096024,-0.02721575943,-0.00198504161,0.9996243103,-0.3321184309,0.0153762338,0.006368466343,0.8644596061,-0.496246866,0.0003759127663,-0.3296453462,0.005655677782,-0.007643487858,0.8730530229,-0.5339544054,0.001305860368,0.002364125524,0.006699560715,-0.06238827995,0.2619759335,0.1364993657,-0.02204617978,0.6594146495,0.007512767651,0.008592702317,0.004426922173,0.2604990529,-0.138650141,0.02127422804,0.6593438936,-0.007341069673,0.008635566047,-0.00441812303
-0.002985269117,-0.002521440143,0.7261372729,-0.002940320899,-0.02783655078,-0.002397924345,0.9996052876,-0.3326163545,0.01833484558,0.006800673211,0.8686404747,-0.4969642773,0.0009526546937,-0.3297850776,0.007655237499,-0.008254099234,0.8781883635,-0.5441993256,0.001588880844,0.002487304487,0.007889559476,-0.06994378319,0.2675720999,0.1339796716,-0.0236024663,0.6602047494,0.007981541706,0.009071521836,0.004560571311,0.2659498284,-0.1362509525,0.02277224372,0.6601633609,-0.00785107712,0.009123560789,-0.004574978342
-0.002738990007,-0.003301716896,0.7258251204,-0.003480200954,-0.02827141983,-0.002673601342,0.9995906497,-0.333786751,0.02160954593,0.006884122758,0.873689149,-0.4982203986,0.002087798716,-0.3302946185,0.01015677178,-0.009034820171,0.8839021526,-0.5554325931,0.001929179603,0.002482884547,0.009550082115,-0.07787240301,0.2729894897,0.1317997601,-0.02517589136,0.6604400072,0.008394102098,0.009705683674,0.004643746028,0.2714158037,-0.1344578703,0.02422497736,0.6603788515,-0.008377000198,0.009743147278,-0.004742098258
-0.002416467398,-0.004156418469,0.7254244315,-0.004039113319,-0.02868921116,-0.002831581959,0.9995762086,-0.3349143165,0.02492297343,0.00671736362,0.8790501152,-0.4999974053,0.003495255627,-0.3305900996,0.01275242032,-0.009912188677,0.8894215498,-0.5662097034,0.002266311463,0.002365558764,0.01129804748,-0.08577461096,0.2780654324,0.1300266684,-0.02662026581,0.6604135743,0.008744887076,0.01029046101,0.004690443316,0.2766539009,-0.1331068623,0.02551935832,0.6604135741,-0.008853213559,0.01031220906,-0.004887945169
-0.001994555835,-0.005067109758,0.7248565608,-0.004548251118,-0.02868072366,-0.002821608081,0.9995742934,-0.337233123,0.02835916198,0.006562323856,0.8857958572,-0.5048324596,0.005500361277,-0.3317579175,0.01539942261,-0.01068177822,0.8954499339,-0.5780077403,0.002692362361,0.002214482467,0.01299738527,-0.09450771466,0.283079046,0.1287506342,-0.02803169071,0.6598448522,0.009069736,0.01101322853,0.004668065419,0.2819593671,-0.1321872579,0.02677461955,0.6599954724,-0.009283618772,0.01100961689,-0.004963877757
-0.00149972249,-0.006031181181,0.7241501137,-0.00493771212,-0.02855759643,-0.002677368374,0.9995763675,-0.3396992039,0.03154731164,0.006268242319,0.8928581258,-0.5111515125,0.007369080658,-0.3330698045,0.01786396653,-0.01135379558,0.9013389872,-0.5890490614,0.003070516405,0.002057951383,0.01450013277,-0.1032737376,0.2877365811,0.1279127527,-0.02925199577,0.6591422048,0.009352541773,0.01166236213,0.004624324399,0.2869761982,-0.1316167351,0.02787242928,0.6595370591,-0.009655451197,0.01165391575,-0.005004605999
-0.0009465306581,-0.007011084961,0.7232860929,-0.005071263254,-0.0279388089,-0.00248581196,0.9995936804,-0.343617856,0.03394641947,0.00582852853,0.9017555344,-0.5223697212,0.00854384955,-0.3358144579,0.01990627272,-0.01161656849,0.9083507468,-0.6017323837,0.003716162381,0.002001160066,0.01564270009,-0.1126621609,0.2923584096,0.1275208404,-0.03036915626,0.6578311276,0.009521735928,0.01238304608,0.004468288691,0.2918444955,-0.1314361051,0.02887677061,0.6585248495,-0.009971533575,0.01238808367,-0.005033421943
-0.0003611686875,-0.008000726882,0.72230013,-0.005032414897,-0.02721296667,-0.002245892264,0.9996144683,-0.3477022771,0.0358299313,0.005263470804,0.9107139862,-0.5347394686,0.009160606191,-0.33905127,0.02162903116,-0.01168487026,0.9155985259,-0.6135381779,0.004307173618,0.002009057711,0.01663276004,-0.1217156962,0.2965874857,0.1274443006,-0.03127428002,0.6564413399,0.009639370005,0.01299311878,0.004298150238,0.2961956742,-0.1316281148,0.02967913921,0.6574191573,-0.01023749581,0.01302990552,-0.005059114675
0.0002058531677,-0.009017206923,0.7209836132,-0.004936030912,-0.02590077444,-0.002022668748,0.999650286,-0.3540704152,0.03787079537,0.004875621082,0.9216270034,-0.5498528576,0.0100285308,-0.3451084601,0.02355039419,-0.01148305485,0.9258958434,-0.6279237689,0.005168763227,0.002158260496,0.01770659936,-0.1313051913,0.3006537788,0.1276933794,-0.03205918314,0.6542226509,0.009588788584,0.01362289945,0.004012148009,0.3002032562,-0.132353136,0.03036536555,0.6554136053,-0.01045184023,0.01369793818,-0.005093497117
0.0007346914791,-0.01005594656,0.7194127563,-0.004797194331,-0.02461526818,-0.00171637125,0.9996840149,-0.3610298234,0.03991365668,0.004445223647,0.9331281353,-0.5642599628,0.01069377725,-0.3521194276,0.02545101214,-0.0113123407,0.9374918764,-0.6411137621,0.005865900694,0.002259562832,0.01889866802,-0.1400295302,0.3040688137,0.1281467811,-0.03263691749,0.6519693485,0.009494923903,0.01411075607,0.003729241096,0.3034214931,-0.1335114471,0.03079164079,0.6532745091,-0.01062946713,0.01421262432,-0.005143723547
0.00112277159,-0.01113999459,0.717410072,-0.004528116958,-0.02269709832,-0.001433613219,0.9997311052,-0.371191848,0.04175168139,0.004130857989,0.9479269497,-0.5817425484,0.01177767655,-0.3626165618,0.02727467515,-0.01092236147,0.9528043847,-0.656592401,0.007006325375,0.002398339307,0.01987327534,-0.148620136,0.3067518084,0.1290879318,-0.03304063256,0.6487438573,0.009264769456,0.01448427749,0.003384786555,0.3057570887,-0.1349980719,0.03104218282,0.6501880161,-0.01062527898,0.01466315814,-0.005121408463
0.00137215267,-0.01226536332,0.715086516,-0.004171530162,-0.02088856202,-0.001121924449,0.9997724779,-0.3823138464,0.04344194275,0.003744137644,0.9640186942,-0.5978544898,0.01271830771,-0.374247618,0.02891517034,-0.01062614008,0.9697005346,-0.6702120463,0.007976932874,0.002476447251,0.02074009686,-0.1555210551,0.3082492621,0.1303440665,-0.03318910754,0.6455102086,0.009022422692,0.01466743199,0.003076445521,0.3068223165,-0.1367240096,0.03103358138,0.647044392,-0.01056846617,0.01493111084,-0.005101313259
0.001385944345,-0.01340188885,0.7120744447,-0.003854185454,-0.01863807409,-0.0007509436973,0.9998185853,-0.3973139348,0.04518042047,0.003266141425,0.9842778666,-0.6142022468,0.01466978275,-0.3893147621,0.03070960955,-0.01044036442,0.9909441228,-0.6860835528,0.009407132495,0.002392631693,0.02156151754,-0.1615742016,0.3085081936,0.1321230894,-0.03305580151,0.6412321822,0.008532969957,0.01471338033,0.002763997986,0.3066993477,-0.1387358546,0.03084330961,0.6428432683,-0.01032179464,0.01509794036,-0.005063768829
0.00119941186,-0.01454504359,0.7085351433,-0.003539824004,-0.01676425049,-0.0003989694191,0.9998531244,-0.4133733177,0.04687361599,0.002528916446,1.006638879,-0.6272327593,0.01632209843,-0.4053315675,0.03244128269,-0.01050361117,1.014241217,-0.6995214407,0.01054826145,0.002286653337,0.02228442972,-0.1652480092,0.3071993267,0.1342522105,-0.03260130635,0.6370442732,0.00802655692,0.01457576939,0.002516705494,0.3050749831,-0.140900794,0.03041075362,0.638705894,-0.01004855915,0.01508044445,-0.005052807652
0.0007680982217,-0.01563482241,0.704278071,-0.003238339869,-0.01464853631,-0.0002186350772,0.9998874365,-0.4329179254,0.04851548045,0.001290813561,1.034377822,-0.6373391705,0.01867548426,-0.4242579424,0.03398848345,-0.01077855386,1.041240855,-0.7132776923,0.01175288701,0.002191813987,0.02293278456,-0.1675845291,0.3044481659,0.1368415912,-0.03184722942,0.6322597564,0.007323312532,0.01432048289,0.00222816031,0.3020911464,-0.1433646624,0.02984675533,0.6338529247,-0.009662029429,0.01492328677,-0.004940028543
0.0001522240989,-0.01666535329,0.6994766843,-0.002957449146,-0.01303212819,-0.0002079230465,0.999910683,-0.4528703489,0.05024294909,0.0001390352859,1.063800825,-0.6441587665,0.02035750637,-0.4438098516,0.03528311477,-0.01134200826,1.070109771,-0.7237559284,0.01250750896,0.00210298976,0.02354827724,-0.1673427654,0.3001239105,0.1397072346,-0.03081184966,0.62785078,0.006643014609,0.01395407529,0.001992640387,0.2976343527,-0.1459985827,0.0290900826,0.6292750022,-0.009288665762,0.01461790213,-0.00483112961
-0.000663687308,-0.01759911723,0.6939140655,-0.002771458127,-0.0112438885,-0.0003943853764,0.999932867,-0.4754803738,0.05164548794,-0.00139015891,1.097628788,-0.6464358216,0.02219013764,-0.46614238,0.03651694404,-0.01222656475,1.103355914,-0.73575152,0.01317287245,0.002078162423,0.02456494427,-0.1658973188,0.294477709,0.1427352857,-0.02956594048,0.6229921039,0.005743836761,0.01350800937,0.001768395862,0.2921280774,-0.1491678237,0.02818667363,0.6239813476,-0.008804467152,0.01414793337,-0.004638843991
-0.001613186058,-0.01844269556,0.6877874718,-0.002647763053,-0.009991510695,-0.0008084640515,0.9999462513,-0.497909603,0.05278066728,-0.003213274479,1.132665087,-0.6467932716,0.02305633763,-0.4888925965,0.03765173077,-0.01336459018,1.138565524,-0.7449833439,0.01326419531,0.002122631291,0.02588962521,-0.1621245962,0.2874847782,0.1458098184,-0.02811582257,0.6186175417,0.004881605479,0.01299246348,0.001610619897,0.2854378789,-0.1526354307,0.02707887728,0.6190961955,-0.008347820868,0.01355410936,-0.004466535467
-0.002650425835,-0.01917324038,0.6810519647,-0.002743769696,-0.008619238008,-0.001430126214,0.9999580667,-0.5218601089,0.05373844993,-0.00541276039,1.170241369,-0.6479366885,0.02498888225,-0.5134165709,0.03914295332,-0.01477835311,1.177352298,-0.7565521314,0.01318822614,0.002373683323,0.02805462974,-0.1576351836,0.2796077509,0.1487742609,-0.02654034576,0.6141474325,0.003803707251,0.0125010744,0.001438719897,0.278083,-0.1567030554,0.02582895581,0.6139600469,-0.007850634422,0.01285940351,-0.004199004992
-0.003714764505,-0.01984071434,0.6739222843,-0.002831676886,-0.007722099652,-0.002272293783,0.9999635931,-0.5450154707,0.05473867936,-0.007661359798,1.209542292,-0.6517781387,0.02642766303,-0.5376404498,0.04060748857,-0.01618557818,1.217138109,-0.7661366258,0.01261673402,0.00272633954,0.0304085771,-0.1515160277,0.2709207697,0.1517462014,-0.02481716545,0.6103598748,0.002780795077,0.01201476515,0.001318075148,0.2699218318,-0.1608565494,0.02441732251,0.6096955048,-0.00740837825,0.01214532495,-0.003956487272
-0.004752420332,-0.02039375185,0.6663494118,-0.003092972224,-0.0066031886,-0.003152303484,0.9999684467,-0.5691724475,0.05553851921,-0.01029759967,1.251169455,-0.6602324648,0.02839097478,-0.5627412225,0.04246560994,-0.01767008469,1.258964082,-0.7782062467,0.01206943928,0.003348394895,0.03342360605,-0.1453696411,0.2617397067,0.1546141934,-0.0230067589,0.6066644849,0.001568343057,0.01152244335,0.001208137687,0.261386785,-0.1653250718,0.02284595056,0.605579376,-0.006934302749,0.01132191805,-0.003683218069
-0.005731684159,-0.02088210197,0.6585170396,-0.003286026714,-0.005774743258,-0.004061719307,0.9999696779,-0.5922656209,0.05626442,-0.01303111872,1.293509549,-0.6727903371,0.02934939572,-0.5869767719,0.04424611945,-0.01893475202,1.300472279,-0.7888995445,0.01147386386,0.004074223414,0.03643182122,-0.1382954194,0.2521105745,0.1574935222,-0.02108417776,0.6036196415,0.0004323715668,0.01103990733,0.001152477544,0.2523222378,-0.169637299,0.0211495468,0.6024102671,-0.006513411482,0.01053114404,-0.003459524283
-0.006609312371,-0.02122388215,0.6503614065,-0.003692058508,-0.004540702573,-0.004999142899,0.9999703792,-0.6164699914,0.05651076035,-0.01621265898,1.337811015,-0.6904112377,0.02942375108,-0.6113823519,0.04639079865,-0.0201474021,1.342346438,-0.8026823243,0.01161549878,0.005077593617,0.03987445219,-0.13177959,0.2423294656,0.1602604249,-0.01913502831,0.6005916239,-0.0007696547321,0.01063578222,0.001151588298,0.2432312777,-0.1740899456,0.01937718606,0.5993657071,-0.00601950797,0.009776291695,-0.00311787019
-0.007385805096,-0.02148369656,0.6420371673,-0.004005729037,-0.003409670006,-0.005975986879,0.9999683074,-0.6398144695,0.05673906526,-0.01929747687,1.382057864,-0.7112431696,0.02839455094,-0.6345623342,0.04831083633,-0.02102671281,1.382649437,-0.8158527937,0.0119905921,0.006173242783,0.04291552014,-0.1247518183,0.2323766149,0.1631156727,-0.01709069153,0.5980082226,-0.001861285142,0.01025144491,0.00120986197,0.2338207123,-0.1781482214,0.01758603451,0.5971481493,-0.005568436726,0.009112902663,-0.002799505132
-0.00806535998,-0.02160199753,0.6335116786,-0.004335373872,-0.001820976568,-0.00702813414,0.9999642463,-0.664026584,0.05662238956,-0.02156953602,1.428311968,-0.7360190858,0.02610103982,-0.6578627438,0.0498718694,-0.02177760544,1.422079296,-0.830560151,0.01251601133,0.007460435485,0.04572043936,-0.1181652275,0.2222965085,0.1659726145,-0.01493945879,0.5952527354,-0.003116025,0.009689846816,0.001275513038,0.2242199757,-0.1820644963,0.01575900545,0.5949746503,-0.00513386679,0.008282477555,-0.002556475725
-0.008664945189,-0.02161596388,0.6249175467,-0.004525715944,-0.0002760514624,-0.008162904985,0.9999564034,-0.6871139595,0.05635300964,-0.02352334144,1.473232248,-0.7628399625,0.02344888324,-0.6805074908,0.05079342686,-0.02234694049,1.460005412,-0.8437679799,0.01271872355,0.008784314826,0.04787345209,-0.1108739957,0.2119805887,0.168894032,-0.01267548693,0.5927299139,-0.00428438481,0.009047239803,0.001382928081,0.2141540134,-0.1855104464,0.01394434696,0.5933048811,-0.004758865461,0.007461555024,-0.002392060957
-0.00912814321,-0.02150098049,0.6162681851,-0.004564554488,0.001492467132,-0.009278157585,0.9999454251,-0.7100176446,0.05540607639,-0.0246528761,1.520770545,-0.7919775124,0.02085939976,-0.7033201476,0.0506212488,-0.02279305145,1.497428529,-0.8565235849,0.01318281051,0.009818420586,0.04911532342,-0.103650993,0.2015959292,0.1719968065,-0.01031002013,0.5899819882,-0.005475788621,0.008288583995,0.001618460629,0.2040412267,-0.1885462683,0.01219961081,0.5915403736,-0.004331708104,0.006526908232,-0.002182837971
-0.009463179658,-0.02127410993,0.6076885759,-0.004452753609,0.00311482441,-0.01035747452,0.9999315944,-0.7311910663,0.05408914855,-0.0252009941,1.566704058,-0.8217032383,0.01863622818,-0.7255841905,0.04943634911,-0.02324795923,1.534081704,-0.8672577977,0.01328508779,0.01049005155,0.04943736382,-0.09566665944,0.1910079925,0.1751998198,-0.007875534409,0.5874780401,-0.006542042166,0.007495397102,0.001912655606,0.193762255,-0.1910064536,0.01053917171,0.5900645818,-0.003938834636,0.005607003402,-0.002005766394
-0.00955458736,-0.02091354098,0.5992435911,-0.004033300865,0.00462684328,-0.01115490764,0.9999189431,-0.7510981733,0.05167667658,-0.02477816135,1.614199148,-0.8501646319,0.01747823203,-0.7469630304,0.04612617238,-0.02359083939,1.570311611,-0.87689816,0.01386407201,0.01041106986,0.04838707632,-0.08769549986,0.1807241607,0.1786936465,-0.005448950661,0.5847634042,-0.007571857084,0.006726400432,0.00232910098,0.1841447859,-0.1929171863,0.009085688541,0.5883078034,-0.003523799713,0.004640039551,-0.001711472455
-0.009396131513,-0.02040206172,0.5910356012,-0.003483227726,0.005979219615,-0.01193877624,0.9999047863,-0.7680964397,0.04888950505,-0.02306568715,1.65984899,-0.8713561555,0.01678534038,-0.7671898039,0.04172003354,-0.02389356546,1.604973958,-0.8830906944,0.01397595612,0.01005871687,0.04645985221,-0.07965761863,0.1707690205,0.1821790341,-0.003022594351,0.582329816,-0.008474102998,0.005971564234,0.002780621439,0.1751081303,-0.1943385428,0.00784587969,0.5866753534,-0.003149968508,0.003699088508,-0.001411976871
-0.008918327746,-0.01971616819,0.5830284062,-0.002666975525,0.007332205644,-0.01250772253,0.9998913355,-0.7825240745,0.04541170574,-0.0197689839,1.706757633,-0.8838541875,0.01701655043,-0.7863954218,0.03530918419,-0.02398035605,1.638759234,-0.8875641992,0.01406029764,0.009311644678,0.04341091931,-0.07256915416,0.1616952088,0.1857572966,-0.0006292365963,0.579852471,-0.009339810572,0.00521667139,0.003352863312,0.1673542283,-0.1953555987,0.006893398733,0.5848066978,-0.002814537417,0.00262500639,-0.001030175006
-0.008206329605,-0.01884202095,0.575370277,-0.002020316408,0.008861628096,-0.01310033309,0.9998728775,-0.7941195135,0.0422887035,-0.01561730926,1.751691631,-0.8907634756,0.01746339634,-0.8047340355,0.02945457959,-0.02399684591,1.67151709,-0.8922355463,0.01370752416,0.008569591588,0.04029523102,-0.06647748392,0.1532501715,0.1890161371,0.001786789852,0.5779569101,-0.01009546446,0.004483211582,0.003955844708,0.1604298472,-0.1960374395,0.006131535854,0.5833085208,-0.002531786122,0.001565133072,-0.0006591865821
-0.007273859555,-0.01780820102,0.5679217613,-0.001399034683,0.01064636639,-0.01357503716,0.9998501968,-0.8041249075,0.03954115531,-0.01127475539,1.795767684,-0.8916244039,0.01886497811,-0.8225766602,0.02434559358,-0.0234475367,1.703931603,-0.8986680045,0.01330718333,0.007745355043,0.03681945877,-0.06210607442,0.1458519561,0.1922381522,0.004202240415,0.5762931724,-0.01075012402,0.003708207609,0.004635892716,0.1547416692,-0.1963348149,0.005614070508,0.5819801368,-0.002267066194,0.0004430134117,-0.0002166185125
-0.006241815235,-0.01655223047,0.5608098487,-0.001118452147,0.01272102355,-0.01412413019,0.9998187004,-0.8123567767,0.03766791383,-0.007343703574,1.836694707,-0.890470272,0.02035684687,-0.8398430221,0.02060624144,-0.02264423269,1.735195777,-0.9072389225,0.01255229923,0.007130781389,0.03389016287,-0.05899541128,0.1391053963,0.1949235057,0.006632048022,0.5752950161,-0.01129974203,0.002976030688,0.005327097414,0.1497168063,-0.196493867,0.005226088811,0.5811306362,-0.002038603842,-0.000590133283,0.0002079107402
-0.005172749364,-0.01508501353,0.5538779295,-0.00107606295,0.01501536639,-0.01476689457,0.9997776351,-0.8198584661,0.03628144217,-0.004290677265,1.877078153,-0.8881261045,0.02204956973,-0.8572842608,0.01761826105,-0.0215991878,1.766037454,-0.9174007299,0.0118141117,0.006440696631,0.03127829776,-0.05737880387,0.1330706257,0.1972901046,0.009021745712,0.5746176365,-0.01172801911,0.002261301692,0.006110200637,0.1454985898,-0.1965354044,0.004960987491,0.5805083856,-0.001798084563,-0.001632508124,0.0006893147038
-0.004190206288,-0.01336669565,0.5472329761,-0.001380511034,0.01725464765,-0.01554236932,0.9997293664,-0.8272653834,0.03545026669,-0.002096856597,1.914760262,-0.8858644032,0.02328515147,-0.8744060154,0.01508549474,-0.0205582487,1.796082515,-0.9284916135,0.01154267321,0.005724953929,0.02932899827,-0.05609255774,0.1272434204,0.199087518,0.01134342532,0.5744842548,-0.01207270454,0.00163693469,0.006886832626,0.1415167712,-0.1965446828,0.004695484758,0.5803071851,-0.001581203803,-0.00256292956,0.001129591863
-0.00324348849,-0.01145741861,0.5407555732,-0.001915803833,0.01905969336,-0.01625176541,0.9996844192,-0.835404791,0.03466601595,-0.0003924042447,1.950482034,-0.8842214107,0.02435136937,-0.8918596617,0.01273217692,-0.01932609367,1.827306761,-0.9385479832,0.01192522581,0.004773990927,0.02756489753,-0.05499862346,0.1218724088,0.2006729297,0.01345577429,0.5745453688,-0.01224171684,0.001131915118,0.007712919243,0.1381099232,-0.1964263219,0.004473671551,0.5802909535,-0.001355216626,-0.003424558197,0.001610346123
-0.002358085408,-0.009330198902,0.5345194616,-0.002816453172,0.02013755596,-0.01684402539,0.9996513518,-0.8438126417,0.03400551691,0.0009918506881,1.983284101,-0.8833159555,0.02508260323,-0.9081560232,0.01039031828,-0.01816039939,1.858675858,-0.9470219254,0.01316098606,0.003547547207,0.02634394146,-0.05329728786,0.1167440382,0.201826619,0.01533637882,0.5749865277,-0.01233595599,0.0007488620433,0.008484365967,0.1351213157,-0.196277865,0.004236195326,0.5805745316,-0.0011509112,-0.004157807788,0.002044848668
-0.001440924009,-0.007068249361,0.5285206549,-0.003897672277,0.0204867252,-0.01717283318,0.9996350314,-0.8517082027,0.03304525607,0.002280993706,2.013353189,-0.8831006932,0.0260777682,-0.9235326918,0.007804428449,-0.0168197431,1.89056058,-0.9524499549,0.01502383132,0.002003581115,0.02516923033,-0.05155234842,0.1123116273,0.202874212,0.01682527308,0.575528061,-0.01226823773,0.0005388048394,0.009208988561,0.1329595764,-0.1959899164,0.004076420799,0.5809749022,-0.0009709288479,-0.004782951099,0.002522958219
-0.0004590051063,-0.004680845886,0.5228057772,-0.005111870726,0.02009943678,-0.01722039733,0.9996366036,-0.8586701841,0.03183681734,0.003679533664,2.041873086,-0.8834668029,0.02713820131,-0.9363442811,0.0047967492,-0.01506986174,1.92076368,-0.95489762,0.01769597833,0.0001668256777,0.02389899523,-0.04984913312,0.1086455383,0.2037720279,0.01799055844,0.5763007157,-0.01215439034,0.0004413965145,0.009828684146,0.1317246261,-0.1954725697,0.003984106904,0.5816608598,-0.0008204207027,-0.005282731312,0.002963662951
0.0005943933985,-0.002272086855,0.5175702333,-0.006231133137,0.01920223665,-0.01695863533,0.9996523655,-0.8637404223,0.03018469039,0.005335641869,2.067352922,-0.8844091305,0.02828291706,-0.9469888403,0.001159727828,-0.01279508126,1.948731398,-0.9536817371,0.02063544751,-0.001922316404,0.022123015,-0.04851085264,0.10595189,0.2047674233,0.01877459505,0.5771160444,-0.01187495564,0.0004547873968,0.01037710023,0.1315098619,-0.1946383109,0.003988459351,0.5824954726,-0.0006499598307,-0.005682652798,0.003444114536
0.001744452143,0.0001544053175,0.5128209636,-0.007292634375,0.01793581968,-0.01640840148,0.9996778922,-0.86734621,0.02835453092,0.007400599996,2.090758471,-0.8857313895,0.02945159869,-0.9547272056,-0.002914002812,-0.0099527865,1.973244672,-0.9498740245,0.02388498384,-0.004166270061,0.01991499524,-0.04793364282,0.1043138378,0.2057805832,0.01929629703,0.578015507,-0.01157114554,0.0005314137456,0.01082355312,0.1324246141,-0.1935061873,0.004111341535,0.583495471,-0.0004927870713,-0.005973070945,0.003893335873
0.002926836633,0.002536924197,0.5086385654,-0.008226908356,0.01658610422,-0.0156788439,0.9997056532,-0.8692220972,0.02620339872,0.009762630719,2.111082691,-0.8878016377,0.03069191526,-0.9610623004,-0.007279921075,-0.006993374412,1.995512505,-0.944208044,0.02699337631,-0.006482105536,0.017260108,-0.04806560904,0.103599298,0.2068911839,0.01955927349,0.5788632833,-0.01112716125,0.0006351522916,0.01122723713,0.134196709,-0.1921672325,0.004333868214,0.5844936153,-0.0003017321652,-0.006197426589,0.00438635833
0.004143011724,0.004889399854,0.5050284191,-0.009181561162,0.01520053079,-0.01479650299,0.9997328175,-0.8699439369,0.02409875907,0.01228290442,2.128945686,-0.8902434678,0.03200410492,-0.9656852518,-0.01161145058,-0.004067240706,2.015362511,-0.9378014789,0.03006629157,-0.00877949106,0.01451995683,-0.04900513392,0.1037642054,0.2079388297,0.01967960637,0.5797446072,-0.01068488516,0.0007538550301,0.01156157197,0.1367945435,-0.1907381629,0.004644109451,0.5855220463,-0.0001212793646,-0.006352332923,0.004851200611
0.005305799621,0.007151851527,0.5019052631,-0.01008039389,0.01389615632,-0.01387079298,0.9997564121,-0.869695041,0.02187835936,0.01470722594,2.144106446,-0.89310339,0.03303567646,-0.9700597678,-0.0158704272,-0.001432202339,2.034100167,-0.9308201759,0.03258785995,-0.01101181153,0.01164834043,-0.05012202446,0.1045691998,0.2089955774,0.01966247022,0.5805594761,-0.01013721084,0.0008322142465,0.01190693369,0.139817924,-0.1892918881,0.004995501774,0.586451401,0.0001372811459,-0.006499540097,0.005380151088
0.006426431516,0.009337432023,0.4992692907,-0.01103885166,0.01268608295,-0.01290077824,0.9997753633,-0.8689091323,0.01981052913,0.01696402952,2.157025579,-0.8960253032,0.03400840135,-0.9734645571,-0.01985194154,0.0009254790793,2.05089002,-0.9238682739,0.03473218605,-0.01314551682,0.008929092831,-0.0514971707,0.1059843289,0.2099434521,0.01957789012,0.581389961,-0.009614202404,0.0009053925976,0.01221063942,0.1432643881,-0.187918871,0.005376045555,0.5873361289,0.0003910668616,-0.006616288065,0.005882410701
0.007491688883,0.01137833959,0.4969851934,-0.01193027363,0.01168270347,-0.01188890937,0.9997898964,-0.8677283225,0.01776846798,0.0190368131,2.167636531,-0.899136599,0.03488388231,-0.9769359655,-0.02370285301,0.003053222758,2.066706096,-0.9168913919,0.03651776677,-0.01507958297,0.006251976712,-0.05307459951,0.1077842506,0.2108814628,0.0194035866,0.5821508435,-0.009015996374,0.00103022758,0.01256358111,0.1468953128,-0.1866171017,0.00579885096,0.5880783325,0.0006706534504,-0.006732595898,0.006460671444
0.008506712873,0.01328303331,0.4950530203,-0.01283515181,0.01085420502,-0.01083850029,0.999799966,-0.8664886041,0.01594553999,0.02088800863,2.176490793,-0.90217139,0.035798491,-0.9797111133,-0.02725140912,0.004920732845,2.080700259,-0.9102995656,0.03796867811,-0.01680952593,0.003807148622,-0.05480893863,0.1099317896,0.2117343501,0.01921565274,0.5829133427,-0.008458414324,0.001176188085,0.01289124707,0.1506491406,-0.1854275743,0.006244249111,0.5887615925,0.0009261441788,-0.006829539822,0.007012517815
0.009445970971,0.01498404335,0.4933487367,-0.01361267678,0.01022907828,-0.009754571317,0.9998074361,-0.8651992884,0.01430008605,0.02258377851,2.183687197,-0.905347342,0.03642396446,-0.982498865,-0.03053098397,0.00660386687,2.093820605,-0.9041890685,0.03892654842,-0.0181896238,0.001373170031,-0.05637668789,0.1122608689,0.2125987425,0.01899586901,0.5836052921,-0.007867188179,0.001319510684,0.01320119046,0.1543441342,-0.1843615237,0.006712800746,0.5893084123,0.001172526471,-0.006923099866,0.007591104581
0.01031210587,0.01649018836,0.4918781694,-0.0143266613,0.009780568388,-0.008625369454,0.9998123275,-0.8642008276,0.01292092075,0.02412641069,2.189780025,-0.9084440755,0.03700780634,-0.9847887608,-0.03344300962,0.008087962909,2.105491921,-0.8988161036,0.03953579711,-0.01927517784,-0.0008905609615,-0.0577404289,0.1147462752,0.2134039608,0.01880892414,0.5843080289,-0.007329030589,0.001458890032,0.01347289981,0.1578970677,-0.1834396169,0.007182415542,0.5898235742,0.001386935853,-0.006997996842,0.008126869241
0.01110844353,0.01779709405,0.4905061385,-0.01493777272,0.009478721493,-0.007533543295,0.9998151142,-0.8634686242,0.01177242305,0.02552836594,2.195297736,-0.9116111017,0.03745019056,-0.9871731235,-0.03602588485,0.009437204064,2.116751231,-0.8940907116,0.03980275074,-0.0201052025,-0.003066658708,-0.05884965546,0.1172269024,0.2142061452,0.01864969264,0.584989918,-0.006765387824,0.001534370073,0.01372860586,0.161205422,-0.1826571622,0.00763323044,0.5902621063,0.001615868399,-0.007125863582,0.008664565838
0.01183456021,0.01891017806,0.4892483052,-0.01547435743,0.009285552683,-0.006472645918,0.9998161969,-0.863147895,0.01087657018,0.02677476106,2.20048121,-0.9146404707,0.03789490912,-0.9892818944,-0.03824524149,0.0106035461,2.127116882,-0.8901554563,0.03989189116,-0.02071867316,-0.005084413153,-0.05963231924,0.1196696647,0.2149582847,0.01855340108,0.5857213934,-0.00625473291,0.001594223932,0.01395601359,0.1641930387,-0.1820041134,0.008045725013,0.5907181248,0.001821918413,-0.007250430632,0.009150613933
0.01249594289,0.01985854223,0.4880023375,-0.01591914934,0.009176233103,-0.005543159499,0.9998158084,-0.8631472475,0.01007403231,0.02784210535,2.205659784,-0.9176255808,0.03818463529,-0.9916409799,-0.04013315135,0.01127996629,2.1369306,-0.8869658079,0.03962148687,-0.02122873124,-0.0069068841,-0.06009209646,0.1219716652,0.2156319095,0.01849683482,0.5865137206,-0.005754141462,0.001572448506,0.01411119891,0.1668746388,-0.1815401714,0.008390792749,0.5911952315,0.002003010986,-0.007424095158,0.009572771873
0.01309089928,0.02064422371,0.4867863839,-0.01626049959,0.00910004895,-0.004754904528,0.999815071,-0.8634442838,0.009389336787,0.02877778012,2.210843643,-0.9203895578,0.03843552891,-0.9940195029,-0.04167065152,0.01165464204,2.14596475,-0.8845392177,0.03921716281,-0.02162953215,-0.008563906688,-0.06012713092,0.1241049815,0.2162122609,0.01848291274,0.5873864066,-0.005310962382,0.001547957104,0.01422932022,0.16919738,-0.1812279338,0.008652401931,0.5917455995,0.002154671441,-0.007579801739,0.009927175302
0.01363050418,0.02127614824,0.485550724,-0.01651029047,0.009005909234,-0.004106364109,0.9998147037,-0.8638035392,0.008798575732,0.02955618448,2.216087156,-0.9230399216,0.03861443765,-0.9963240767,-0.042900056,0.01159343219,2.154519598,-0.8827798495,0.03861677901,-0.02189873773,-0.01004864121,-0.05973902961,0.1259940822,0.2167231217,0.01850382348,0.5883658979,-0.00485852744,0.001409996943,0.01430716322,0.1711632315,-0.1810598363,0.008783044058,0.5923961187,0.002319859474,-0.007818046197,0.0102350963
0.01411935891,0.02175494098,0.4843110228,-0.01664408042,0.008897229415,-0.003603003947,0.9998153991,-0.8642833821,0.008298336406,0.03022411406,2.221351005,-0.9254411541,0.03877296101,-0.9984812282,-0.04383532051,0.01132126738,2.162399578,-0.8816071064,0.03796615833,-0.02204798945,-0.01141748375,-0.05897129238,0.1276755494,0.217161888,0.0185548837,0.5894105444,-0.004452538146,0.001273163778,0.01436637051,0.1727773545,-0.181006228,0.008813686797,0.593135011,0.002469759073,-0.008035708482,0.01048897032
0.01456873901,0.02207990274,0.4830841453,-0.01669219852,0.008758258272,-0.003224742531,0.9998171155,-0.8646252127,0.007899619879,0.03069792682,2.226450502,-0.9277236892,0.03886412481,-1.000180294,-0.04448754366,0.01064591506,2.16941606,-0.8810975811,0.03715558293,-0.02201928978,-0.01263952462,-0.0578735917,0.1291498242,0.2175340725,0.0186137289,0.5905609635,-0.004046063676,0.001023955997,0.01436201661,0.1740920027,-0.1810801342,0.00869511684,0.5940364061,0.002623840402,-0.008302898241,0.01067598078
0.01498571194,0.02224931874,0.4818770224,-0.01661079361,0.008626282234,-0.002973634537,0.999820397,-0.8649922352,0.007567511797,0.0310601864,2.231382676,-0.9297822261,0.03892349744,-1.001529906,-0.04490553335,0.009855236576,2.175557581,-0.8810612414,0.03632291711,-0.02184519055,-0.01381499925,-0.05657024016,0.1304899342,0.217859591,0.01867929646,0.5917223095,-0.003684021869,0.0007864815788,0.01433785372,0.1751432091,-0.1812514703,0.008485220319,0.5950225219,0.002761296257,-0.008525126296,0.01081272466
0.01538190439,0.02225844889,0.4807732201,-0.01640471749,0.008472789159,-0.002798824978,0.9998256166,-0.8650112158,0.007328179306,0.03130801027,2.235729766,-0.9317566067,0.03890392583,-1.0018273,-0.0451075293,0.008912508177,2.180179169,-0.8815339181,0.03526643463,-0.0214162151,-0.01497343017,-0.05510187613,0.1317153386,0.2181467032,0.01874074909,0.5929758768,-0.003325276756,0.0004240341453,0.01422956822,0.1759470242,-0.1815025031,0.008123883093,0.596218932,0.002897002587,-0.008781005616,0.01086327578
0.01576447486,0.02210527529,0.4797667438,-0.0160427652,0.008368117621,-0.002692978652,0.9998326621,-0.8649848617,0.007138020184,0.0314962357,2.239556333,-0.9335413557,0.03882683329,-1.001558221,-0.04515556558,0.008053669154,2.183748075,-0.8823711901,0.03423408745,-0.02079875797,-0.01617833357,-0.05365782774,0.1329203913,0.2184198224,0.018800363,0.5941790122,-0.0030071839,7.641604193e-05,0.0141046386,0.1765623339,-0.1818285094,0.007692726813,0.5974608981,0.003016945029,-0.008979978683,0.01087081874
0.01612564006,0.0217937037,0.4790066772,-0.0155447573,0.008216115132,-0.002632227042,0.9998419512,-0.8642952782,0.00705409293,0.03160408255,2.242219654,-0.9352709691,0.03865519019,-0.9999494968,-0.04504182934,0.007281329302,2.185376396,-0.8837616994,0.03296893884,-0.01990141455,-0.01739819886,-0.05202196162,0.1340510282,0.2186360286,0.01885632642,0.5954984267,-0.0026891813,-0.000389383893,0.01388369545,0.1769145399,-0.1822052553,0.007118769937,0.598944933,0.003128626728,-0.009190133895,0.01078355507
0.01647407149,0.02132417795,0.4784729682,-0.01492117228,0.008123528103,-0.002588082626,0.9998523235,-0.8634021183,0.007035310823,0.03159277769,2.24383824,-0.936819078,0.03839801726,-0.9978997701,-0.04483541641,0.006737920064,2.186045376,-0.8855687708,0.03178358106,-0.01883027011,-0.01859064716,-0.05046461797,0.1352198027,0.2188071345,0.01889500215,0.5967422449,-0.002406472947,-0.000824973971,0.01365270446,0.1771074563,-0.1826735555,0.006494306241,0.6004126873,0.003226203429,-0.009335621062,0.01066490051
0.01677731421,0.02072103611,0.4783656125,-0.01422702625,0.007908604022,-0.002545325045,0.9998642743,-0.8615525606,0.007168922406,0.03141826111,2.243678229,-0.9382188331,0.03803734729,-0.9944713988,-0.04451830926,0.006290128164,2.18479957,-0.8879427808,0.03046688911,-0.01753924559,-0.01963089402,-0.04846266662,0.1362574819,0.2188302055,0.01891480637,0.5981281514,-0.002128658501,-0.001366039491,0.01332317504,0.1769615688,-0.1831941807,0.005730867077,0.6021166754,0.003318913978,-0.009481351413,0.01044576626
0.01705398636,0.01998237612,0.4786456417,-0.01347884082,0.007749901557,-0.00247024921,0.9998760712,-0.8593366792,0.007395521796,0.03099953362,2.24182911,-0.9393427565,0.0375726386,-0.9907604432,-0.04415927595,0.005886137179,2.182558178,-0.8906275507,0.02929379909,-0.01613750778,-0.02046598103,-0.04648950568,0.1373388111,0.2187453244,0.01887564565,0.5993879166,-0.001883473567,-0.001861498993,0.01298916826,0.1766736782,-0.1838256313,0.004935859128,0.6037130901,0.003401656175,-0.009566538746,0.01020764913
0.01725322036,0.01914778158,0.4795780675,-0.0127215565,0.007449205272,-0.002422718975,0.9998883947,-0.8559746183,0.007740969722,0.0302808868,2.237382489,-0.9400524039,0.03693476857,-0.9856033979,-0.04369720242,0.005331031966,2.177917915,-0.8936540548,0.02801507952,-0.01458029853,-0.02101456099,-0.04388520053,0.1382179875,0.2183980156,0.01882572029,0.6008198925,-0.001682828008,-0.002438732398,0.01259629286,0.1760288154,-0.1844914971,0.004020386411,0.6055518362,0.003456721844,-0.009647137371,0.009858399759
0.01740780015,0.01821018218,0.4810906803,-0.01194906237,0.007273031638,-0.002364708745,0.9998993605,-0.8521458786,0.008122177781,0.02922443565,2.230349241,-0.940272571,0.03615272681,-0.9801287347,-0.04321229919,0.00459242656,2.171486528,-0.8966363551,0.02682068772,-0.01297876732,-0.02128224902,-0.04137715899,0.1391609596,0.2178985176,0.01867964189,0.6020261857,-0.001519858394,-0.002956769334,0.01221314286,0.1753410788,-0.1852625698,0.003109384754,0.6071624458,0.003500166946,-0.009675849014,0.009502861243
0.01745783767,0.01721505826,0.4834464104,-0.01119896319,0.006928499667,-0.00236858497,0.9999104805,-0.8468568566,0.008566680532,0.02783976714,2.219802823,-0.9398302207,0.03517933358,-0.9728692578,-0.04263686747,0.003541903953,2.161629372,-0.8994633199,0.02549244021,-0.0113418077,-0.02122333622,-0.03807751562,0.1398205739,0.2170889715,0.01852802439,0.6033680641,-0.001423291159,-0.003507679087,0.01180276027,0.1743108526,-0.1860170082,0.002141379889,0.6089470156,0.003490452646,-0.009700026763,0.009063387613
0.01745334237,0.01614921471,0.4865305558,-0.01043559544,0.006799450854,-0.002390686334,0.999919572,-0.8409835546,0.008960584514,0.0261516789,2.205801852,-0.938745122,0.03406721673,-0.965090209,-0.0420682671,0.00223535444,2.148811411,-0.9017828059,0.02415684044,-0.009773386631,-0.0209189429,-0.0350446696,0.1405618365,0.2161573839,0.01823988442,0.6043245039,-0.001361016176,-0.003991903067,0.01140635078,0.1733881127,-0.1868379138,0.001244176317,0.6103178098,0.003469575673,-0.009694914941,0.008642574696
0.01733305888,0.01505677395,0.4905515817,-0.009681000599,0.006520634433,-0.002481974542,0.9999287971,-0.833512469,0.009262338948,0.02420168776,2.1877115,-0.9368299213,0.03275263619,-0.9551190746,-0.04152719169,0.0006019873492,2.131374342,-0.903571923,0.02262251106,-0.008324589084,-0.02037309192,-0.03122680409,0.1409657914,0.2149353654,0.01796475126,0.6053474243,-0.001401195325,-0.004462097495,0.01101402049,0.1722328858,-0.1876074002,0.0003641030804,0.6117316322,0.003363029867,-0.009697570881,0.008169277195
0.01715854279,0.0139193151,0.4953559836,-0.008880132636,0.006566716041,-0.002612140232,0.999935597,-0.825482459,0.00938939934,0.02208981928,2.165743912,-0.9342228642,0.03132009793,-0.9445096183,-0.04106673132,-0.001202777021,2.110081495,-0.9046332709,0.02103781719,-0.007056649034,-0.0197205069,-0.02793027725,0.1414662113,0.2136758344,0.01753891498,0.6058304732,-0.00147301258,-0.004872148884,0.01063845028,0.1713725256,-0.1884168903,-0.0003837198079,0.612549115,0.003246686085,-0.009704039234,0.00773633901
0.01687698288,0.01278134662,0.5010584944,-0.008055986863,0.006469998307,-0.002828592065,0.999942618,-0.8157960832,0.009310058009,0.01990752574,2.139740873,-0.9307925389,0.02974626731,-0.9316589658,-0.04073711142,-0.003223710184,2.083923188,-0.9050227901,0.01927471458,-0.0060067188,-0.01896517743,-0.02396550588,0.141602322,0.2122002406,0.01716330379,0.6063419141,-0.001667573003,-0.005219933431,0.01030291065,0.1703942713,-0.1891720995,-0.001050464549,0.6132981242,0.003033463428,-0.009737308772,0.007293183492
0.01655472667,0.01162568451,0.5074827087,-0.007179263432,0.006762448521,-0.003112221953,0.9999465193,-0.8056103839,0.009012525533,0.01771464469,2.11002588,-0.9267492155,0.0281144402,-0.9183555792,-0.04051333177,-0.005318102764,2.054086164,-0.9047247812,0.01748985522,-0.005201544256,-0.01818135386,-0.02078511966,0.1418423919,0.2107680978,0.01665446085,0.6062526448,-0.001883793567,-0.005516781405,0.009989448151,0.1698471097,-0.1899900046,-0.001549448571,0.6133509303,0.002818712607,-0.00980446892,0.006908745886
0.01614182994,0.01049482499,0.5146813503,-0.006308100684,0.00687239832,-0.003490686238,0.9999503953,-0.7937812443,0.008498405035,0.01550923299,2.076770528,-0.9218942916,0.02641402595,-0.9031228867,-0.0404799743,-0.007626904419,2.020231459,-0.9036929172,0.01560681486,-0.00463460427,-0.01728626754,-0.01700455995,0.1417292749,0.2091369669,0.01623072406,0.6062708895,-0.002222393832,-0.005702363633,0.009733096677,0.1692576086,-0.1908069942,-0.001933561908,0.6133474676,0.002499790447,-0.009893055792,0.006550720865
0.01571105533,0.009372912677,0.5224627065,-0.005428561546,0.00738055257,-0.003956860622,0.9999501995,-0.781515902,0.007810186533,0.01331631335,2.040302479,-0.9164849632,0.02473063177,-0.8877113657,-0.04054002083,-0.01003374282,1.983395856,-0.9019800651,0.0137250528,-0.004308624616,-0.01632029678,-0.01421322544,0.1417876747,0.2075757388,0.01568874432,0.6057281601,-0.002567658283,-0.005837434417,0.009496944306,0.1691989813,-0.1917466932,-0.002142310262,0.6126704531,0.002187768009,-0.01001990453,0.006261357787
0.01521941182,0.008293257298,0.5308725638,-0.004608140304,0.007672324919,-0.004525904564,0.9999497071,-0.7674511143,0.006973008483,0.01109894225,2.000676007,-0.9104237287,0.02312279555,-0.8704855925,-0.0407110432,-0.01268913,1.943173794,-0.8994781555,0.01181426682,-0.00417323071,-0.0151885092,-0.01096552527,0.1416296413,0.2058353078,0.01523087915,0.6053576092,-0.003012182229,-0.005853977061,0.009314007698,0.1691894471,-0.1927158394,-0.00223564452,0.6120160639,0.001789902515,-0.01015905373,0.006012615064
0.01474651562,0.007238825683,0.5396985598,-0.003821337606,0.008372921387,-0.005187260484,0.9999441904,-0.7529723398,0.006026650338,0.008872184961,1.95832434,-0.9039711882,0.02163359988,-0.8531601772,-0.04090480977,-0.01546599757,1.900378406,-0.8962693535,0.00993627466,-0.004236268411,-0.0139629129,-0.008980632054,0.1418292822,0.2042109036,0.01464855235,0.6044381249,-0.003445407841,-0.00583611586,0.00914023475,0.1698390226,-0.1938352111,-0.002163173378,0.6107374149,0.00141255291,-0.01033204934,0.005830569827
0.01426269667,0.006235185133,0.5489545291,-0.003093312674,0.008873250696,-0.005900841677,0.9999384366,-0.7365577943,0.004953632007,0.006670122054,1.913188505,-0.8973583087,0.02028457539,-0.8337211307,-0.04108624772,-0.0183504836,1.85429857,-0.8926447508,0.008007157042,-0.004439024428,-0.01267075413,-0.006886790485,0.142041937,0.202511218,0.01414490703,0.6036957272,-0.003938026029,-0.005720679945,0.008996719381,0.1706695958,-0.1949715219,-0.001996384964,0.6095575423,0.0009748945378,-0.01050001278,0.005686869151
0.01383211598,0.005260557706,0.5584186225,-0.002362436887,0.009774788431,-0.006643993465,0.9999273622,-0.7202356275,0.003760250001,0.004553757112,1.866304261,-0.8902405305,0.0190914801,-0.8141158653,-0.04123500808,-0.02115498085,1.806011017,-0.888657463,0.006118011318,-0.004802559891,-0.01147666764,-0.00629430337,0.1427691352,0.2010596412,0.01353673929,0.602407922,-0.004402188992,-0.005597287796,0.008850302245,0.1722288436,-0.1962169305,-0.001694925035,0.6078251375,0.0005697982906,-0.01069390272,0.005597389896
0.01338080672,0.004329446659,0.5681138242,-0.001548881815,0.0103733004,-0.007349822436,0.9999179845,-0.7029473866,0.002281997011,0.002747722246,1.81813824,-0.8820499598,0.01808633982,-0.7926316136,-0.0412881362,-0.02350704829,1.755278001,-0.8842715,0.004180714254,-0.005270436102,-0.01070439789,-0.005417402377,0.1434284145,0.1997757623,0.01305502743,0.601326234,-0.004866929354,-0.005442713392,0.008708262827,0.1737875471,-0.1972935885,-0.001382380658,0.6063604034,0.0001565137566,-0.01086610703,0.005501217758
0.01293138092,0.003431792639,0.5778603039,-0.0006518748557,0.01116179256,-0.008025368415,0.999905287,-0.6868695818,0.0006742765602,0.001282830143,1.770114401,-0.8715974233,0.01723834252,-0.7717437714,-0.04120142717,-0.02528820014,1.70392113,-0.8786444783,0.002303060774,-0.005810945711,-0.01034660855,-0.005475314859,0.1443339129,0.1988576025,0.01256689124,0.5998714463,-0.005286786156,-0.005307135399,0.008566306018,0.1757097349,-0.1983439781,-0.001004589108,0.6045673857,-0.0002100453443,-0.01103879291,0.00543069456
0.01241564588,0.002557718621,0.5876781267,0.0003834075203,0.01140170691,-0.008498690718,0.999898808,-0.6700088984,-0.001172130388,0.0003889190532,1.721644086,-0.8588038482,0.01663640932,-0.7492355081,-0.04079669184,-0.02609986322,1.651579976,-0.8719713391,0.0003584067071,-0.006354453687,-0.01062304203,-0.004545984631,0.1448613658,0.1981897172,0.01228456457,0.5988414352,-0.005671399963,-0.005148147785,0.008419065426,0.1772261871,-0.1990810194,-0.0006998838078,0.6033006833,-0.0005427586314,-0.01115136256,0.005310992313
0.01186531591,0.001712256977,0.5974046359,0.001474351734,0.011638639,-0.008733425727,0.9998930421,-0.6545092969,-0.003040853994,-3.513866322e-05,1.674141698,-0.842596816,0.01618426373,-0.72760469,-0.04016932256,-0.02609728888,1.600026377,-0.8632016085,-0.001505164708,-0.006942851006,-0.01129201025,-0.004014762794,0.145403017,0.1978549073,0.01204036186,0.5976453249,-0.006007506572,-0.004985375145,0.008275930241,0.1788169274,-0.1997463435,-0.000366858471,0.6018683414,-0.0008232960795,-0.01122746261,0.005201196798
0.01123818541,0.0009169671708,0.607141314,0.002638324528,0.01128939159,-0.008684167435,0.9998950816,-0.6378008335,-0.005095916059,1.393005766e-05,1.62609461,-0.823951461,0.01589397404,-0.7045162659,-0.03919281592,-0.02496777733,1.548045114,-0.8526117883,-0.0033186506,-0.007597509688,-0.01245040851,-0.002328857743,0.1454904851,0.197677705,0.01192471881,0.5970412914,-0.006223541118,-0.004799543912,0.008102984412,0.1798167604,-0.2000600941,-0.0001604427193,0.6010875024,-0.001014789151,-0.0111583373,0.004995612098
0.0105673722,0.0002058633705,0.6167402334,0.003716327617,0.01085771603,-0.008388971422,0.9998989569,-0.6219611329,-0.006993066985,0.0003864971922,1.57915721,-0.8022618471,0.01569395758,-0.6831056188,-0.03848561926,-0.02376951686,1.498361016,-0.8383556745,-0.004995742271,-0.008228447602,-0.01360912279,-0.0007799784992,0.1455458612,0.1975798438,0.0117877354,0.5964238368,-0.006381731903,-0.004588666454,0.007929961525,0.1807217669,-0.200411478,4.725708031e-05,0.6001997306,-0.0011512496,-0.01101656104,0.004792054712
0.009873091759,-0.0003875868656,0.626427856,0.004631545792,0.009821957565,-0.007928832757,0.9999096017,-0.6039219111,-0.00884046631,0.0008167486461,1.530507414,-0.7793835658,0.01562268042,-0.6609146359,-0.03748846332,-0.0224244876,1.44965063,-0.8205960954,-0.006376749732,-0.008911934297,-0.01460254516,0.002088413954,0.145263974,0.1973003852,0.01167491876,0.5965599029,-0.006398267049,-0.004334544941,0.007732593668,0.1809461332,-0.2005483173,0.0001015597306,0.6000566992,-0.001198392335,-0.01069202451,0.00448774722
0.009198689215,-0.0008439990665,0.6360360962,0.005275379166,0.008903457225,-0.0073500463,0.9999194346,-0.5865139841,-0.01033884298,0.001202915025,1.482429901,-0.7548582012,0.01566033744,-0.6398615555,-0.03640394157,-0.02151749168,1.402159532,-0.7987251087,-0.007543913942,-0.009545493469,-0.0151030699,0.004450580273,0.1452124644,0.1968767743,0.01142510101,0.5966636505,-0.00637290015,-0.00403055516,0.00752831429,0.1811415893,-0.2007969577,0.0001637697572,0.5997914724,-0.001206248951,-0.0102914052,0.00419424637
0.008572223098,-0.001175051909,0.6458107657,0.005622308187,0.007617043486,-0.006721273762,0.9999325951,-0.5665358797,-0.011566351,0.001195919837,1.431207875,-0.7298923232,0.0158662219,-0.6176999427,-0.03454264102,-0.02074106158,1.354437141,-0.7730877166,-0.008338196929,-0.01011194622,-0.01507112053,0.007647739117,0.145276524,0.1961311291,0.01104216002,0.597359891,-0.006211776069,-0.003659549822,0.007297918733,0.1809034257,-0.2008350251,0.0001054693927,0.6001627337,-0.001119615576,-0.009686707132,0.003815043267
0.008025796898,-0.001383419991,0.6555434764,0.005669666496,0.006744077313,-0.005959330657,0.9999434277,-0.5474446289,-0.01250404093,0.000850941994,1.379750753,-0.7046782936,0.01612778083,-0.5960861871,-0.03198363213,-0.02012209585,1.306280926,-0.7438051663,-0.008897295392,-0.01071120646,-0.01448438234,0.0097584446,0.1459493536,0.1952617079,0.01040291262,0.5977665595,-0.006030208096,-0.003246426732,0.007043735224,0.1809271323,-0.2009031175,9.184043394e-05,0.6002131342,-0.001004924473,-0.009039427564,0.003457292037
0.007573983523,-0.00148762872,0.6654044597,0.005463025062,0.005793690715,-0.005095190021,0.9999553128,-0.526119772,-0.01327833063,-4.086603011e-05,1.324373879,-0.6815024078,0.01630230414,-0.5730566564,-0.02854638506,-0.01932617537,1.25655244,-0.7115737283,-0.009177964961,-0.01128667731,-0.01343400516,0.01203951347,0.1471291229,0.1941438898,0.009517190146,0.5984513728,-0.00573499214,-0.002766557534,0.00674168932,0.1809390023,-0.2007218543,1.651347573e-05,0.6006377427,-0.0008155320004,-0.008199963461,0.003031718802
0.007223475903,-0.001495468893,0.6751522473,0.005054396802,0.005501239564,-0.004005083427,0.9999640737,-0.5063088264,-0.01394978083,-0.001281752539,1.268345924,-0.658884228,0.01645661224,-0.5502962499,-0.0244748898,-0.01827982074,1.205392579,-0.677352423,-0.0093768624,-0.01197516605,-0.01203993239,0.01277205565,0.1491281943,0.1930273113,0.0083341827,0.5985639401,-0.005440205873,-0.002284864011,0.006402007727,0.1815317287,-0.2005260694,2.504816929e-05,0.600481912,-0.0006131720064,-0.00737787491,0.002638327093
0.006987015758,-0.001426604704,0.6848238283,0.004484426273,0.005331824092,-0.002759588869,0.9999719227,-0.4852491184,-0.01451507314,-0.002975354896,1.208736594,-0.6370025963,0.01654799791,-0.526143058,-0.01986411259,-0.01672268826,1.152299956,-0.6423248691,-0.00951034887,-0.01255266327,-0.01038594976,0.01310167582,0.1518631638,0.191839517,0.006887758743,0.5986260884,-0.00506549285,-0.001752816399,0.005994018989,0.1825137385,-0.2001284637,3.248553296e-05,0.600378841,-0.0003489473716,-0.006409869021,0.002216711302
0.006838764821,-0.001287704697,0.6941648435,0.003819608244,0.005889392246,-0.001242358095,0.9999745908,-0.4665364838,-0.01507237853,-0.00485234001,1.148904717,-0.6145546292,0.01661429593,-0.5022937135,-0.0150244735,-0.01452375848,1.097814682,-0.6077028289,-0.009709107228,-0.01315500697,-0.008629343927,0.0117338094,0.1554446001,0.1908271027,0.005212592471,0.5979039575,-0.004710300007,-0.001275167529,0.00555130204,0.1842387496,-0.1997625085,0.0001499171361,0.5994996615,-8.348961795e-05,-0.005526971677,0.001842835274
0.006799602719,-0.001083809692,0.7031112044,0.003073879164,0.006583188407,0.0003279413444,0.9999735523,-0.4474488189,-0.01552001935,-0.006968144157,1.087403231,-0.5908688006,0.01660489464,-0.477704812,-0.01033894184,-0.01189290074,1.042247812,-0.5742491835,-0.009971320913,-0.0134586987,-0.006794189724,0.00968786267,0.1597550847,0.1899481255,0.003374782294,0.5968995702,-0.004307757677,-0.00079309415,0.005037300732,0.1864855963,-0.1993347354,0.00029701843,0.5984094199,0.0002231570399,-0.004574828191,0.001479636856
0.006816229771,-0.0008258810297,0.7114450579,0.002323967889,0.007826985707,0.001989372164,0.9999646893,-0.4308946664,-0.01597252033,-0.009046383271,1.027633033,-0.5664726092,0.01656666923,-0.454130792,-0.005950951597,-0.008730075941,0.9867287479,-0.5424650423,-0.01024843752,-0.01352973171,-0.005083750348,0.006211758304,0.1647445589,0.1894319528,0.001488450751,0.5951018956,-0.003938548925,-0.000423300385,0.004513483358,0.1892904927,-0.19899532,0.0005480276689,0.5965762585,0.0005171203077,-0.003761352726,0.001173021957
0.006873590752,-0.0005238869115,0.7190875373,0.001593712922,0.00900870895,0.003436590238,0.9999522454,-0.4145441907,-0.01644101982,-0.01124022811,0.9691548378,-0.5420948893,0.01649523086,-0.4310592272,-0.001993271799,-0.005350224454,0.9323857446,-0.5124727581,-0.01047741278,-0.01304925862,-0.003607121888,0.002551250264,0.1701124138,0.189254154,-0.0003431469172,0.5930236992,-0.003532649968,-0.0001406211964,0.003941677364,0.1922602298,-0.1986574479,0.0008058899124,0.5945845853,0.0008546950774,-0.002948471047,0.0008891655834
0.006918114978,-0.0001898071755,0.7258984288,0.0009205360657,0.010390522,0.004687598238,0.9999346059,-0.4004556192,-0.01696382921,-0.01335834258,0.9147327778,-0.5184517855,0.01643634687,-0.4099112887,0.001544614723,-0.001783452357,0.880570045,-0.484417444,-0.01058995667,-0.01212258821,-0.002477923339,-0.00169688189,0.1757596452,0.1895564251,-0.001997647525,0.5904325351,-0.003163463102,-9.140140833e-07,0.003398725223,0.1952703399,-0.1983968503,0.001125514635,0.5921792858,0.001172986155,-0.002277307023,0.0006554741582
0.006929060235,0.0001726837355,0.7318035321,0.0003592675413,0.01149470145,0.005591715768,0.9999182344,-0.3869049543,-0.01740549928,-0.01527575285,0.8641262529,-0.4966577873,0.01616881254,-0.3904189186,0.004561521774,0.00179836789,0.832638565,-0.4584692588,-0.01068244232,-0.01077225024,-0.001722333061,-0.005517440526,0.1813076402,0.190247637,-0.003417904973,0.5877604617,-0.002779823006,1.445167273e-05,0.002833526718,0.1980026458,-0.1981941464,0.00142335014,0.5898105,0.001515662847,-0.001622052217,0.0004610218751
0.006878013,0.0005602839623,0.7367572008,-0.0001301821728,0.0124692566,0.006206971536,0.9999029824,-0.3750511709,-0.017774391,-0.01706215997,0.8193880122,-0.4764196517,0.01586446373,-0.373413338,0.007267606375,0.005505276819,0.7896658058,-0.4347943096,-0.01060962824,-0.009161823593,-0.001245335795,-0.009146110799,0.1866595851,0.1913149439,-0.004543218789,0.5850606166,-0.00243436376,-7.587200264e-05,0.002323696936,0.2003693069,-0.1980919785,0.001709554282,0.5874512081,0.001829521015,-0.00107385265,0.0003055497397
0.006757141343,0.0009671620533,0.7407331248,-0.0004747190161,0.01310087069,0.00643932959,0.9998933327,-0.3636714594,-0.01813382428,-0.01887417324,0.7806810842,-0.4576409153,0.0154839509,-0.3588645638,0.009435454267,0.009095066529,0.7524740157,-0.4136445351,-0.01052462447,-0.007291148284,-0.00113791943,-0.01207385893,0.1915452853,0.1926675765,-0.00536803876,0.582562987,-0.002081408887,-0.0003012026625,0.001813659277,0.2021869786,-0.1980727811,0.001928976443,0.5853785752,0.002168231122,-0.0005664488079,0.0002016145899
0.006563260434,0.001407910081,0.7437611677,-0.0008211354979,0.01347308155,0.006438024278,0.9998881706,-0.3532559292,-0.01823449623,-0.02032945041,0.7482232628,-0.4408530792,0.01495434306,-0.3470241851,0.01126626009,0.01233222847,0.721431102,-0.3951101886,-0.01038703137,-0.005437821569,-0.001012596184,-0.01448258739,0.1958867734,0.1941217302,-0.005909258996,0.5804957226,-0.001761822182,-0.0005648171165,0.001369821668,0.2034807592,-0.1982164116,0.00205575882,0.5836581107,0.002477554012,-0.0001280007473,0.0001219740871
0.006315093668,0.001867029939,0.7459636133,-0.001187458107,0.01358002039,0.006281862234,0.9998873493,-0.3436745497,-0.01773426698,-0.02107522515,0.7212301266,-0.4263183446,0.01432830941,-0.3377178934,0.0128652099,0.01508325793,0.6968446886,-0.3802014834,-0.01046370772,-0.003690399709,-0.0007640125978,-0.01628488457,0.1994803527,0.1955801977,-0.00622810315,0.5789445965,-0.001442960472,-0.0009398308939,0.0009207116845,0.2041503544,-0.1985101716,0.00205348933,0.5824006117,0.002767365535,0.0002693774737,7.431177264e-05
0.005994179526,0.00234743242,0.7474684311,-0.001562473594,0.0133581992,0.006147994958,0.9998906537,-0.3357445712,-0.01713886047,-0.02141763413,0.6999036938,-0.4131755916,0.01355508477,-0.3306873612,0.01408362668,0.01728372669,0.6783205803,-0.3681047949,-0.01036326937,-0.002317582625,-0.0004035491774,-0.01726899062,0.202107091,0.1968972261,-0.006342099946,0.578257551,-0.001153637562,-0.001265272412,0.0005311067167,0.2041313469,-0.1988336631,0.001864926393,0.5819064456,0.003016981601,0.0006484582282,1.858698002e-05
0.005626760443,0.002833926859,0.7485358237,-0.00193459357,0.01287097485,0.006009133409,0.9998972376,-0.3293431549,-0.01628624356,-0.02122143951,0.6834717087,-0.4012342742,0.01273624164,-0.3255294683,0.01447436544,0.01845306729,0.6651944659,-0.3591386226,-0.01021241573,-0.001197030381,5.440844301e-05,-0.01744095797,0.2036985418,0.1979823003,-0.006252607144,0.5784589333,-0.0008769034128,-0.001566220865,0.0002456254529,0.2034814174,-0.1991840143,0.001542612948,0.5821349139,0.003170946663,0.0008931524232,-1.06252481e-06
0.005235940969,0.00330614088,0.7492763737,-0.002246085891,0.01206776425,0.005916392765,0.9999071559,-0.3244143506,-0.01556169802,-0.02071724264,0.6717661363,-0.3904895331,0.01191731877,-0.3216232972,0.01450776913,0.0191119533,0.6565230696,-0.3525118731,-0.009816195331,-0.0003957688586,0.0004192518273,-0.01677442976,0.2043525782,0.1988579743,-0.006020907486,0.5795449649,-0.0006312988034,-0.001718650142,3.888071726e-05,0.2023221029,-0.1993588491,0.001121544042,0.583184354,0.00327517425,0.001150958346,-2.593089721e-05
0.004846798669,0.003745811907,0.7498787555,-0.002489622057,0.01106765384,0.005779121502,0.999918952,-0.3205007244,-0.01485827373,-0.01988163281,0.6636516203,-0.3808482918,0.0111217453,-0.3185631297,0.01413310551,0.01927578752,0.6511732747,-0.3480387697,-0.009203392914,0.000251355485,0.000657701795,-0.01544043432,0.2042979859,0.1995303129,-0.005669245905,0.5812227466,-0.0004103581708,-0.001795856998,-7.458322767e-05,0.2008375785,-0.199388099,0.0006992779112,0.5847553669,0.00330219368,0.001354161312,-3.245149934e-05
0.004497500803,0.004144938488,0.750389643,-0.002646518351,0.009915679051,0.005601454274,0.9999316471,-0.3172887378,-0.01431153527,-0.01884358326,0.6584558005,-0.3725137851,0.010412314,-0.3159298902,0.01361573769,0.01927951688,0.6481723719,-0.3452356488,-0.008418811475,0.0007441471564,0.000703784003,-0.01368735535,0.2037792552,0.200021805,-0.0052752042,0.5833145462,-0.000219998466,-0.001745712502,-0.0001369041573,0.1992615124,-0.1992016826,0.0003235963979,0.5867218193,0.003300679561,0.001598323663,-3.570341089e-05
0.004194094066,0.004492783568,0.7508878418,-0.002717984854,0.008741995606,0.005361500169,0.9999437206,-0.3144816298,-0.01386948904,-0.01764292222,0.6551208295,-0.3654328456,0.009760021281,-0.3135440474,0.0130120557,0.01923852985,0.64654736,-0.3437275983,-0.007493183003,0.001170620884,0.0005584665186,-0.0117306899,0.203050783,0.2003836203,-0.004855661649,0.5854614367,-5.992269611e-05,-0.001652286757,-0.0001370424451,0.1977668127,-0.1988802698,5.208755145e-05,0.5887185181,0.003252514981,0.001797215989,-1.742261428e-05
0.003961536515,0.004793136516,0.751371946,-0.00272304923,0.007625204851,0.005055568865,0.9999544402,-0.3118896599,-0.01351656396,-0.01634948647,0.6529556236,-0.3596866526,0.009205460113,-0.311267376,0.01235002706,0.0191789871,0.6456503756,-0.343329794,-0.006519334488,0.001536451767,0.0002759287809,-0.009845938665,0.2022934845,0.2006130664,-0.004468091943,0.5875146353,7.315743824e-05,-0.001513737221,-0.0001138680437,0.1965160738,-0.1984523927,-0.0001061363269,0.5906045018,0.003194928623,0.001992850975,1.384012213e-05
0.003789434731,0.005046657262,0.7518456668,-0.002677186736,0.006632539721,0.004728426359,0.9999632414,-0.3093952195,-0.01323563241,-0.01504402106,0.6512913696,-0.3552216128,0.008705300824,-0.3090644667,0.0116956795,0.01913788762,0.644943535,-0.3436663948,-0.005566162272,0.00184465207,-0.0001013591436,-0.008138382454,0.2016473512,0.200766015,-0.004111872514,0.5892497934,0.0001748471557,-0.001382271287,-6.051320043e-05,0.19557535,-0.1980086493,-0.0001466588614,0.5921525988,0.003108823161,0.002120644158,6.673592993e-05
0.003685429874,0.005258358427,0.7522839645,-0.002608394653,0.005828294682,0.004379739714,0.9999700221,-0.3069524785,-0.01297705636,-0.01377461242,0.6496841917,-0.3520645663,0.008281603324,-0.3069721392,0.0110634495,0.01905856213,0.6441128462,-0.3445729343,-0.004744001878,0.002096610977,-0.0004960936042,-0.006786200646,0.2011757571,0.2008451232,-0.003818768202,0.5906047505,0.0002547681367,-0.001274735978,-3.883477709e-06,0.1949944334,-0.1975959813,-9.415719995e-05,0.5933060022,0.003023745361,0.002197081809,0.0001315210119
0.003625444375,0.005433561467,0.7526723843,-0.002533339618,0.005198179973,0.004040165957,0.9999751188,-0.3045492154,-0.01271748615,-0.01258628842,0.6479122356,-0.3501003752,0.007888443144,-0.3050179307,0.01044595684,0.01889410176,0.6430349032,-0.3457405365,-0.004053685253,0.002285582794,-0.0008654824482,-0.00571950917,0.2008776464,0.2008900207,-0.003565465841,0.5915456891,0.00030834748,-0.001217388135,6.551310354e-05,0.1947098902,-0.1972639213,1.458983667e-05,0.5940302283,0.002934461382,0.002181745309,0.0002062880842
0.003603788191,0.005574916303,0.7529920402,-0.002464276746,0.004769472331,0.003708410524,0.9999787134,-0.3022658956,-0.01243256025,-0.01148952275,0.6458816544,-0.3492619822,0.007541272792,-0.30331727,0.009833246705,0.01858809465,0.6416963959,-0.347017285,-0.003568220568,0.002415791895,-0.001175306059,-0.004983155217,0.2007198715,0.2009076628,-0.00336121511,0.5921050164,0.0003469481874,-0.00121380594,0.000131053335,0.1946763601,-0.1970342741,0.0001486481582,0.5943730725,0.002853960751,0.002099412364,0.0002819837421
0.003599273396,0.005686190395,0.7532437923,-0.002392557905,0.004473736192,0.003414062833,0.9999813026,-0.300160551,-0.01215359687,-0.01048913927,0.643731878,-0.3493110297,0.007215431336,-0.3018320632,0.009161324848,0.0181180064,0.6401669188,-0.3481575822,-0.003237123744,0.002479145468,-0.001450284499,-0.004426221153,0.2006348729,0.2009255298,-0.003173212575,0.5923891586,0.0003646187362,-0.001256364232,0.0001955062342,0.1947803221,-0.1968954787,0.0002760674477,0.5944518719,0.002770689565,0.001945813734,0.0003544904433
0.003602526416,0.005766593063,0.7534272564,-0.00230926387,0.004303261344,0.003141663609,0.9999831395,-0.298333904,-0.01188275911,-0.009548443781,0.6415899535,-0.3500659206,0.006921564445,-0.3006638673,0.008413680493,0.01749398866,0.6385889676,-0.349042748,-0.003058424268,0.002503742099,-0.001712558418,-0.004000119698,0.2005622673,0.2009530076,-0.003000482217,0.5924701027,0.0003732691444,-0.001335664098,0.0002545803717,0.1949453744,-0.1968340351,0.0003799140923,0.5943563452,0.002695441223,0.001756209803,0.0004181740079
0.003602592895,0.005818208096,0.7535612494,-0.002195975489,0.004178104511,0.002901738231,0.9999846504,-0.2967890166,-0.01165964001,-0.008638634309,0.6396564103,-0.3512212987,0.006643527553,-0.2996848408,0.00755807653,0.01677047675,0.6370259395,-0.3495139234,-0.0029429029,0.002494978956,-0.002015996478,-0.003558530517,0.2004468777,0.201004153,-0.002814418336,0.5924740302,0.0003665223417,-0.001437430711,0.000308921804,0.195081378,-0.1968055308,0.0004497882929,0.5942210596,0.002618910749,0.00153746596,0.0004688772453
0.003596205586,0.005840583055,0.7536543439,-0.002051205273,0.00408641645,0.002673146993,0.9999859739,-0.2955510546,-0.01146728937,-0.007724964429,0.6380265029,-0.3525722143,0.006385198145,-0.2989602045,0.006618008197,0.01598036076,0.6356338339,-0.3495568114,-0.002871713601,0.002487456518,-0.002363314807,-0.003066554604,0.2002681145,0.2010759102,-0.002621084318,0.5924473099,0.0003554999174,-0.001544877993,0.0003598001842,0.1951525716,-0.1967997047,0.0004889049377,0.5940923738,0.002549930904,0.001325478665,0.0005079180328
0.003586821082,0.005835086572,0.7537307588,-0.0018796949,0.003953311218,0.002465131124,0.9999873805,-0.2944671371,-0.01130850218,-0.006819578984,0.6367243311,-0.3538642929,0.006146036709,-0.2982662526,0.005641960651,0.01518188639,0.6343965516,-0.3491926641,-0.002776059682,0.002479377559,-0.002752072916,-0.00242824408,0.2000144466,0.2011589519,-0.002405598131,0.5924707267,0.0003317712703,-0.001637815608,0.0004099986095,0.1951271807,-0.1967874355,0.0005086729876,0.5940414497,0.002475888601,0.001129682828,0.0005399004034
0.003579191512,0.005803155819,0.7537948716,-0.001695015154,0.00379795332,0.00226539158,0.9999887852,-0.2935446511,-0.0111418798,-0.005917727472,0.6357294396,-0.354954777,0.005923159613,-0.297678186,0.004676225558,0.01438317289,0.6334029205,-0.3485090833,-0.002664189647,0.002489421651,-0.003146312582,-0.001708806695,0.1997211883,0.2012427867,-0.002187822685,0.5925387502,0.0003066081902,-0.001710506877,0.0004581667756,0.1950330113,-0.1967771065,0.0005183670106,0.5940512711,0.002408040054,0.0009674152097,0.0005659694394
0.003573365589,0.00575068744,0.7538632709,-0.001505495621,0.0036120943,0.00206887288,0.999990203,-0.2927163433,-0.01096925598,-0.005039720438,0.6349627239,-0.3556783926,0.005701502457,-0.2971175077,0.003779395007,0.01364915561,0.632574128,-0.3475129099,-0.002531745485,0.002511132831,-0.003532538641,-0.0009150435439,0.1994081186,0.2013186756,-0.001968498261,0.5926726584,0.0002806547524,-0.001771378757,0.0005000065798,0.1948795812,-0.1967552129,0.0005214893957,0.5941267187,0.002345071458,0.000810597938,0.0005818178075
0.003575418104,0.005680034598,0.7539328415,-0.0013291148,0.00341634086,0.001878373375,0.9999915169,-0.2919634087,-0.01075100429,-0.004201083603,0.634346529,-0.3559918707,0.005481628293,-0.2966136879,0.002980260957,0.01295556287,0.6319298178,-0.3463439543,-0.002395576182,0.002539068123,-0.003863538384,-0.0001183071376,0.1991173861,0.2013770228,-0.001767750502,0.5928341719,0.0002572126604,-0.001813293207,0.0005366655096,0.1947107001,-0.1967422537,0.0005243842013,0.5942190876,0.002290496923,0.0006781340968,0.0005933319403
0.003586711452,0.005596854372,0.7540129677,-0.001174381358,0.003205391298,0.001702756268,0.9999927234,-0.2912019642,-0.01050761372,-0.003447426193,0.6337713723,-0.355880801,0.005263643663,-0.2960533965,0.002308164596,0.01232783363,0.6313347528,-0.3450754757,-0.002252533382,0.002555838482,-0.004130385929,0.000694597897,0.1988507028,0.2014111308,-0.00157964824,0.5930164474,0.0002290964682,-0.001849777603,0.0005710899035,0.1945413049,-0.1967324352,0.0005284147698,0.5943207592,0.002238080348,0.0005534142944,0.0005975330783
0.003611730685,0.005502667401,0.7540953839,-0.001049849187,0.003009044461,0.001543353148,0.9999937307,-0.2904584429,-0.01021731974,-0.002786802588,0.6331860746,-0.3553990056,0.005050129142,-0.2954961747,0.001764419179,0.01173817412,0.6307911565,-0.3438292553,-0.002120461163,0.002561754014,-0.004310709714,0.001438045302,0.1986423932,0.2014229954,-0.001420642227,0.593177174,0.0002024065062,-0.001876416547,0.0006009096072,0.1944090982,-0.1967421673,0.0005359587439,0.5943902535,0.002192226966,0.0004447570499,0.0006000289358
0.003647322889,0.00539988961,0.7541825752,-0.0009526580322,0.002818618425,0.0014009208,0.9999945926,-0.2896897697,-0.009903058778,-0.002230527743,0.632539845,-0.3545919831,0.004837078379,-0.2948935761,0.001352125383,0.01120850914,0.6302386298,-0.3426443129,-0.002001808216,0.002553426968,-0.004419961779,0.00213028195,0.1984821335,0.2014172773,-0.001283596741,0.5933124827,0.0001761846679,-0.001890947345,0.0006233954164,0.1943100569,-0.196763968,0.0005472511965,0.594433663,0.002146613481,0.0003508502591,0.0005983407021
0.00369529569,0.005289158486,0.7542663198,-0.0008832980067,0.002657741065,0.001276921867,0.9999952628,-0.2889404247,-0.009560703363,-0.001778939835,0.6318350379,-0.3535802255,0.00462951962,-0.294301328,0.001053902415,0.01071516517,0.629683784,-0.3416033037,-0.001908458285,0.002531724609,-0.004456462073,0.002710648413,0.1983844664,0.2014002604,-0.001176487252,0.5934002924,0.0001527842998,-0.001900518189,0.0006399748993,0.1942632496,-0.1968062924,0.0005605788436,0.594430896,0.002106225384,0.0002683544028,0.0005963608246
0.003746661976,0.005173592853,0.7543515539,-0.0008332637333,0.002505726971,0.001177666989,0.99999582,-0.2881503454,-0.009233193114,-0.001448280837,0.6310468177,-0.3524847464,0.00442772773,-0.2936709754,0.0008300811244,0.01023690341,0.6290808724,-0.3406889951,-0.001831324104,0.002486591241,-0.004447262695,0.003273135937,0.1982991232,0.2013709802,-0.001078581694,0.5934598351,0.0001207866968,-0.001928845996,0.0006606064133,0.1942415631,-0.1968527955,0.0005652050959,0.5943958056,0.002068880757,0.0001633529635,0.0005868706346
0.003802265646,0.005052895641,0.754431788,-0.0007978378866,0.002387481703,0.001096590499,0.9999962304,-0.2873906426,-0.00891751855,-0.001221037273,0.6302058229,-0.3514125195,0.004236374189,-0.29307457,0.0006658535061,0.009770775317,0.6284533979,-0.3399440881,-0.001780207216,0.002431510809,-0.004404718762,0.003756542041,0.1982389164,0.2013407392,-0.0009971851392,0.5934723438,8.932661098e-05,-0.001964426761,0.0006801413573,0.1942538229,-0.1969071202,0.0005661476567,0.594319618,0.002036767807,5.548549478e-05,0.0005759507092
0.003859277075,0.004929077789,0.7545064066,-0.000766951445,0.002296342022,0.001025168866,0.9999965438,-0.2866814951,-0.008612397698,-0.00104476188,0.6293588274,-0.3504237118,0.004050100285,-0.2925074954,0.0005357419469,0.009330681546,0.6278040713,-0.3393689177,-0.001741935845,0.002368242559,-0.004352765746,0.004172003689,0.198196508,0.2013148879,-0.0009260389839,0.5934583611,5.845569473e-05,-0.001989893828,0.0006888493258,0.1942881237,-0.1969653716,0.0005684461307,0.5942257622,0.002001971436,-4.40847471e-05,0.000566248227
0.003916427472,0.00480214062,0.754573053,-0.0007381562429,0.00223827169,0.0009585047949,0.9999967633,-0.2860485704,-0.00831903478,-0.000909375642,0.6285351926,-0.3495814223,0.00387173862,-0.292009154,0.0004328076748,0.008915121829,0.6271640892,-0.3389679242,-0.001724118486,0.002306269519,-0.004296885228,0.004510970392,0.1981672869,0.2012962991,-0.000866358735,0.5934205857,3.101787821e-05,-0.002012255875,0.0006929863863,0.1943371384,-0.197027835,0.0005704018496,0.5941193125,0.001970162216,-0.0001341165585,0.0005581099182
0.003968763236,0.004673199865,0.7546344902,-0.0007071483813,0.002186613697,0.0008963605256,0.9999969576,-0.2854516857,-0.008042363257,-0.0007938726744,0.6277564589,-0.3489077162,0.003700593504,-0.2915308353,0.0003411840469,0.008522104786,0.6265369165,-0.3387170615,-0.001708058375,0.002242061238,-0.004249407673,0.004850218465,0.1981225462,0.2012826841,-0.000802452958,0.5933751687,-2.904733703e-07,-0.002037676608,0.0006981630715,0.1943769956,-0.1970867821,0.0005663683177,0.5940123429,0.001941142721,-0.0002308487259,0.0005468221355
0.004016288575,0.004542358206,0.7546901481,-0.0006736433988,0.002151590472,0.000834846365,0.9999971099,-0.2849188206,-0.007779761651,-0.0006939589048,0.6270361487,-0.3484161917,0.003537162293,-0.2911170274,0.0002599469268,0.008150332561,0.6259499,-0.3385935684,-0.001703922637,0.002182450954,-0.004210408766,0.00516557958,0.1980657953,0.201275544,-0.0007400916195,0.5933235978,-2.951385657e-05,-0.002063474353,0.000703975261,0.1944076599,-0.1971436603,0.000558813908,0.5939075832,0.001916162385,-0.0003222873923,0.0005353751399
