0,0,0.2248369675,0,0.6655187502,0,0.7463811313,-0.2941297421,0.004737286331,-0.001326690937,0.6131955367,0.04300042254,-0.004824476483,-0.265193418,0.006154305126,-0.003144276506,0.6172405094,0.07750472236,-0.006836346141,0.001849534515,0.003894717071,-0.324289502,-0.05919389966,0.1471061995,-0.1277142172,0.1626009191,1.223452507,0.1273735321,1.341487439,-0.1076575301,-0.09180907997,0.01309693793,0.1706425896,-1.642962245,0.1141238855,-1.319124419
-0.0003452230458,-8.977424856e-06,0.2249195665,3.520639723e-05,0.6622946758,0.0001395368826,0.7492434462,-0.2865920732,0.004724703038,-0.001417130937,0.616050285,0.0434718653,-0.004807304845,-0.2579021123,0.006498766852,-0.002959840277,0.6186899422,0.07785767121,-0.00683455614,0.001875154212,0.003841388472,-0.3125186395,-0.06573068311,0.1471884882,-0.1268327643,0.1695351856,1.223147263,0.1279268612,1.34390034,-0.1134532161,-0.09229238102,0.01257864341,0.1808249523,-1.641815804,0.1135374338,-1.32121224
-0.0006638349207,-2.976519948e-05,0.2239492923,0.0001223276002,0.6604945206,0.0003611172559,0.7508307684,-0.2842869688,0.004648188309,-0.001448245343,0.6199025594,0.04417154684,-0.004786342685,-0.2554578999,0.006991050422,-0.002743767862,0.6205548099,0.07830812421,-0.006836120378,0.002051767442,0.003631652766,-0.3052921598,-0.07167561216,0.146905257,-0.1261247078,0.178688311,1.222933528,0.1285878235,1.346905936,-0.1174092829,-0.09254065936,0.01264809931,0.1940663425,-1.640630682,0.1125940944,-1.322913388
-0.0009982261718,2.444813214e-05,0.2221223161,0.0001467886074,0.6586729418,0.0006354247388,0.7524290867,-0.2831768645,0.004202050965,-0.002157509313,0.6252515391,0.04512330846,-0.004694304748,-0.2530828195,0.007301164536,-0.002777842892,0.6226034279,0.0790055071,-0.006840005118,0.002948364523,0.003693463864,-0.2977424751,-0.07854788074,0.1459244715,-0.1262799554,0.1903193697,1.222400304,0.128799875,1.349350573,-0.123023197,-0.09323344927,0.01175141812,0.213596158,-1.639458,0.111986356,-1.325804776
-0.001317387489,0.0001135924028,0.2194373525,5.647555302e-05,0.6568191074,0.0007476164683,0.7540478088,-0.2827154562,0.003565344035,-0.002852226875,0.6308332716,0.0462099143,-0.00459487189,-0.2507768107,0.007451423046,-0.002704257726,0.6246405427,0.07977110555,-0.006854314147,0.003588619748,0.003879506305,-0.2901375102,-0.08493892715,0.1446571945,-0.1265008524,0.2025890157,1.221718631,0.1289502754,1.35118219,-0.1256812158,-0.09376379797,0.01144491364,0.224780436,-1.639163933,0.1123674717,-1.326235721
-0.00159287859,0.0002197131616,0.2161338463,-0.00075221085,0.6538356478,0.000252740204,0.7566361846,-0.2786156229,0.003761932406,-0.002972452194,0.6352087677,0.04788048832,-0.004778465949,-0.2461148021,0.008148810337,-0.002485269793,0.6264363342,0.0810585655,-0.006903282632,0.00338553047,0.004612660625,-0.2796665612,-0.09148845756,0.1436498305,-0.1260969577,0.2132397437,1.221203084,0.1276748339,1.352458117,-0.1206376487,-0.09336562782,0.01365411011,0.2214808198,-1.639513125,0.1135361036,-1.325354435
-0.00171361547,0.0003538761477,0.2123184963,-0.00166295424,0.6503726643,-0.0003999322435,0.7596133702,-0.2712134405,0.00410181176,-0.00271972671,0.6361777962,0.04960195295,-0.004997036727,-0.2410193154,0.008568058909,-0.002563954863,0.62793721,0.08245928285,-0.006924238809,0.002521421402,0.005492100352,-0.2689856584,-0.08708246801,0.1433077343,-0.1261321142,0.2096808902,1.221768569,0.1280578149,1.354682194,-0.1090817344,-0.09212713306,0.01690267708,0.2076167838,-1.640085189,0.1147443494,-1.324246982
-0.001027699099,2.847061472e-05,0.2085519141,-0.0001095578846,0.6472382735,-0.0007012125784,0.7622874219,-0.2579768185,0.001246713808,-0.002224752788,0.632233641,0.05200021253,-0.004705412914,-0.2376547781,0.005073047282,-0.002770851323,0.6285619783,0.08371389184,-0.007007988999,-0.001446972549,0.001526040902,-0.2597182182,-0.07359813171,0.1450680894,-0.1267487332,0.1955763756,1.222892038,0.1286831169,1.356132169,-0.09226501882,-0.0882223094,0.02012618982,0.1885993865,-1.640712333,0.1159753672,-1.323895156
0.0004055432271,-0.0005362152271,0.204982256,0.002102948548,0.6452183368,-0.000712979567,0.7639950046,-0.2436628743,-0.002297951181,-0.002171287577,0.6248318168,0.0547485926,-0.004705781051,-0.2328952708,0.001122291222,-0.002851752757,0.6208037176,0.08346821439,-0.007155015831,-0.005610662058,-0.003730181978,-0.2539334574,-0.05484247341,0.1470986223,-0.1274285864,0.1761988583,1.224613617,0.1283897313,1.357213581,-0.07156937405,-0.08339236754,0.0232634364,0.1669391374,-1.64130246,0.1171919476,-1.324255019
0.002459112626,-0.001179683683,0.2019313501,0.00364007239,0.6434258227,-0.0007724636961,0.7654994212,-0.2276243705,-0.004470552622,-0.002152313308,0.6151350115,0.05733021655,-0.004841437088,-0.2231294697,-0.001307689315,-0.003096120328,0.6063021246,0.08266810663,-0.007271073829,-0.008154449218,-0.007857149606,-0.2476569498,-0.03428788805,0.14865366,-0.1277707002,0.1548733467,1.226697243,0.1272864288,1.358197709,-0.05007691719,-0.07867154896,0.02635284487,0.1447473732,-1.641668493,0.1184300253,-1.325420766
0.004803071538,-0.001875506586,0.1992204624,0.004601025457,0.6418702776,-0.0008936843932,0.7667989167,-0.2107853629,-0.005260937616,-0.001959606391,0.6053499689,0.05766868825,-0.004868680636,-0.2097356889,-0.002427421447,-0.002838854784,0.5911060466,0.08351428203,-0.007655126344,-0.009289305359,-0.01093976117,-0.241296508,-0.01324085011,0.1500159715,-0.1280824972,0.1329798705,1.228820103,0.1257382287,1.35908506,-0.02850078237,-0.0743302176,0.02942431012,0.1226882049,-1.641930794,0.1194923463,-1.32698279
0.007256736577,-0.002574411275,0.1970794574,0.005127868954,0.6390480861,-0.001096462195,0.7691489104,-0.1899250207,-0.005061447619,-0.001232665641,0.5965760799,0.05535467868,-0.004847022574,-0.1904897317,-0.002518694119,-0.002280953634,0.5775259042,0.08320309242,-0.007972787262,-0.009460398693,-0.01329604932,-0.229466417,0.005720469522,0.1513160596,-0.1281082307,0.1119335336,1.230819915,0.1240178904,1.360368393,-0.009510593754,-0.07051414916,0.03222704473,0.1021055824,-1.642106776,0.1204366277,-1.329042615
0.009640897042,-0.003261358118,0.1952201,0.005338064521,0.6357585891,-0.001307796842,0.7718683898,-0.1676835885,-0.004039813823,-0.0001031353196,0.5896649218,0.05236512878,-0.004828981142,-0.1687848065,-0.00177899273,-0.001606523488,0.5667179472,0.07982480229,-0.008182439288,-0.008953612048,-0.01493993849,-0.2155620739,0.02307604377,0.1526267917,-0.1281162744,0.09200406496,1.232557053,0.1222903665,1.361685274,0.007732789549,-0.0673316534,0.03494098678,0.08286216347,-1.642226767,0.1211930971,-1.331113971
0.01187223657,-0.003895033146,0.1936513466,0.005359787863,0.6317307671,-0.001477179491,0.7751679357,-0.1438987163,-0.002523149004,0.0011327177,0.5846960269,0.04984346019,-0.004896593774,-0.1448195754,-0.0005408248711,-0.0008161562541,0.5589458358,0.07534205433,-0.0083043674,-0.008217098367,-0.01588846478,-0.1986490265,0.0383349872,0.1539463107,-0.127964529,0.07346196681,1.233943282,0.1206264076,1.363384748,0.02249667422,-0.06485784761,0.0376082819,0.06520422196,-1.642365198,0.1217925901,-1.333039196
0.01388946748,-0.004456677978,0.1921561631,0.00522988858,0.6276650649,-0.00156750858,0.7784643585,-0.1208625128,-0.0006072835249,0.002342650232,0.5819763611,0.04792745459,-0.004986612409,-0.120945671,0.001070929574,-5.296878557e-05,0.5543647326,0.07121258857,-0.008386184014,-0.007292517119,-0.01607943665,-0.1816139725,0.0517711989,0.1551392633,-0.1278038772,0.05674243985,1.234818959,0.1190134426,1.365120373,0.03509789092,-0.06311914839,0.04013323367,0.04949050456,-1.642440398,0.1221695269,-1.334957839
0.01567939504,-0.004924580882,0.1907967305,0.005019768415,0.6231566324,-0.001596788039,0.7820793206,-0.09797249874,0.001411648506,0.00332766893,0.5813304671,0.04645109364,-0.005131396876,-0.09672969146,0.002794831941,0.000545403254,0.5527503934,0.06742308893,-0.00850562096,-0.006333483967,-0.01559846964,-0.1630113529,0.06216429577,0.156039958,-0.127419257,0.04293334691,1.235026313,0.1174404123,1.367331483,0.04455208775,-0.06206515279,0.04232495082,0.03636794219,-1.64231067,0.1223981908,-1.33722703
0.01726071631,-0.005312999691,0.1894189604,0.004825881994,0.6187832433,-0.001587910415,0.7855453439,-0.07693928901,0.003300669389,0.004053504968,0.5824171564,0.04552379945,-0.005271850811,-0.07414657395,0.004354450648,0.0008853988918,0.5539104499,0.06451503518,-0.008615108938,-0.005512684451,-0.01470142213,-0.1451457894,0.07015422456,0.156612467,-0.1269376179,0.03207100509,1.234538533,0.1160074141,1.369907709,0.0521684529,-0.06149816183,0.04438806361,0.02519356023,-1.642105455,0.1225095533,-1.339537587
0.01863335946,-0.005641947289,0.1881899584,0.004616226091,0.6140453206,-0.001551265629,0.7892557433,-0.05661221228,0.00512598431,0.004488985453,0.5845089359,0.04490736156,-0.005409297017,-0.05243186379,0.005797321505,0.000862455503,0.5572945752,0.06220918973,-0.008744088294,-0.004903772501,-0.01346811994,-0.1259753896,0.07541708223,0.1568131953,-0.126162074,0.02394833987,1.233632922,0.1148272864,1.374030544,0.05795520868,-0.0612753831,0.04635723915,0.01524628062,-1.641792357,0.1226541988,-1.341810188
0.01984757702,-0.005917348691,0.1870095896,0.004418804389,0.6094795558,-0.001482969352,0.7927880839,-0.03815497222,0.006826227204,0.00463811887,0.5868653753,0.04454113188,-0.005524424641,-0.03300243492,0.007046219276,0.0004729913448,0.562053653,0.06063159323,-0.008854978804,-0.004583039638,-0.01197742812,-0.107581673,0.07984473329,0.1567174964,-0.1252966472,0.01710349503,1.232553643,0.1139606764,1.378971232,0.06350338931,-0.06125894389,0.04845647436,0.005453418156,-1.641560022,0.122800886,-1.343730889
0.02088036495,-0.0061700169,0.1861081895,0.00419989168,0.6045884383,-0.001329464339,0.7965258399,-0.02018169568,0.008619456707,0.004601840656,0.5892562022,0.04422508003,-0.005631641092,-0.01468659527,0.008372638175,-0.0001970929122,0.5676246021,0.05923839268,-0.008977798758,-0.004550746469,-0.01026129684,-0.08776505197,0.08308947355,0.1564139702,-0.1241421823,0.01088010881,1.231556844,0.1134152039,1.384509761,0.06807281371,-0.06140302636,0.05052381123,-0.004331295155,-1.641378986,0.122983106,-1.345373921
0.02176891809,-0.006400838133,0.1853922022,0.004014137809,0.5999616497,-0.001089100182,0.8000179495,-0.003873258509,0.01037548578,0.004372550483,0.5910558848,0.04391157777,-0.005717885745,0.001479588899,0.009687265322,-0.001075324128,0.5728544442,0.05809415157,-0.009083594576,-0.004771929962,-0.008417182099,-0.0687413618,0.08625732874,0.1560114409,-0.1228761459,0.004575250765,1.230673701,0.113059898,1.389462987,0.07229845712,-0.0616345017,0.05254463526,-0.01410647498,-1.641293323,0.1231423485,-1.346712758
0.02246042918,-0.006634363745,0.185088753,0.003939065966,0.5951417515,-0.0007807275403,0.8036107079,0.01191132907,0.01193727904,0.004055964297,0.5925374658,0.04361985174,-0.005776876852,0.01683292456,0.01092406462,-0.002032283893,0.5776059366,0.05678580075,-0.009204513596,-0.005220927961,-0.006759541244,-0.04842861855,0.08804508546,0.1556468886,-0.1212773166,-0.001543206132,1.229920264,0.1127999584,1.393831504,0.07488368622,-0.06193688451,0.05428196963,-0.02340728977,-1.641245864,0.1233401876,-1.347889778
0.02297833827,-0.006866196433,0.1850970692,0.003943585359,0.5906928641,-0.0004380708438,0.8068867309,0.02581537125,0.01330974948,0.003710014451,0.5936321008,0.04332839495,-0.005820405655,0.03027381685,0.01206544963,-0.003040754292,0.5813322393,0.05548482506,-0.009314096579,-0.005760775129,-0.005245801755,-0.02892535995,0.08885246474,0.1553238249,-0.1194975335,-0.007306806237,1.229233653,0.1125568807,1.397329278,0.07621948455,-0.06230340277,0.05573609424,-0.03196145309,-1.641218759,0.1235425562,-1.348921205
0.02328654706,-0.007088531772,0.1855562039,0.004065864061,0.586246455,-0.0001050794756,0.8101225535,0.03864388255,0.01432068373,0.003389134792,0.5950767343,0.04309249553,-0.005824583988,0.04275822308,0.01295375109,-0.004048193868,0.5845846736,0.05392883756,-0.009438373647,-0.006348166805,-0.004075457249,-0.008692320404,0.08764014423,0.1550985254,-0.1174328727,-0.01226712028,1.22857351,0.1122607398,1.40019251,0.0753808661,-0.06279320751,0.05676331469,-0.03935536818,-1.64111458,0.1238599621,-1.350004006
0.02341061357,-0.00729719384,0.1863640947,0.004233665189,0.5821968625,0.0001786860579,0.8130368118,0.04932695615,0.01505944719,0.003170056735,0.5968846906,0.0429792561,-0.005820225967,0.05328631137,0.01364189673,-0.005010058426,0.587360994,0.0524472144,-0.009552745388,-0.00687046585,-0.003130338514,0.01070502653,0.08476961908,0.1549301416,-0.1152120353,-0.01621454932,1.227896757,0.1119508873,1.402441325,0.0727644171,-0.06339683088,0.05740456846,-0.04541866486,-1.640948767,0.1242206255,-1.351083662
0.02335608015,-0.007482509003,0.1875182188,0.00453405883,0.5785562579,0.0004036968727,0.8156297786,0.05767027751,0.01527436654,0.00302699804,0.5994182162,0.04292533885,-0.005806794303,0.06179510045,0.01392438323,-0.005876365799,0.5903573711,0.05090557618,-0.009639380273,-0.007423018198,-0.00258787841,0.02920394818,0.08011036943,0.1548315038,-0.1128077811,-0.01891649248,1.227145676,0.111558589,1.404294231,0.06838674501,-0.06413165917,0.05772109429,-0.0500612932,-1.640721499,0.124675044,-1.352234357
0.02314746061,-0.007646502662,0.1889527489,0.004902268301,0.575358505,0.0005545252992,0.8178864536,0.0636028515,0.01508367564,0.003001447774,0.6024797944,0.04302677737,-0.00579620667,0.06813025859,0.01389382833,-0.006627653831,0.5935358532,0.04960735752,-0.009709169835,-0.007941152102,-0.00233729837,0.04644311295,0.07396371566,0.1547801689,-0.1103242355,-0.02039510768,1.22632137,0.1111886244,1.405790064,0.06251212232,-0.06495975171,0.05772618757,-0.05327804551,-1.640467519,0.1251518935,-1.353344744
0.02283079084,-0.007786659566,0.1905686396,0.005350732322,0.5729703476,0.0006127216638,0.8195584024,0.06624086832,0.01440314314,0.003041245935,0.6059303175,0.04334086185,-0.005760009065,0.07129555307,0.01351039694,-0.00728879615,0.5969523972,0.04843761105,-0.009777363292,-0.008396329309,-0.002407819037,0.06093262878,0.06694817967,0.1547593474,-0.1077999119,-0.02054619684,1.225379615,0.1106618051,1.407061085,0.05575105545,-0.06581324877,0.05756066067,-0.05501123155,-1.64012659,0.125731964,-1.354574227
0.02241217746,-0.007907819401,0.1923560894,0.005834620141,0.5710478057,0.000585285789,0.8208958632,0.06660781421,0.01336024905,0.003176983954,0.6094756517,0.04377772774,-0.005723899765,0.07223621368,0.01287879871,-0.007850504347,0.6004083426,0.04752064256,-0.009838380764,-0.008773637222,-0.002712433809,0.07364476023,0.05905358346,0.1547765645,-0.105314424,-0.0195234584,1.224341254,0.1101512149,1.408049332,0.04805594882,-0.06665765388,0.05716383443,-0.05533934091,-1.639762743,0.1263254988,-1.355758412
0.02193198498,-0.008007469651,0.1941611585,0.006273785673,0.5702775823,0.000486136865,0.8214279533,0.06306081738,0.01212161325,0.003423807267,0.6129142269,0.04437265606,-0.00567456686,0.06924396595,0.01218944593,-0.00832289592,0.6037707276,0.04678701689,-0.009910454033,-0.009001837221,-0.003057509043,0.08196184774,0.05119376081,0.1547327611,-0.1029228472,-0.01720339286,1.223179292,0.1094306833,1.408827792,0.04029991306,-0.06746088998,0.05669544956,-0.05419277187,-1.639290417,0.1269384248,-1.357076037
0.02137477698,-0.008088228651,0.196035866,0.006655406759,0.5699658669,0.0003371633576,0.8216413466,0.0575998688,0.01079531454,0.003805232158,0.6159598305,0.04497062263,-0.005631182138,0.06427993885,0.01151469655,-0.008716759016,0.6067910288,0.04621684499,-0.009977874143,-0.009125341346,-0.003403126808,0.08813159613,0.04293110771,0.1546677001,-0.1006671516,-0.01375369206,1.221915062,0.1087341914,1.409281696,0.032042295,-0.06821709735,0.05604963461,-0.05167309531,-1.638784473,0.1275113623,-1.358342485
0.02078736795,-0.008148253307,0.1978138935,0.006901137101,0.5705161784,0.0001153635756,0.8212573599,0.04962385917,0.009528795586,0.004379383906,0.6181676748,0.04628377547,-0.00556938709,0.05664583887,0.01100102136,-0.009013292238,0.6093835576,0.04573254541,-0.01007294206,-0.009007913048,-0.003625130575,0.09025044987,0.03509177467,0.1544914914,-0.09854995788,-0.009033525232,1.220528906,0.107789158,1.409331126,0.02405718089,-0.06889015114,0.0553498642,-0.04766057133,-1.638195158,0.1280317774,-1.359556501
0.02015393463,-0.008192209482,0.1995738181,0.007058951617,0.5712865795,-0.000131403755,0.8207202922,0.04094341391,0.008353589283,0.00509668335,0.6195080395,0.0476310524,-0.005513111576,0.04816902532,0.01063700278,-0.009289910459,0.6113899107,0.04530064899,-0.01016296896,-0.008797018814,-0.003777954509,0.09055172036,0.02708970573,0.1542716955,-0.09663525964,-0.003137313758,1.219041051,0.1068757485,1.409054744,0.01581606875,-0.06947558005,0.05450642137,-0.04221853948,-1.637576971,0.1284731643,-1.360637482
0.01949591035,-0.0082235337,0.2012222327,0.007165074808,0.5730272826,-0.0003538315617,0.8195048932,0.02962133809,0.007429176732,0.006004771118,0.620393458,0.04831691409,-0.005497088034,0.03699374689,0.01029364932,-0.009587085855,0.6130799495,0.04428882066,-0.0102598035,-0.008596958312,-0.003843182829,0.08651705413,0.01949687645,0.1539495799,-0.09485967558,0.004179141528,1.217403732,0.1057135026,1.408673153,0.007944705511,-0.06989597779,0.05367717834,-0.03525855509,-1.636924653,0.128862077,-1.361903444
0.01879277941,-0.008245518233,0.2028641637,0.00724498575,0.5749256902,-0.0005397010797,0.8181733739,0.01784824787,0.006701428859,0.0069666607,0.6207823203,0.0486612304,-0.005499130093,0.0253078772,0.009981151286,-0.009868538086,0.6143578891,0.04316758761,-0.01034545971,-0.008451745129,-0.003877991284,0.08100318888,0.01159868071,0.1536069484,-0.09329678213,0.01272048193,1.215641319,0.104626644,1.408159097,-0.000238387398,-0.07018789585,0.05271056794,-0.02689594132,-1.63626439,0.1291920593,-1.363134373
0.01807830718,-0.008257390206,0.2043638393,0.007306637209,0.5777802445,-0.0006942894932,0.8161593718,0.003601002313,0.006084598078,0.008023703331,0.6209427611,0.04884934066,-0.005434791705,0.01112342603,0.009709711868,-0.01017779886,0.6155486739,0.04206057561,-0.01042910394,-0.008355442477,-0.00388420554,0.07113001613,0.004232986441,0.1531931716,-0.09193741631,0.02269122006,1.213741203,0.1033241012,1.407630583,-0.007944138573,-0.07024201443,0.05171667027,-0.01699033397,-1.635517231,0.1294565773,-1.364404675
0.01733006857,-0.008262327927,0.2058442334,0.00736504068,0.5806701079,-0.0008123808984,0.8141052278,-0.01070522237,0.005554919998,0.009091213525,0.6208867831,0.0489478439,-0.005362342596,-0.003147164535,0.009475262901,-0.01050423717,0.6165914983,0.04108858912,-0.01049976717,-0.008322048132,-0.003908890589,0.06016808681,-0.003396939488,0.1527933716,-0.09083606492,0.03381626261,1.211725169,0.1021347032,1.40702004,-0.01591869927,-0.07013874918,0.05056268393,-0.005745090317,-1.634732255,0.1296685976,-1.365575173
0.01656477494,-0.00825770335,0.2071899229,0.007427412028,0.5843793752,-0.0009034324335,0.8114460938,-0.02720971298,0.00506915291,0.01023601088,0.6205617197,0.0496100004,-0.005297393397,-0.0196102297,0.009231129211,-0.01087758504,0.6173188008,0.04154017475,-0.01057218873,-0.008345311079,-0.003914891265,0.04537398796,-0.01058511418,0.1523253122,-0.08989517045,0.04628314636,1.209632951,0.1007422032,1.406463915,-0.02350550074,-0.06984289026,0.04939417628,0.006842298393,-1.633909281,0.1298114168,-1.366973246
0.01576064063,-0.008246447969,0.2085339135,0.00749301335,0.5879772364,-0.0009718395306,0.8088421847,-0.04345327322,0.004622460905,0.01139087371,0.6200312601,0.05036891034,-0.005246999899,-0.03581255657,0.008987186501,-0.01127440917,0.617789298,0.0424219716,-0.01063410855,-0.008408244411,-0.003933881242,0.03011634659,-0.01812977369,0.1518850808,-0.08918040733,0.0597577833,1.207465936,0.0994918995,1.405862813,-0.031447983,-0.06944760819,0.04807580094,0.02054698994,-1.63306519,0.1299167567,-1.368309391
0.01495251242,-0.008221170004,0.2097333238,0.007459380478,0.5921663229,-0.001048444954,0.805780556,-0.06113621535,0.004413315244,0.01276221868,0.6195629285,0.05087003172,-0.005196373824,-0.05357579055,0.00885297544,-0.01172058847,0.6180181129,0.04233426915,-0.01066488315,-0.008328125388,-0.003740919091,0.01183671026,-0.02509460471,0.1513600781,-0.0886455689,0.07428233796,1.205270502,0.09804118364,1.405214141,-0.03886930012,-0.06891603663,0.04671738999,0.03532624684,-1.632140141,0.129974791,-1.369571859
0.01412315981,-0.008186626265,0.2109176964,0.007368691592,0.5960993559,-0.001131323105,0.8028760679,-0.07803574429,0.004368110586,0.0142431539,0.6191125552,0.051235945,-0.0051585705,-0.07063337926,0.008790379207,-0.01217067609,0.6179903162,0.04189651276,-0.01067928082,-0.008187765826,-0.003453083709,-0.006331091606,-0.03228030508,0.1508644733,-0.08832996848,0.08955582098,1.203028553,0.09672921005,1.404583738,-0.0465305788,-0.06832170636,0.04523410902,0.05094513007,-1.631182035,0.1300033176,-1.370670715
0.01328624386,-0.008134805148,0.2119562588,0.007213488193,0.6006331139,-0.001232514938,0.7994912814,-0.09643976505,0.004459093967,0.01587116121,0.61869076,0.05160623362,-0.005071627786,-0.08928618913,0.008792189009,-0.01267994022,0.6178381456,0.04131955885,-0.01070311847,-0.007981086199,-0.002985430342,-0.02738214454,-0.03888919206,0.1502719453,-0.08811297833,0.1057486989,1.200860525,0.09522591359,1.404119964,-0.05363331672,-0.06757692049,0.04377596332,0.06727529615,-1.63025063,0.1299632911,-1.372219826
0.01242868754,-0.008070099351,0.2129897718,0.007022480001,0.6048956834,-0.001351032556,0.7962726114,-0.1140389532,0.004633848851,0.01754383394,0.6182600717,0.05194090347,-0.004987046582,-0.1071997648,0.008825321487,-0.01322427941,0.617550694,0.04073901791,-0.01072263022,-0.007769232658,-0.002427241247,-0.04804606795,-0.04573408606,0.1497133272,-0.0880479884,0.1225307595,1.198712005,0.0938859151,1.403834692,-0.06102804557,-0.06677262866,0.04223096907,0.08419956457,-1.629333089,0.1298983489,-1.373787902
0.01155279534,-0.008000499429,0.2139091415,0.006804678206,0.6096609593,-0.001459999622,0.7926317427,-0.1329853301,0.005002755067,0.01914404066,0.6178537984,0.0522151271,-0.004936472334,-0.1264896615,0.008838332592,-0.01376214927,0.6170971737,0.04005073734,-0.01069399072,-0.007572579112,-0.001745444869,-0.07103189758,-0.05218544699,0.1491114715,-0.08799867917,0.1400515317,1.196694215,0.09240257348,1.403745856,-0.06803037478,-0.06582538829,0.04071200966,0.1016537013,-1.628455927,0.129772541,-1.375864369
0.01064980143,-0.007928842908,0.2148533668,0.006573987471,0.614105316,-0.001574392872,0.7891951373,-0.151067681,0.00549031812,0.02058580926,0.6174287626,0.05243886766,-0.004904213826,-0.1449406744,0.008825397732,-0.01422414978,0.6164955229,0.0393728307,-0.01065301636,-0.00740019748,-0.001013450442,-0.09319911534,-0.05897714871,0.1485928774,-0.0880375384,0.1579471335,1.194736288,0.09110824732,1.403804353,-0.07545350323,-0.0648441063,0.03911407654,0.1195385384,-1.627594366,0.129636702,-1.377930237
0.009720303212,-0.007869745463,0.2157228563,0.006306932802,0.6189894682,-0.001671380094,0.785372184,-0.170524567,0.006221501176,0.02160652103,0.6159004545,0.05215045577,-0.004746204651,-0.1647794112,0.008894409811,-0.0144383042,0.6151599097,0.03808253027,-0.01061712859,-0.007268930975,-0.0001804101905,-0.117141754,-0.0655225578,0.1480935499,-0.08796566645,0.1763253569,1.192972069,0.08966364054,1.404107645,-0.08267542923,-0.06372421606,0.03751560973,0.1377615101,-1.626740426,0.1294187203,-1.380516032
0.008796648503,-0.007821414065,0.216609475,0.006023579402,0.6235493219,-0.001808141024,0.7817587162,-0.1885988406,0.007019005262,0.02242760092,0.6153356723,0.05257715864,-0.004689352498,-0.1834355167,0.008977712735,-0.0144100894,0.6144938453,0.03781110131,-0.01055071587,-0.007118745342,0.0006317963053,-0.140093075,-0.07225852893,0.1477154626,-0.08793340359,0.1948528548,1.191315472,0.08840055018,1.40454954,-0.09022974171,-0.0625644928,0.0358796568,0.1562980365,-1.625888253,0.1291790607,-1.383048687
0.007987380755,-0.007792195202,0.2173437808,0.005702388474,0.6285216668,-0.001947998699,0.7777687332,-0.2069152939,0.007894286548,0.02297747149,0.6162281417,0.05320479988,-0.004702325242,-0.2023721001,0.009209595787,-0.0141516667,0.6151437383,0.03814256158,-0.01047478492,-0.006962709074,0.00139229733,-0.1647251909,-0.07840452293,0.1472870695,-0.08784661307,0.2138704677,1.189899254,0.08697629917,1.405647279,-0.0971969765,-0.06126968003,0.03428506083,0.1752733649,-1.625019209,0.1288336748,-1.386191857
0.007296416136,-0.007778148196,0.2180032214,0.005362353203,0.6331595477,-0.002064083283,0.7739999818,-0.2236237763,0.008810382815,0.02341441401,0.6186071667,0.05361765151,-0.004867085733,-0.2196506178,0.00959525667,-0.01386732008,0.6174215318,0.0385249918,-0.01032083631,-0.00683169754,0.002098339912,-0.1883457242,-0.08422426039,0.1468889883,-0.08790781028,0.232736491,1.188677401,0.08571873449,1.407241472,-0.1039278015,-0.05997064886,0.03272229385,0.194391263,-1.624129795,0.1284594733,-1.389222321
0.006850897684,-0.007786490399,0.2185240363,0.005002780168,0.6381976531,-0.002199106663,0.7698531624,-0.240385015,0.009726640166,0.02382870494,0.6210031808,0.0540005225,-0.005062547977,-0.2372346485,0.01013229729,-0.01337817385,0.6202110274,0.0391955677,-0.01024861922,-0.006673900674,0.002579575501,-0.2130884875,-0.08902345655,0.1463874224,-0.08796249525,0.2513970945,1.187751849,0.08428457245,1.409681162,-0.1096030928,-0.05859372767,0.0312777944,0.2134094681,-1.623189786,0.1279948521,-1.392812408
0.006615441822,-0.007815779434,0.2190112984,0.004644175142,0.6430244864,-0.002291385799,0.7658281081,-0.2555939244,0.01065900876,0.02411634913,0.6226774375,0.05437997482,-0.005218858317,-0.253682374,0.01075077043,-0.01300463657,0.6230349649,0.04025705936,-0.01016961119,-0.006549211674,0.002868281865,-0.2365616514,-0.09320633124,0.145900076,-0.08820534353,0.2691864963,1.187091,0.0829805402,1.412740441,-0.1146648763,-0.05725725961,0.02990405434,0.2319606354,-1.622224142,0.1275071041,-1.396217253
0.006580547063,-0.007861124613,0.2194242991,0.004317243558,0.6481345378,-0.002349959333,0.7615099868,-0.2704228116,0.01154321792,0.02428105983,0.62264693,0.05480749213,-0.005360659366,-0.2699441086,0.01137190255,-0.01272046807,0.6247357364,0.04161802105,-0.01011957637,-0.006464646209,0.002956894693,-0.2603289967,-0.09638525944,0.1453279789,-0.08842149135,0.2859300818,1.186745862,0.08151305222,1.41638626,-0.1186140241,-0.05591186508,0.02864071798,0.2495759703,-1.621188771,0.1269835699,-1.39983704
0.006673152594,-0.00791980049,0.2198751442,0.004037797085,0.6530425863,-0.002327871541,0.7573068451,-0.2840457077,0.01240725633,0.02424041518,0.6208820286,0.05547255528,-0.005401717977,-0.2849659179,0.0119724418,-0.01258572866,0.6250459696,0.04333994648,-0.0100963415,-0.006466006231,0.00287014848,-0.2823526485,-0.0991804784,0.1448223633,-0.08877443684,0.301203986,1.186642538,0.08014320679,1.420388028,-0.1220419319,-0.05467856201,0.02742037142,0.2659543107,-1.62015151,0.1264848105,-1.403150549
0.006832354737,-0.007984618732,0.220337338,0.003779671895,0.6578990874,-0.002292852862,0.7530931202,-0.2969323945,0.01326054368,0.02404857757,0.6172961063,0.05625675605,-0.005386862587,-0.299364035,0.01252515585,-0.01244479163,0.6239007159,0.04531450985,-0.01013048036,-0.0064340097,0.002593819886,-0.3031514953,-0.1015960665,0.1443190737,-0.08903028732,0.3150241089,1.186816156,0.07861285436,1.424886346,-0.1247926598,-0.05353714834,0.02621421978,0.2806937655,-1.619072059,0.1259959415,-1.406713066
0.006996385167,-0.008052947291,0.2208898352,0.003558216218,0.6623931192,-0.002210039948,0.7491447193,-0.3087342592,0.01412328275,0.0236477105,0.6124580744,0.05720826734,-0.005319190232,-0.3126169825,0.01300233393,-0.01232175337,0.6215679437,0.04753747146,-0.01019863131,-0.006429850789,0.00215003972,-0.3213954405,-0.1040837814,0.1439585973,-0.08934166406,0.3271175607,1.187169061,0.07715686787,1.429587429,-0.1273880892,-0.05257663945,0.02499745097,0.2937234742,-1.618035857,0.1255659316,-1.410006072
0.007102301958,-0.00811408867,0.2215189237,0.003333127981,0.6663533171,-0.0021633033,0.7456255542,-0.3189773429,0.01496051011,0.02309724409,0.6070115906,0.05788001224,-0.005230266453,-0.3245971104,0.01340617266,-0.01208871045,0.6188578221,0.04968459987,-0.01031186584,-0.006303539677,0.00155179656,-0.3366923727,-0.1068210127,0.1436836402,-0.08946851721,0.3376203276,1.187688271,0.07557476657,1.434466252,-0.1299640909,-0.05181459966,0.02370348208,0.3049098053,-1.616988762,0.1251630438,-1.413438274
0.007137326861,-0.008165221452,0.222232596,0.003128284124,0.6697540049,-0.002092452676,0.7425735037,-0.3278457771,0.01575182379,0.02234068631,0.6015340288,0.05831614091,-0.005160681126,-0.3352603477,0.01375601082,-0.01182899949,0.6161548597,0.05174420028,-0.01040676256,-0.006164928189,0.0008591373671,-0.3489469018,-0.1098504154,0.1435679512,-0.08960898664,0.3464603032,1.188275287,0.07406017946,1.439219983,-0.1326603564,-0.05129478068,0.02238193762,0.3143878744,-1.616015984,0.1248205329,-1.416590753
0.007049210242,-0.008197638878,0.2230670909,0.002893866607,0.6719771656,-0.002054908987,0.7405633611,-0.3336553259,0.0165159766,0.02142774369,0.5969922838,0.05793048054,-0.005167408163,-0.3431720349,0.01410392323,-0.01151342369,0.6144539241,0.05357113981,-0.01050133235,-0.005888413538,0.0001184274265,-0.3562518458,-0.1137756913,0.1435573491,-0.08950897107,0.3540035697,1.188933279,0.07250023935,1.443919151,-0.1360383466,-0.05105755753,0.02090822032,0.3222948408,-1.615037033,0.124522283,-1.419904068
0.00687517085,-0.008210792674,0.2239413563,0.002670338917,0.6734289517,-0.001979502315,0.7392444777,-0.3375596133,0.0172296892,0.02035751272,0.5934000731,0.05692730626,-0.00521786195,-0.3492204177,0.01445063447,-0.01125780566,0.6137586241,0.0551992645,-0.01055253577,-0.00561477829,-0.000612141611,-0.3602821229,-0.1180638101,0.1436676598,-0.08943784432,0.3602994716,1.18957374,0.07104039126,1.448266839,-0.1396789795,-0.05108809559,0.01942012377,0.3289006223,-1.614141462,0.1242763212,-1.422972211
0.006591962632,-0.008197567838,0.2249338659,0.002426015999,0.6732316509,-0.001941153569,0.7394251082,-0.3370214011,0.01790690783,0.01917848546,0.5913751177,0.05478443998,-0.005311974602,-0.3511197547,0.01480942807,-0.01096405938,0.6146825848,0.05646686257,-0.01058661057,-0.005195558097,-0.001359287841,-0.3581075488,-0.1235337374,0.1438552793,-0.08910062323,0.3657518687,1.190211935,0.0695499725,1.452379623,-0.1444068821,-0.05142051846,0.01771756449,0.3344819148,-1.613253015,0.1240751259,-1.42625223
0.006260013601,-0.008152790758,0.2258977194,0.002197804546,0.6721874816,-0.001843968076,0.7403754176,-0.3343156406,0.01850773809,0.01789065941,0.5903970939,0.0520291299,-0.005466206479,-0.3508122191,0.01515985691,-0.01080293798,0.6168704643,0.05746303897,-0.0106011612,-0.004805050048,-0.001993939398,-0.3529606654,-0.1292097788,0.1440787421,-0.08884963123,0.3704414766,1.190770997,0.06816831405,1.456007483,-0.1493158028,-0.05202758019,0.01602557494,0.3392767898,-1.612447629,0.1239129114,-1.429306401
0.00586779168,-0.008091706645,0.2269002405,0.001975059245,0.6698329885,-0.001723463486,0.7425071692,-0.328009938,0.01905737961,0.01658272716,0.5902393287,0.04875225154,-0.00561587281,-0.3470809216,0.01552598941,-0.01070956373,0.6204617432,0.05800467661,-0.01062276406,-0.004386448918,-0.002541656201,-0.3433553038,-0.135765786,0.1443263391,-0.08843042496,0.3749146897,1.191253969,0.06682719687,1.459199337,-0.1550294775,-0.05290537821,0.0142358047,0.3436695265,-1.611667052,0.1237470482,-1.432272566
0.005471611571,-0.008012290379,0.2278004356,0.001785673648,0.6669521303,-0.001504130303,0.7450969097,-0.3203495051,0.01960437614,0.01526934995,0.5907653527,0.0452228713,-0.005740037733,-0.3418543968,0.01588406754,-0.01080008606,0.6249399187,0.05823895536,-0.01065198454,-0.004084624453,-0.002904246758,-0.3324233791,-0.1422103725,0.1445529515,-0.08815145904,0.3791755105,1.191617414,0.06562753603,1.461800559,-0.160592084,-0.05398134936,0.01255510411,0.3477582938,-1.610958564,0.1235752173,-1.434919321
0.005115241529,-0.007907579278,0.2286788272,0.001572942278,0.6628998641,-0.001290383936,0.7487053031,-0.309064696,0.02011551089,0.01406319887,0.5913241863,0.04158955219,-0.005915546249,-0.333172649,0.01628926301,-0.01082370943,0.6299030136,0.05820432931,-0.0106633938,-0.003667269185,-0.003117111326,-0.3180267396,-0.1491818758,0.144735999,-0.08783050746,0.3837314052,1.191880923,0.06445848219,1.46394717,-0.1666668804,-0.05525272261,0.01078773422,0.3520082499,-1.610209295,0.1234042141,-1.437412358
0.004833535506,-0.007777376896,0.2294038774,0.001370122373,0.6585209602,-0.001007540502,0.7525604644,-0.2967715651,0.02063138499,0.01291842969,0.5920434288,0.03813314076,-0.006062838243,-0.3233592709,0.016702381,-0.01093692136,0.6350243843,0.05816390334,-0.01066938075,-0.003321459469,-0.0030976646,-0.3033856263,-0.1557002953,0.1448365082,-0.08774062591,0.3884904692,1.192019468,0.06341998234,1.465605884,-0.1722794503,-0.05662642631,0.009152781742,0.3563735251,-1.609492718,0.1232165518,-1.439592912
0.004570938515,-0.007621101249,0.230082293,0.001214669385,0.6531100803,-0.0007822161779,0.7572616032,-0.2809552978,0.02098303624,0.01192392908,0.5923696024,0.03442638254,-0.006125000662,-0.3101669764,0.01691714051,-0.01098181582,0.6398329593,0.05775522127,-0.010697634,-0.002982363547,-0.002973290306,-0.2859884048,-0.1627204738,0.1449704244,-0.08758948832,0.3937960865,1.192065968,0.06244597633,1.46612514,-0.1784040872,-0.05805663858,0.00746801094,0.3609458164,-1.608781433,0.123001023,-1.441244144
0.004350372958,-0.007434861077,0.2305939635,0.001105746943,0.6475646519,-0.0005472386564,0.7620095141,-0.2645298501,0.02124716856,0.01102355338,0.5925525809,0.03074928443,-0.006154902708,-0.2962775163,0.0169760831,-0.01103626309,0.644279087,0.05726627713,-0.01074994402,-0.002770087906,-0.002613456542,-0.269125553,-0.1691755493,0.1450704531,-0.08762723595,0.3993757423,1.191981884,0.06162190685,1.465922175,-0.1840286883,-0.05947040526,0.005950733203,0.3655579474,-1.608114513,0.1227626421,-1.442517167
0.004180077625,-0.00724044027,0.2310493763,0.0009661659521,0.6412258681,-0.0002128856589,0.7673515539,-0.2456037206,0.02169265114,0.01016206084,0.5923689188,0.02719452938,-0.006211730652,-0.2798155834,0.01719744784,-0.01110061503,0.6481122718,0.05688324313,-0.01080586729,-0.002654987626,-0.00194627189,-0.2504172021,-0.1758594133,0.1451201014,-0.08762603565,0.4054640641,1.191808979,0.06082078383,1.465339079,-0.1897543879,-0.06092078203,0.004426304917,0.3703737597,-1.607407595,0.1225075317,-1.443731178
0.004077415585,-0.007039191183,0.2313409594,0.0008158176878,0.6349433516,0.000219914362,0.7725582349,-0.2268655465,0.02228402919,0.009292536742,0.5921307024,0.02402181855,-0.006237657271,-0.2632417675,0.01751938481,-0.01126468533,0.6514053961,0.05681501021,-0.01083247374,-0.002696114994,-0.001001036235,-0.2328893928,-0.1818443126,0.1450699498,-0.08780161633,0.4118127052,1.191550362,0.06011997852,1.46471534,-0.194775172,-0.06230448428,0.003060713237,0.3753435675,-1.606730208,0.1222299621,-1.444804079
0.004033791943,-0.006850265742,0.2316069806,0.0006804337821,0.6279659445,0.0007152701239,0.7782401929,-0.2057051877,0.02292564267,0.008446771916,0.5909795964,0.02119947713,-0.006227218578,-0.2445466697,0.0179419467,-0.01144607181,0.6542390429,0.05709718158,-0.01080989796,-0.002883023928,3.303438611e-05,-0.2137227836,-0.1880558658,0.145085609,-0.0879530089,0.4186085848,1.191248195,0.05940972527,1.463991924,-0.1999545373,-0.06360700307,0.001660947006,0.3805929562,-1.606054339,0.1219374353,-1.445938501
0.004069766498,-0.006660359522,0.2317520179,0.0004825599377,0.621230303,0.001268394659,0.7836268685,-0.1851628875,0.02373220872,0.007548478974,0.5894795798,0.01890909043,-0.006178232168,-0.2259110289,0.01852758574,-0.01179435561,0.6560875344,0.0577114822,-0.01076188898,-0.003148979679,0.001333111224,-0.1960937742,-0.1936185767,0.1450007091,-0.08823436748,0.4256732808,1.190921403,0.05877091774,1.463511072,-0.2045484544,-0.06481461748,0.0004065278564,0.3861210254,-1.60541962,0.1216235873,-1.446995258
0.004180760575,-0.006458600373,0.2319004486,0.0002256333764,0.6140156981,0.001836876967,0.7892916428,-0.1625823275,0.02453815095,0.006537029176,0.5868147584,0.01665769473,-0.006074091277,-0.2046515751,0.01924882453,-0.01217320773,0.6558615511,0.05810074331,-0.01069818647,-0.003428244821,0.002846791515,-0.1773565087,-0.1993870211,0.1448734599,-0.08841139532,0.433161996,1.190540166,0.05810003913,1.462792326,-0.2094209076,-0.06605893918,-0.0008729419193,0.3920466704,-1.604862525,0.1212588159,-1.447829397
0.004365855059,-0.00623325853,0.2319960947,-0.0002024035945,0.6072538115,0.002309731062,0.7945045202,-0.1410892439,0.02545444653,0.005518010202,0.583627758,0.01468067481,-0.005919521872,-0.1837999447,0.02017086585,-0.01247578127,0.6537613117,0.05848479301,-0.01064941074,-0.003516814792,0.004672980862,-0.1604310443,-0.2045765267,0.1445923164,-0.088601875,0.4408268242,1.190132698,0.05750661606,1.462333684,-0.2139921383,-0.06728113944,-0.00199852323,0.3983191807,-1.604361737,0.1208541695,-1.448499421
0.004580628524,-0.005979906307,0.2321584048,-0.0007372813771,0.6000593818,0.00268770897,0.7999506053,-0.1183393212,0.02632676204,0.004375074374,0.5801170333,0.01292224755,-0.00577328495,-0.1613228498,0.02115613145,-0.01276660413,0.6505123433,0.05871166142,-0.01058384095,-0.003527756973,0.006679527181,-0.1423474182,-0.2098470155,0.1443525156,-0.08872220131,0.4484677658,1.189636667,0.05700044997,1.460986346,-0.2188422319,-0.06851240508,-0.003114817363,0.4046687275,-1.603782168,0.1204314384,-1.449406838
0.004815413072,-0.005703139623,0.2323003256,-0.001353126108,0.5932577314,0.002913580683,0.8050061765,-0.09694884579,0.02709344228,0.003269938649,0.5767579346,0.0115549052,-0.005619144041,-0.1396994746,0.02210365193,-0.0129177766,0.646365585,0.05879865623,-0.01053588943,-0.003450561948,0.008735571274,-0.1257686825,-0.2146123414,0.1440342443,-0.08878702939,0.456068772,1.189123202,0.05660399435,1.460762963,-0.2235859015,-0.06965188272,-0.004111753302,0.4112790786,-1.60319586,0.1199624315,-1.450362685
0.00504544966,-0.005409158588,0.2325104073,-0.001964687711,0.586057168,0.003058369752,0.8102615517,-0.07474774086,0.02767640454,0.002145236157,0.5736473261,0.01035959814,-0.005461058033,-0.1169268694,0.02291874835,-0.01307101407,0.6417843509,0.05869215547,-0.0104702319,-0.003481785384,0.01067734186,-0.1080220794,-0.219740474,0.1437016487,-0.08860831526,0.4638878577,1.188625672,0.05624412465,1.462225463,-0.228786015,-0.07074909807,-0.005126968247,0.4180824696,-1.602571123,0.1194510727,-1.451333641
0.005267078952,-0.005104373278,0.2326833561,-0.002520001137,0.5792234329,0.003087834061,0.8151590824,-0.05399346869,0.02799766318,0.001166860237,0.5710630755,0.00944701185,-0.005317963548,-0.09518546679,0.02345962031,-0.0131662616,0.637025066,0.05831234299,-0.01041379434,-0.003595101244,0.0123773134,-0.09164473292,-0.2246377487,0.1433638671,-0.08838620706,0.4718450465,1.188129573,0.05599731796,1.464775876,-0.2339851349,-0.07171859304,-0.00606219873,0.4251973105,-1.601961948,0.1189048867,-1.452266039
0.005450080464,-0.004802028051,0.2329057779,-0.003004119874,0.5720690362,0.003101432966,0.8201941076,-0.03290823944,0.02816371481,0.0002742156736,0.569050531,0.008863115539,-0.005221730677,-0.07275369902,0.02382079391,-0.01337190159,0.6323251883,0.05783347973,-0.01033828661,-0.003789869222,0.01382099315,-0.07430706525,-0.2301549173,0.1430670219,-0.08806622129,0.4801019646,1.187619428,0.05580026284,1.467957694,-0.2396464514,-0.07269981345,-0.007080172096,0.4325175891,-1.601319224,0.1183706911,-1.453095152
0.005605354634,-0.004502764791,0.2330753348,-0.003400640371,0.5652926812,0.003062933839,0.8248777114,-0.01338473201,0.02813516056,-0.0004239020218,0.5677262555,0.008624595565,-0.005153311618,-0.05151958955,0.02391824547,-0.01363402193,0.6278356679,0.05716370537,-0.0102643583,-0.004012199439,0.01498916744,-0.0583469815,-0.2355485635,0.1428067911,-0.0878357004,0.4884458828,1.187077183,0.05569373191,1.471088101,-0.245209847,-0.07361633311,-0.00805710967,0.4400287023,-1.600710479,0.1178543664,-1.453824788
0.005708308088,-0.004224172943,0.2332870409,-0.00369400922,0.5582908703,0.003033989424,0.8296315166,0.006197918894,0.0279237795,-0.001005454393,0.566981637,0.008664267542,-0.005068829649,-0.02996514626,0.02384827462,-0.01403942111,0.6236266246,0.05647983658,-0.01018476755,-0.004190881042,0.01580323161,-0.04166824225,-0.2415127035,0.1426129385,-0.08762293946,0.4968974099,1.186496847,0.05556192815,1.47394491,-0.2510508546,-0.07456700298,-0.009133224586,0.447584865,-1.600123945,0.1174331687,-1.454442985
0.005780353226,-0.003961269211,0.2334508933,-0.003908378773,0.5516985381,0.002990889699,0.8340290776,0.02420266767,0.02758070465,-0.001394674521,0.5668507696,0.008952115223,-0.004987188959,-0.009725846192,0.02360622042,-0.01454509941,0.6197379926,0.05570678578,-0.01011436733,-0.004303581314,0.01636238751,-0.02638492034,-0.2472539483,0.1424255392,-0.08755435166,0.5051991438,1.18589905,0.05544955565,1.476276297,-0.2565995697,-0.07548895388,-0.01017520421,0.4551025727,-1.599609626,0.1170880917,-1.454954158
0.005795846061,-0.003726841067,0.2336593327,-0.004044187934,0.5450357407,0.002969154345,0.8383977994,0.04161543715,0.02715251452,-0.001711862036,0.5677124639,0.009400490687,-0.004901868542,0.01040399866,0.02325771762,-0.0151152075,0.6161988182,0.05488597002,-0.01004580716,-0.004239623442,0.01661959857,-0.01073172065,-0.2533269165,0.142270001,-0.08756290891,0.5132705381,1.18529912,0.05524374703,1.478139035,-0.262147274,-0.07644577076,-0.01128175988,0.4623690299,-1.599161645,0.1169299218,-1.455358494
0.005784103859,-0.003514697234,0.2338356261,-0.004147231858,0.5388178696,0.002924192895,0.8424069996,0.05731350191,0.02669048279,-0.001875031349,0.5693172229,0.01002083481,-0.004822598762,0.02913180578,0.02283356203,-0.01566620153,0.6130015152,0.05395005181,-0.009986712985,-0.004002252069,0.01668520915,0.00356337069,-0.2590770067,0.1420862114,-0.08769122002,0.5209655588,1.184736011,0.05500677491,1.479602336,-0.2672641984,-0.07736805111,-0.01233988575,0.4693547119,-1.598815307,0.1168920142,-1.455672069
0.005725442679,-0.003336228414,0.2340177043,-0.004244575527,0.5330115515,0.002865672937,0.8460924639,0.07105028883,0.02622889262,-0.00206228736,0.5721502242,0.01082669527,-0.0047307602,0.04647754997,0.02243187356,-0.01616592992,0.6101694275,0.05281727195,-0.009890403473,-0.003446769803,0.01656219276,0.01688537303,-0.2646995219,0.1418560459,-0.08793247939,0.5280891856,1.184221933,0.05473551814,1.480647746,-0.271964555,-0.07832004475,-0.01338175098,0.475816387,-1.598537901,0.1170263673,-1.455590813
0.005643382117,-0.003186490647,0.2341672074,-0.004369656829,0.5278036557,0.002739707772,0.8493507527,0.08280861404,0.02578541604,-0.002153105061,0.5756400823,0.01179111035,-0.004642444692,0.06197817218,0.02206537899,-0.01650763853,0.6076827629,0.05152461372,-0.009798111452,-0.002627486007,0.01630773045,0.02857523245,-0.2698442392,0.141585186,-0.08822365805,0.5345866135,1.183794647,0.05446909384,1.481405334,-0.276121311,-0.07922219718,-0.01433347063,0.481762499,-1.598347302,0.1172458808,-1.455356781
0.005534441055,-0.00306536919,0.2342798456,-0.004548881095,0.52352392,0.00253953702,0.851995049,0.09188159085,0.02534708052,-0.00222352569,0.5796856111,0.01267698682,-0.004518622669,0.07465737692,0.02180558111,-0.01666219337,0.6053184549,0.05014519689,-0.009728904939,-0.001498905789,0.01598013423,0.0378830579,-0.2743414389,0.141282388,-0.08852140985,0.5402852336,1.183451851,0.05412343588,1.481897077,-0.2796204626,-0.0800462035,-0.01514643919,0.4870481302,-1.598293216,0.1176102973,-1.455105701
0.005404507913,-0.002971089641,0.2343711233,-0.004742203926,0.5200216127,0.002291843772,0.8541368633,0.09917864569,0.02492969007,-0.002180927903,0.5835007927,0.01336132297,-0.004405810791,0.08495677195,0.02161770878,-0.01664635118,0.6031607832,0.04873297196,-0.009683625276,-0.0002492928595,0.015561117,0.04529054364,-0.2782256273,0.1410023911,-0.08879963213,0.545140375,1.183186387,0.05376416816,1.482162813,-0.2825853336,-0.08076004074,-0.0158644221,0.4916713087,-1.598327022,0.1180405448,-1.454859913
0.005282296671,-0.002890486453,0.2343689734,-0.004927371651,0.5180911995,0.00198364375,0.8553088887,0.1027265664,0.02448625275,-0.002028722125,0.5870854591,0.01363349431,-0.00437411386,0.09083698811,0.02139431448,-0.01658789251,0.6015552134,0.04690880754,-0.009586137697,0.001168885067,0.01500275063,0.04855184869,-0.280750825,0.1406531951,-0.0892132667,0.548737768,1.183005407,0.0534155998,1.481932166,-0.2843756298,-0.08131468226,-0.01644913154,0.4954552921,-1.598384886,0.1185495826,-1.454043129
0.005150189725,-0.00283120821,0.2343590026,-0.005011102087,0.5170730406,0.001694142567,0.8559249321,0.104311414,0.02396247406,-0.001820138715,0.5900038286,0.01349765472,-0.004394852032,0.09397966642,0.02106489499,-0.01658375998,0.6004744244,0.04491355839,-0.009481707654,0.002501354126,0.01419745703,0.04978518749,-0.2825165663,0.1403533268,-0.0896362672,0.5511397153,1.182908897,0.05306047138,1.481355351,-0.2854769084,-0.08172716874,-0.01700665092,0.4982876396,-1.598450245,0.1190944907,-1.45307123
0.005030626603,-0.002788949534,0.2342815122,-0.004976887166,0.5179129548,0.001408036523,0.855417687,0.1012364402,0.02328069669,-0.001549324267,0.5926564033,0.01284640027,-0.004451343203,0.0918648156,0.02055111751,-0.01670937341,0.6002898656,0.04239396163,-0.009390580328,0.003725953959,0.01315625897,0.04627878663,-0.2829281917,0.1400815752,-0.09016276426,0.5523239357,1.182856467,0.052660137,1.480557983,-0.2853334695,-0.081919408,-0.01739492781,0.5000700959,-1.598611583,0.1196527959,-1.451810441
0.004880699317,-0.002771164696,0.2342469196,-0.004788128227,0.5195406159,0.001183243229,0.8544315199,0.09608896482,0.02244014133,-0.001300230686,0.5949610449,0.01183503012,-0.004525492273,0.08720928116,0.01985274522,-0.01700351405,0.6008610981,0.03968962854,-0.009311970778,0.004714559643,0.01184950625,0.04133723169,-0.2828755846,0.1399604175,-0.09065967948,0.5523391718,1.182822025,0.05221504863,1.479523457,-0.2846864901,-0.08199020848,-0.01776088348,0.5006930925,-1.598793948,0.1202333225,-1.450545076
0.004747093569,-0.002778441396,0.2341280258,-0.004521874214,0.5223367036,0.000983794971,0.852726775,0.08796492758,0.02150480541,-0.0009751483339,0.5971617561,0.01064399473,-0.004620484584,0.07924412386,0.01907277473,-0.0174572084,0.6020475448,0.03695839032,-0.009162491883,0.005556629204,0.01036358156,0.03345938563,-0.2815852831,0.1399036163,-0.09133629181,0.5508780798,1.18278358,0.0519403212,1.477962859,-0.2828732785,-0.08191955312,-0.01801197772,0.5000470887,-1.598909733,0.1207245249,-1.448260245
0.004595593203,-0.00281198917,0.2340115266,-0.004186809217,0.5254310657,0.00084825419,0.8508254499,0.07899056621,0.02054305819,-0.000616175685,0.599213896,0.009402039634,-0.00471888138,0.07025477188,0.01827014692,-0.01803797128,0.6036984389,0.03433534988,-0.009019390901,0.006211730019,0.008756596718,0.02527334319,-0.2798406244,0.1399692464,-0.09195285177,0.5481602739,1.182774422,0.05168971666,1.47604664,-0.2805596981,-0.0818046756,-0.01820805106,0.4981161705,-1.598966922,0.1211503203,-1.445813869
0.004453481215,-0.002857234297,0.2338080497,-0.003780330981,0.5296774596,0.000716388286,0.8481904177,0.06689729719,0.01955728739,-0.0001944194275,0.6012638709,0.007798881397,-0.004726184024,0.05810340938,0.01727718556,-0.01856805303,0.6060204885,0.0310545969,-0.008960616289,0.00666162433,0.007048311934,0.01408592421,-0.2770152824,0.1401381299,-0.09262327926,0.5443886588,1.182858296,0.05146773231,1.474090755,-0.2772541135,-0.08156866974,-0.01819305546,0.4950728064,-1.5989782,0.1214742497,-1.443253946
0.004284226221,-0.002914561692,0.2336160348,-0.003336266134,0.5340823932,0.0006203004491,0.8454256217,0.05420672611,0.01861756841,0.0002254371867,0.6032477648,0.006042486533,-0.004728130296,0.0453379316,0.01622640657,-0.01905388809,0.608780216,0.02744879777,-0.008908624377,0.006935955614,0.005345492065,0.002918765084,-0.2739346729,0.1404728669,-0.09320511234,0.5396827525,1.182985878,0.05120205933,1.472013985,-0.2737085892,-0.08132757306,-0.01809212905,0.4909700676,-1.598953638,0.1217372416,-1.440896425
0.004096722631,-0.002985985243,0.2333778722,-0.002884392182,0.539441445,0.0005517131735,0.8420179946,0.0386042355,0.01778478867,0.0006331228715,0.6056028746,0.004266783572,-0.004741504453,0.02977823098,0.01517677346,-0.01949463175,0.6122970627,0.02349185813,-0.008834632259,0.007000930369,0.003702735786,-0.01075703179,-0.2700498848,0.1409450482,-0.09382004347,0.5341548643,1.183150778,0.05094561594,1.469792183,-0.2696297562,-0.08103413315,-0.0177444617,0.4862356256,-1.598852472,0.1219081283,-1.438309353
0.003863042792,-0.003073217322,0.2331885299,-0.002441595152,0.5447418898,0.0005111961291,0.8386000541,0.0228175918,0.01707773738,0.001041978434,0.6081530133,0.002595542707,-0.004778869437,0.01406166049,0.01419483233,-0.01985717766,0.6162462897,0.01942226886,-0.008742981627,0.00695870123,0.002149623051,-0.02385819994,-0.2661955008,0.1416014153,-0.09433114637,0.5279397369,1.183310993,0.05063136167,1.467335696,-0.2656799832,-0.08077398134,-0.01732461823,0.4808403996,-1.598712815,0.1220291957,-1.435862727
0.003615203491,-0.003192521066,0.2329749951,-0.002020209977,0.5507193539,0.0004944375654,0.8346878863,0.004977388278,0.01652601449,0.001434870009,0.6106138397,0.001289420733,-0.004891102545,-0.003766186498,0.01336927065,-0.02010654272,0.6206748745,0.01536880625,-0.008630016615,0.006768561196,0.0006767701435,-0.03876722336,-0.2618547147,0.1424268045,-0.09486242758,0.5212136878,1.183472208,0.05033669364,1.464793654,-0.261387163,-0.08045725203,-0.01664688214,0.4750152082,-1.59854063,0.1220868678,-1.433039875
0.00333111393,-0.003343600214,0.2328246596,-0.001613685273,0.5564679622,0.0005130876797,0.8308673419,-0.01241252035,0.01612929446,0.001840145396,0.6130253299,0.0002427085362,-0.005036677745,-0.02127505517,0.01271115575,-0.0202413937,0.6252988564,0.01146967318,-0.008526257698,0.006501749975,-0.0007183515731,-0.05269239569,-0.2577574948,0.1434409605,-0.09528222571,0.5140822992,1.183614064,0.05000004239,1.462052757,-0.2573302981,-0.08015956168,-0.01590217425,0.4687142794,-1.598359764,0.1221121466,-1.430307083
0.00305516846,-0.003517660629,0.232639012,-0.001211553633,0.5628661151,0.0004611079806,0.8265470682,-0.03164766022,0.01573467668,0.002312980307,0.6155264841,-0.0004808907281,-0.005118876191,-0.04072099269,0.01204481974,-0.02016013491,0.6299020896,0.007610473753,-0.008374966275,0.006218513697,-0.002091829784,-0.06848887312,-0.2530860079,0.1446156744,-0.09572117001,0.5066088839,1.18376343,0.04964457052,1.459204412,-0.2529947389,-0.07978841963,-0.01491882761,0.4622050217,-1.598143808,0.1220893421,-1.427560507
0.002761279893,-0.003712982268,0.2325112123,-0.0008015971067,0.5690098726,0.0003819464995,0.8223302113,-0.05012019863,0.01539628413,0.00294578285,0.6178828013,-0.001056329022,-0.005238180714,-0.05968804208,0.01140510721,-0.0199205685,0.6343950127,0.003915741418,-0.008232719565,0.005928560477,-0.003421261989,-0.08330396877,-0.2486237403,0.1459528542,-0.09604388623,0.4988895604,1.183892568,0.0492295123,1.456244732,-0.2489291931,-0.07942614336,-0.01388584591,0.4553758986,-1.597924101,0.1220448422,-1.425043524
0.002492289791,-0.003924120721,0.2323471041,-0.0003635119454,0.5757040172,0.000276311743,0.8176580435,-0.07012495971,0.01501678851,0.003543018256,0.6203120413,-0.00148983483,-0.005436638111,-0.08015568751,0.01073203872,-0.01947271081,0.6383638444,0.0004484689397,-0.008164871686,0.005599893733,-0.004718834167,-0.09976350668,-0.2436217161,0.1473641058,-0.09640406187,0.4908719631,1.184030519,0.04878282524,1.45311972,-0.2446685487,-0.07904279882,-0.01269008753,0.4485616841,-1.597681388,0.1219841202,-1.42243197
0.002219765188,-0.004156791449,0.2322416762,0.0001169489547,0.5820961518,0.0001670079008,0.8131199349,-0.08917183859,0.01458547736,0.004109542929,0.6224203709,-0.001867920563,-0.005671278637,-0.09987333924,0.01004469587,-0.01887917198,0.6420203737,-0.002759801528,-0.008124562072,0.005244253518,-0.006023091461,-0.1151155824,-0.2388938229,0.1488876495,-0.09665315412,0.4826977706,1.184161333,0.04827386976,1.44996771,-0.2406325139,-0.07867272926,-0.01148298564,0.44148167,-1.597445262,0.1219351951,-1.419956446
0.002027610632,-0.004393196621,0.232073876,0.000582653817,0.5889431997,1.397463908e-05,0.8081742187,-0.1091534009,0.0141718533,0.004649203013,0.6239018116,-0.001798606865,-0.005911603501,-0.1207979691,0.009343232936,-0.01811701692,0.6451730536,-0.005049921051,-0.008127367622,0.004882971705,-0.007199780908,-0.1319645938,-0.2334351616,0.1504485733,-0.09699942994,0.4742305366,1.1842245,0.04778013294,1.446752934,-0.2360631704,-0.07826968057,-0.01013161357,0.4342212916,-1.597206399,0.1217976153,-1.417069999
0.001875475811,-0.004639872184,0.2319410387,0.001074301183,0.5954533986,-0.0001093308433,0.8033891236,-0.127955169,0.01376677988,0.00509166766,0.6246335542,-0.001364433013,-0.006154869681,-0.1407964336,0.008650930237,-0.01733400612,0.6480769603,-0.006628369528,-0.008128215063,0.004418832467,-0.00827579815,-0.1476797798,-0.2281210144,0.1520640617,-0.09723718557,0.4656758423,1.184243509,0.04724299542,1.443713925,-0.2314593914,-0.07787749803,-0.008741807919,0.4265222338,-1.596969584,0.1216253573,-1.414202643
0.001849772657,-0.004866901916,0.2317362894,0.001584373207,0.602518439,-0.0001801137584,0.7981033692,-0.1480454314,0.01335557011,0.005339268624,0.6245750852,-0.0004500599179,-0.006440875182,-0.1620407956,0.007914315219,-0.01657967924,0.6503322831,-0.007296221003,-0.008175643331,0.003772134206,-0.009186836196,-0.165125341,-0.2219079156,0.1535801453,-0.09758616183,0.45678895,1.184277814,0.046701302,1.440790371,-0.2260562814,-0.07742706526,-0.007242270493,0.4185020188,-1.59680455,0.1213880245,-1.411245475
0.001901446951,-0.005076765417,0.2315750736,0.002092656221,0.6093214596,-0.0001923864844,0.7929205147,-0.1672517223,0.01297653822,0.005450070245,0.6237334652,0.0008823748951,-0.00673867322,-0.1823399119,0.007186949945,-0.01591807044,0.6519761164,-0.007231395863,-0.008213761608,0.003013491339,-0.009915796961,-0.1814920935,-0.2157890619,0.1550220454,-0.09782187267,0.4477925764,1.184355283,0.04610682358,1.438301212,-0.2205452279,-0.07700720662,-0.005756450692,0.4099863238,-1.596666466,0.1211561853,-1.408470658
0.002109828069,-0.005269456773,0.2313527175,0.002544574562,0.616470907,-0.0001433019259,0.7873735615,-0.1870848463,0.01276131535,0.005464512476,0.6218925356,0.002880593292,-0.007079254764,-0.202887563,0.006555252061,-0.01536531587,0.6523573174,-0.006354911935,-0.008183701767,0.002133386721,-0.01040203374,-0.1989823373,-0.2089560131,0.1562802954,-0.09807119196,0.4386264624,1.184535005,0.04554128082,1.436192805,-0.2142068169,-0.07648693786,-0.004159021774,0.4010503118,-1.596611671,0.1208890575,-1.405832244
0.002412685446,-0.005449484022,0.2311813195,0.002930556116,0.6232999537,-0.0001003021244,0.7819773459,-0.2058585795,0.0126377484,0.005425512755,0.6192731036,0.005462400046,-0.007400627543,-0.2221107134,0.005995230515,-0.01484346969,0.6515504512,-0.00475224195,-0.008123683291,0.001292524537,-0.01074143669,-0.2151828652,-0.202276198,0.1574658251,-0.09817982939,0.4294128532,1.184808523,0.04497331311,1.434637847,-0.2078577284,-0.07594430822,-0.002593136563,0.3917331418,-1.596591851,0.1206403888,-1.403484764
0.002851377087,-0.005610657605,0.2309577954,0.003248800508,0.6303102545,-6.539236611e-05,0.7763365405,-0.2247544627,0.01262778305,0.00544549888,0.6157135523,0.008650197514,-0.007714074323,-0.241147319,0.005514035267,-0.01428998822,0.6492063848,-0.002404032739,-0.008063636955,0.0004507355296,-0.01090828115,-0.2321443497,-0.1950996523,0.1584860517,-0.09825042293,0.420304811,1.185159703,0.04439844389,1.433565746,-0.2010186827,-0.07529313949,-0.0009804239133,0.3823715058,-1.59664948,0.120361643,-1.401384695
0.003359642141,-0.005757252413,0.2307883475,0.003498716443,0.636937848,-0.0001030650522,0.7709072098,-0.2424316252,0.01264453697,0.005498859005,0.611534032,0.01234588217,-0.007982921971,-0.2588278754,0.005057309547,-0.01364779475,0.6456527302,0.0006443092774,-0.008011065888,-0.0002432349069,-0.01101034074,-0.2477261839,-0.1881833198,0.1594631316,-0.09819129537,0.4113186136,1.185560155,0.04381594073,1.432970075,-0.1944627533,-0.07462320574,0.0005543243536,0.3730316865,-1.596739559,0.1201019709,-1.399594865
0.003964881087,-0.005885006867,0.2305731128,0.003675203704,0.6434539193,-0.0001888312587,0.7654760028,-0.2593739436,0.01276079012,0.005660918976,0.6065388912,0.01647939453,-0.008271771188,-0.2756008162,0.004651404801,-0.01293458582,0.6407117525,0.004262596303,-0.007950624722,-0.0008415829734,-0.01097163957,-0.2633519398,-0.1810298834,0.1602983409,-0.09807368966,0.4026732649,1.186007399,0.04320747025,1.432728164,-0.1878214314,-0.07387684118,0.002054734567,0.3640672003,-1.596860653,0.1198053004,-1.398141293
0.00460739552,-0.005998160927,0.2303971206,0.003789515387,0.6494761433,-0.0003617734529,0.7603724403,-0.2748055394,0.01288462819,0.005840105529,0.6011311721,0.02095703197,-0.008523246504,-0.2908225843,0.004255543952,-0.01211029221,0.6349220422,0.008381082891,-0.007889219015,-0.001254063413,-0.01089146569,-0.2774666732,-0.1742192174,0.1611000656,-0.09786017023,0.3943399884,1.186462829,0.04259533077,1.432773689,-0.1816485325,-0.0731326711,0.003450926588,0.3554813645,-1.596993649,0.11951902,-1.396976238
0.005309127818,-0.006097502281,0.2301947762,0.00384533235,0.6550086812,-0.0006082866386,0.7556113227,-0.2883914994,0.01306006264,0.006127659745,0.5949654674,0.02577230487,-0.00875524636,-0.3042426919,0.003902301444,-0.01118377326,0.6283370487,0.01270630304,-0.007829511738,-0.00151046779,-0.0107342302,-0.290573453,-0.1675388226,0.1618148488,-0.09758820806,0.386648431,1.186884136,0.04193850549,1.433117938,-0.1758044813,-0.07235658519,0.004746086046,0.3476746578,-1.597125554,0.1191876928,-1.395985216
0.006023716747,-0.006184617852,0.2300150694,0.003857850668,0.6599230168,-0.0009206358305,0.7513227544,-0.3001428076,0.01323019989,0.006375906081,0.5885829886,0.03083890902,-0.008941758185,-0.3158704952,0.003568463041,-0.01018042013,0.6214858327,0.01720968986,-0.007776043529,-0.001615551506,-0.01053454085,-0.3020046134,-0.1613143403,0.1624958262,-0.09726215372,0.3795577016,1.187248189,0.04128577391,1.433652574,-0.1705146459,-0.07161042079,0.00594207087,0.3405343469,-1.597239785,0.1188560997,-1.395156887
0.006724250145,-0.006265069245,0.2298412074,0.003821942978,0.663965805,-0.001235940662,0.7477521481,-0.3092139258,0.01352556836,0.006608087533,0.5821106653,0.03574392166,-0.009151291171,-0.3248554831,0.003321267387,-0.009198483324,0.6146378923,0.02150723302,-0.007700374167,-0.001673433007,-0.01027401432,-0.3112100517,-0.1558241537,0.1631010593,-0.09685544863,0.3734541092,1.187592264,0.04062606043,1.4346233,-0.1659904833,-0.07093542234,0.007007399634,0.3343866638,-1.597316077,0.1184787499,-1.394485393
0.007390806102,-0.006340186701,0.2296718397,0.003754551314,0.6672873015,-0.001558350583,0.7447893206,-0.3163014257,0.01386801895,0.006709778814,0.5759741949,0.04046322949,-0.00932954696,-0.3318913355,0.003128995043,-0.008226388248,0.6081670977,0.02561690905,-0.007617923369,-0.001681074315,-0.01000209893,-0.3185907383,-0.150952596,0.1636589055,-0.09643382592,0.3681612555,1.187906295,0.04002329494,1.435877853,-0.162076694,-0.07033960761,0.007996379511,0.3290714286,-1.597352185,0.1180887919,-1.393934533
0.007990973966,-0.006422678779,0.2295575389,0.003643082073,0.6692024036,-0.001857080137,0.7430689216,-0.3192836795,0.01436577406,0.006710325336,0.5702031766,0.04465838691,-0.009518630872,-0.3350045505,0.003035978514,-0.007366374686,0.6025000678,0.02905231951,-0.007534208714,-0.001666649863,-0.009677834674,-0.3218957215,-0.147295468,0.164202835,-0.09583660318,0.3639261734,1.18822618,0.03943372695,1.437562086,-0.1593636384,-0.0698470128,0.008849756007,0.3247506656,-1.597388494,0.1176887633,-1.393738477
0.008534228577,-0.006510715572,0.2294266792,0.00350752672,0.6702635681,-0.002115612121,0.7421118317,-0.3199699403,0.01494659002,0.006509239105,0.5651309324,0.0484121849,-0.009679444071,-0.3359113854,0.003017164044,-0.006614632011,0.5977852976,0.03194889554,-0.007450132766,-0.001655501367,-0.009312919487,-0.3231052084,-0.1442653387,0.1647328388,-0.09526020539,0.360554237,1.188514352,0.03893043345,1.439420769,-0.1572408132,-0.06943937933,0.009661316806,0.3213075559,-1.5974119,0.1172901018,-1.393724569
0.008994300434,-0.006599844936,0.2293819522,0.003376014782,0.6695691192,-0.002343908963,0.7427383815,-0.3155884796,0.01553128114,0.006129309825,0.560705607,0.05138680793,-0.009870276529,-0.3318900895,0.002983612752,-0.005985515242,0.5940499733,0.03394886307,-0.007337314174,-0.001622144503,-0.008918893701,-0.3190493711,-0.142677134,0.16530908,-0.09452439531,0.3581700605,1.188738673,0.03845416327,1.441154552,-0.156616077,-0.06918348515,0.01024996989,0.3189183925,-1.597370319,0.1169316656,-1.393809533
0.009398420428,-0.006687174887,0.2292938578,0.003254395343,0.668020289,-0.002521150351,0.7441316727,-0.3089460644,0.01611313221,0.005572637027,0.5571533861,0.05379238785,-0.0100511583,-0.3256560722,0.002950117302,-0.00545502518,0.5913527665,0.0353065837,-0.007226797154,-0.001604451518,-0.008465777656,-0.3130828608,-0.1416330339,0.1658964379,-0.09389717563,0.3567023606,1.188847957,0.03806403369,1.442597626,-0.1564811202,-0.06903499876,0.01078991009,0.3174401465,-1.597288861,0.1165908324,-1.393906974
0.009723878191,-0.006783291603,0.2292721148,0.003178565526,0.6647534113,-0.002643426085,0.7470514114,-0.2972252108,0.01661596064,0.004852030418,0.5540490339,0.05527323756,-0.01023424991,-0.3144501324,0.002881014939,-0.00503920454,0.5894609755,0.03554808104,-0.007126214358,-0.001691854887,-0.008022066452,-0.3019810002,-0.1420590475,0.1665750966,-0.09307218429,0.3563435677,1.188897143,0.03762444108,1.44409896,-0.1577172794,-0.06898591955,0.01115518959,0.3168502269,-1.59722753,0.1162997811,-1.394391316
0.01000159267,-0.006883640233,0.2291644895,0.003140115687,0.6608469157,-0.002690144465,0.7505093316,-0.2838086631,0.0170947157,0.004019332982,0.5516225102,0.05612838874,-0.0103945596,-0.3015548268,0.002801735399,-0.004724677926,0.5883984279,0.03502993343,-0.007052607245,-0.001898385938,-0.007527148184,-0.2897648278,-0.1428011097,0.1672860086,-0.09238746259,0.3568617919,1.188838871,0.03724501794,1.445496863,-0.1591401051,-0.06899782632,0.01154243175,0.3169824819,-1.597183506,0.1160273445,-1.394997394
0.01021314403,-0.006977277633,0.2290774036,0.003151660362,0.6553993544,-0.002675165977,0.7552712074,-0.26556111,0.01747290767,0.003079292417,0.5491562722,0.05589735335,-0.01058945941,-0.2838084313,0.002653863255,-0.004541675969,0.5873015223,0.03341598792,-0.00698100147,-0.002172316851,-0.007028743314,-0.2730732019,-0.1446288601,0.1680339963,-0.09162196128,0.3580367045,1.188669695,0.03683620077,1.446728285,-0.1615803267,-0.06913649313,0.01171922478,0.3176818239,-1.597071418,0.1158429682,-1.395702783
0.01038181215,-0.007061785725,0.2288617126,0.003202525834,0.6495919897,-0.002593836817,0.7602718348,-0.2462955028,0.01781845628,0.002104426818,0.5469855966,0.0549542789,-0.01076410436,-0.2649919175,0.002469024329,-0.004421148884,0.5864360611,0.0311074586,-0.006936914788,-0.002523171029,-0.006481689804,-0.256226978,-0.1463511537,0.1687673126,-0.0910731764,0.3596424644,1.188366786,0.03646473326,1.447702939,-0.1637872331,-0.06933676524,0.01191450334,0.3187031645,-1.59693902,0.115693835,-1.396329945
0.0105057935,-0.007145643747,0.2286310514,0.003312648016,0.6425513524,-0.00249353588,0.7662314064,-0.2230193315,0.01806937034,0.001102544582,0.5443507984,0.05300592957,-0.01094916076,-0.2421873082,0.002132715632,-0.004409241052,0.5850594859,0.02798158062,-0.006878404071,-0.002927150746,-0.006062778549,-0.235987827,-0.148771003,0.1695150949,-0.09042520108,0.3615949543,1.187978731,0.03602136492,1.448604912,-0.166543389,-0.06960846466,0.01200420998,0.3199341869,-1.596768493,0.1156197075,-1.396987629
0.0106022936,-0.007225531902,0.2282510227,0.003468111326,0.6354477493,-0.002356975804,0.7721324853,-0.1995888767,0.01829299373,9.168930012e-05,0.541755685,0.05045265373,-0.01111462542,-0.2191975279,0.001720481794,-0.004400944665,0.5836614135,0.02444348281,-0.006840580898,-0.003405541069,-0.005691597932,-0.2165324098,-0.1507619265,0.1702276292,-0.08996862359,0.3636718076,1.187499309,0.03558354994,1.449339349,-0.1687200018,-0.0698861373,0.01218507481,0.3211840598,-1.596603459,0.1155625537,-1.397533441
0.01068253122,-0.007310390477,0.2278397006,0.003655132601,0.6273854199,-0.002208835298,0.7786971786,-0.173009995,0.01842850925,-0.001072436055,0.5383916135,0.04729164152,-0.01137408813,-0.1928951621,0.001256299334,-0.004489535194,0.5813246762,0.02042719653,-0.00678402658,-0.003898235204,-0.005443810411,-0.1945677457,-0.1531218299,0.1708967144,-0.08941708669,0.3657771,1.186980933,0.03510944692,1.450041528,-0.1711463201,-0.07020920409,0.01229467889,0.3224312051,-1.596351904,0.1155399015,-1.397938432
0.01075736241,-0.007397676242,0.2272793902,0.003858859344,0.6195014266,-0.002057227279,0.7849833498,-0.1470422807,0.01852777405,-0.002285404321,0.5349686158,0.0438938805,-0.01163958031,-0.1670672444,0.0007836776673,-0.00454956397,0.5787537528,0.01629433709,-0.006744980527,-0.004388741568,-0.005268770866,-0.1740342629,-0.1548365511,0.17149991,-0.08902793888,0.3677535666,1.18642253,0.03465271378,1.45059334,-0.1728273902,-0.07049788816,0.01251816186,0.3235417002,-1.596078585,0.1155031745,-1.398173319
0.01084016052,-0.007484639214,0.2266841918,0.004035546535,0.6107521798,-0.001924540812,0.7918091849,-0.1182999574,0.01870315159,-0.003539407117,0.5307779646,0.04042506697,-0.01188984242,-0.138374355,0.0002419975259,-0.004774430117,0.5752604623,0.01220572989,-0.006667901533,-0.00483509606,-0.005100964054,-0.1512852009,-0.1566282577,0.1720749661,-0.08851446409,0.3694197594,1.185783805,0.03417033777,1.450858385,-0.1746733556,-0.07084135243,0.01272145542,0.3245140471,-1.595729437,0.1154389456,-1.398155338
0.01094227501,-0.007570599342,0.2259392538,0.004181954717,0.6022826623,-0.001823728864,0.7982698666,-0.09051489406,0.01891579964,-0.004834436961,0.5266470849,0.03714993741,-0.01212193724,-0.1105869296,-0.0002966176401,-0.004943326866,0.5716665716,0.008427679087,-0.006581251384,-0.005208884723,-0.004927220745,-0.1302156604,-0.1576120432,0.1725902874,-0.08812894374,0.3707889614,1.185071184,0.03369059525,1.450800904,-0.1757315502,-0.07114378511,0.01307606959,0.3252842229,-1.595362996,0.1153184053,-1.397961162
0.01105105918,-0.007649124551,0.2251477251,0.004295723062,0.5929936974,-0.001677269772,0.8051938949,-0.06031767757,0.01919559546,-0.006256170959,0.5221693592,0.03392148518,-0.01238706914,-0.08001376429,-0.0007368718678,-0.005250434393,0.5671371031,0.004855544056,-0.006551112584,-0.005605601303,-0.004715447384,-0.1072361147,-0.158715759,0.1730326397,-0.08766653354,0.3719441997,1.18430382,0.03315871742,1.450548046,-0.1769584675,-0.07150113375,0.01335852688,0.326099739,-1.594903059,0.1151710187,-1.3974448
0.01118214523,-0.007722504068,0.2241966737,0.004371268816,0.5840548857,-0.00155536698,0.8117009075,-0.03135761713,0.0194891407,-0.007678544257,0.5180462526,0.03094411619,-0.01263090873,-0.05052383773,-0.001107906049,-0.005461861067,0.5625514811,0.001672378002,-0.006550211053,-0.005913199723,-0.004533619052,-0.08623265149,-0.1590595253,0.1733849263,-0.08737474668,0.3729286181,1.183496257,0.03261089768,1.450057604,-0.1773957008,-0.07179484037,0.01375167668,0.3268906526,-1.594430522,0.1149776108,-1.396755719
0.01132060717,-0.007793858993,0.2231670263,0.004443552341,0.5743058163,-0.00138532161,0.8186276108,0.0002114420969,0.0198493789,-0.009128720513,0.5132907126,0.02813526919,-0.01289983144,-0.01839406431,-0.001399341382,-0.005683407717,0.5572431005,-0.001259125036,-0.006430874638,-0.006320357827,-0.004390248761,-0.06363747859,-0.1594964923,0.1736452114,-0.0870434647,0.3738757015,1.182726746,0.03210119154,1.449457601,-0.177914222,-0.07208864645,0.0141418584,0.3278327672,-1.593915478,0.1147723508,-1.395915037
0.01148199378,-0.007863307385,0.2219536007,0.004511508874,0.5649517862,-0.001200620271,0.8251107102,0.0305581302,0.02024285868,-0.01056880855,0.5086961766,0.02561138741,-0.0131361411,0.01246413385,-0.001622022078,-0.005768357428,0.5520760566,-0.003796465851,-0.006288272306,-0.006729005963,-0.004305139903,-0.0433303422,-0.1591559955,0.1737854408,-0.0869141734,0.3748169647,1.182001692,0.03162923456,1.448669696,-0.1775628587,-0.0722886619,0.01465906695,0.3288559193,-1.59341259,0.114528272,-1.395031
0.01164545322,-0.007932351689,0.2206787464,0.004613831958,0.5549335531,-0.0008663354843,0.8318814301,0.06290583011,0.02087683399,-0.01195374741,0.5034375031,0.02346982515,-0.01329413772,0.04550570588,-0.001739557681,-0.005947797214,0.5462136367,-0.006092023121,-0.006104329405,-0.007322796325,-0.004241795195,-0.0218625079,-0.1590653861,0.1738488342,-0.08687428641,0.3759572146,1.181345069,0.03118306754,1.448025266,-0.1772585301,-0.07247360443,0.01508758838,0.3301474823,-1.592910881,0.1143209012,-1.393965449
0.01183085922,-0.007997712144,0.2192542871,0.004722549574,0.5454152969,-0.0004536468895,0.8381525193,0.0936115422,0.02167124518,-0.0133462518,0.498363318,0.02174871529,-0.01338080367,0.07702662989,-0.001747896603,-0.005983829976,0.5404300476,-0.008058953682,-0.005933712814,-0.007931899506,-0.004206069735,-0.002852714538,-0.1583713461,0.1737843577,-0.08711978468,0.3772662816,1.180768548,0.03074998516,1.447355078,-0.1761310373,-0.07257951028,0.01555330521,0.3316069748,-1.59245178,0.1141233827,-1.392854302
0.01195821499,-0.008035256863,0.2178123553,0.00484444867,0.5353152131,7.389286152e-05,0.844638472,0.12542699,0.02280853775,-0.01452122008,0.494555728,0.01907366829,-0.01327530213,0.1104322274,-0.001700695729,-0.006167451075,0.5335947438,-0.009477172087,-0.005683470057,-0.00854375175,-0.004225090961,0.01724552096,-0.1581708474,0.1736054557,-0.08753335314,0.3787629105,1.180286164,0.0303394133,1.446746333,-0.1750462497,-0.07274489616,0.01584727233,0.3330839367,-1.592056992,0.1140466359,-1.391646098
0.01207339211,-0.008038315276,0.2162750949,0.004886010885,0.5257642414,0.0005318675802,0.8506161335,0.1552545452,0.02409020472,-0.01552664853,0.4918103765,0.01575461061,-0.01311699732,0.1422784538,-0.001613029409,-0.006079824795,0.5264318414,-0.01045469797,-0.005445761321,-0.008864435285,-0.004286010763,0.03497891629,-0.1575179675,0.173275616,-0.08821311287,0.3803809862,1.179901098,0.02992362335,1.446002945,-0.1733528058,-0.07288802586,0.01612144102,0.3346913631,-1.591770649,0.1140265622,-1.390482073
0.0120721532,-0.00799634285,0.2148152148,0.004856155057,0.5158562902,0.0008761352517,0.8566609236,0.1852545275,0.02503671707,-0.01638843821,0.4897224422,0.01194401374,-0.01307240795,0.1744159736,-0.001382426002,-0.005790461817,0.5197971245,-0.01126452833,-0.005241324877,-0.008914497714,-0.004405269987,0.05379428949,-0.1572609386,0.1729360026,-0.08892148781,0.3816012079,1.179588588,0.02952989929,1.445346932,-0.1720066597,-0.07311449619,0.01630523675,0.3359438442,-1.591747536,0.1141169965,-1.38940151
0.01203951086,-0.007877164391,0.2133752768,0.004545964163,0.5065720932,0.001069094841,0.8621849602,0.2128427699,0.02596236636,-0.01701881461,0.4884578245,0.007815404718,-0.0130182083,0.2046307701,-0.0008777694194,-0.005345732558,0.513236867,-0.01195147285,-0.005153947504,-0.008546606334,-0.004100749451,0.07071617368,-0.1566630869,0.1723474835,-0.08968405268,0.382626319,1.179374893,0.02912384337,1.444644627,-0.1705458811,-0.0734846306,0.0164808864,0.3371685132,-1.591896443,0.1142487967,-1.38847351
0.01191322244,-0.007632985176,0.2120996124,0.003972626686,0.4972167027,0.00106046186,0.8676166459,0.2396456263,0.02692562997,-0.01695221684,0.4891398442,0.002540878166,-0.01287530307,0.2345136111,-0.0005443967288,-0.004864511329,0.507785308,-0.01325647477,-0.005235793843,-0.00778029464,-0.003321888318,0.08843029083,-0.1563465912,0.171592027,-0.09039054921,0.3830880728,1.179248466,0.02867868744,1.444041857,-0.1696195181,-0.07407854768,0.01657204346,0.3378969601,-1.592353388,0.1145556165,-1.387782399
0.01178549005,-0.007253908218,0.2109433956,0.003120904112,0.488605901,0.0009107062987,0.872498541,0.2642534829,0.02790860934,-0.01660296423,0.4900070583,-0.003141888318,-0.01267198731,0.2621546328,-0.0002546603594,-0.004138119895,0.5028720424,-0.01522668599,-0.005471283313,-0.006791395846,-0.001932311019,0.1044850908,-0.1558644431,0.1705382079,-0.09110450751,0.3833711197,1.179192497,0.0281962905,1.443517316,-0.1689740102,-0.07485123823,0.01652589791,0.3386791201,-1.592954223,0.1149494309,-1.387312998
0.01162883607,-0.006756808557,0.2100337023,0.002202187269,0.4804411032,0.0007935110362,0.8770238692,0.2877098693,0.02884570201,-0.01595866273,0.4902401972,-0.009225461509,-0.01247302216,0.2882302443,-8.390895946e-05,-0.003579076709,0.4987911861,-0.01841193436,-0.005622218172,-0.005868357112,-0.0001769550188,0.120398429,-0.1559702628,0.1692225181,-0.09178445512,0.3834407728,1.179215857,0.02768049728,1.443298667,-0.1691409641,-0.07581691408,0.01615852105,0.3395013226,-1.59369219,0.1155649935,-1.386788768
0.01150316058,-0.006193420716,0.2093533523,0.001443896172,0.4732282966,0.0006834584016,0.8809383788,0.3090105125,0.02933558349,-0.0154161007,0.4893095595,-0.01571080142,-0.01216233626,0.3112808396,-0.0004007460777,-0.003147528496,0.4954763691,-0.0226761067,-0.005775838572,-0.005136378855,0.001307485205,0.1347377377,-0.1565132245,0.1678491943,-0.09252481515,0.3836037027,1.179259407,0.02715330807,1.443315567,-0.1698835028,-0.07671035017,0.0154178792,0.3407126676,-1.594468385,0.1163455583,-1.386333707
0.01138187551,-0.005583169416,0.2089582514,0.0009606198493,0.466985231,0.0006035728604,0.8842643874,0.3277989024,0.02912030667,-0.01506534531,0.4880437921,-0.02327151634,-0.01183058146,0.3310128256,-0.001308835841,-0.003164652039,0.4933834093,-0.02839027686,-0.005913337895,-0.004617890155,0.002346170716,0.1478696129,-0.1578080878,0.1665133032,-0.09344703545,0.383831663,1.179368374,0.0266947427,1.443710638,-0.171286011,-0.07742946915,0.01421547076,0.3421395246,-1.595445777,0.1173191669,-1.38620771
0.01125065546,-0.004946333653,0.2088121518,0.0007372888521,0.4617610064,0.0005392198822,0.8870039113,0.343665272,0.02823466075,-0.01491359497,0.4865874796,-0.03203209926,-0.01153905077,0.347110834,-0.002823039759,-0.003621002024,0.4923853546,-0.03442640759,-0.00604486871,-0.004286583348,0.002875722734,0.1595906071,-0.1597881699,0.165274615,-0.09448065205,0.3841518071,1.17946729,0.0262930396,1.444288397,-0.1732148075,-0.07802086169,0.01263372233,0.3436991377,-1.596452394,0.1184954087,-1.386212255
0.01110613446,-0.004291401938,0.2089148281,0.0007516075512,0.4581616176,0.0006159640628,0.8888683749,0.3545378233,0.02684572534,-0.01487963527,0.486098957,-0.04256111053,-0.01132629458,0.3579335648,-0.004646281285,-0.00458356442,0.493183219,-0.04118596914,-0.006061864879,-0.004204227857,0.003116076736,0.1684388852,-0.1623155528,0.1639542422,-0.0956855463,0.3845482106,1.179660463,0.02601041251,1.44513216,-0.1753356867,-0.07848823285,0.01072667387,0.3452319419,-1.597577051,0.1199497044,-1.386210816
0.01089798989,-0.003624426095,0.2092554351,0.0009126080741,0.4556101389,0.0008222230376,0.8901785733,0.3615794971,0.02515961429,-0.01484747475,0.4862636242,-0.05418995401,-0.01116328797,0.3648435512,-0.00663139392,-0.005918883291,0.4953066721,-0.04730195936,-0.006032992556,-0.004340650945,0.003184910266,0.1759454726,-0.1655080271,0.16265762,-0.09693579983,0.3847974296,1.179867831,0.02583271653,1.445997544,-0.1777776526,-0.07898349537,0.008537173786,0.346384272,-1.598697816,0.121628212,-1.386156876
0.01066714597,-0.002936054882,0.2098055335,0.001179354571,0.4549686325,0.001203232218,0.8905058701,0.3623195395,0.0231850235,-0.01469868677,0.4883199624,-0.06701784003,-0.01099995143,0.3656379421,-0.00848711695,-0.00752200821,0.4993976039,-0.05379350898,-0.005931462812,-0.004691623243,0.003337907905,0.1797252205,-0.1689551347,0.161130375,-0.09827758144,0.3851327995,1.180200942,0.02576078927,1.446939243,-0.1800259948,-0.07942886391,0.006141943885,0.3471286642,-1.599919436,0.1235723093,-1.3863738
0.01035057193,-0.002237356111,0.2105790976,0.001458899368,0.4552093122,0.001706732757,0.8903816265,0.3593237226,0.02114611924,-0.01438750686,0.4915333499,-0.07962314878,-0.01071140796,0.3629263592,-0.01012051306,-0.009236200256,0.5045469396,-0.05950819584,-0.005815969664,-0.005199828915,0.003627896944,0.1825425779,-0.1729405615,0.1596061935,-0.09958241415,0.3851737991,1.180574103,0.0257953989,1.447812517,-0.1825367311,-0.07995713397,0.00353580118,0.3472062925,-1.601131902,0.1257083351,-1.386631225
0.01000523512,-0.001524642556,0.2115075592,0.001694262482,0.4572057114,0.002310299523,0.8893563569,0.350437619,0.01893803947,-0.01391806969,0.4972067806,-0.09181343585,-0.01011109169,0.3546494034,-0.01127173826,-0.01094103362,0.5112715913,-0.06545574678,-0.005766968026,-0.005764828553,0.00422381351,0.1817698777,-0.1768428162,0.1578933278,-0.1009128647,0.3850705719,1.18102091,0.0259337107,1.448322511,-0.1847818339,-0.08045485753,0.0008054098631,0.3467941321,-1.602440726,0.1280310346,-1.386788909
0.009576823742,-0.0008188379648,0.2126132226,0.001819785125,0.4597658814,0.002892889701,0.8880335883,0.3390170564,0.01674730621,-0.01323609803,0.5042896567,-0.1028677888,-0.009211380526,0.3438934537,-0.01201404803,-0.01253966099,0.5185325545,-0.07064492205,-0.005744229979,-0.006256271512,0.00502122979,0.1805896647,-0.1810339243,0.1563034762,-0.1021130258,0.3844688362,1.181445165,0.02615290046,1.44852679,-0.1873555191,-0.08097614798,-0.002050407862,0.3457626258,-1.603736337,0.1304631212,-1.386848995
0.009124658127,-0.0001206867184,0.2138008038,0.001826650546,0.463610835,0.003422393472,0.886030442,0.3235684055,0.01431635593,-0.01243438395,0.5135612948,-0.1134256726,-0.008019306367,0.3291016135,-0.01214795938,-0.01401661082,0.5265867329,-0.07596018628,-0.005796138634,-0.006572821372,0.006024398514,0.1765954776,-0.1849086205,0.1546994362,-0.1032571995,0.3835729273,1.18182271,0.02641368791,1.447964398,-0.189754474,-0.08139744055,-0.004933856568,0.3444391673,-1.605046448,0.1330150808,-1.386636187
0.008614320661,0.0005635145856,0.2151048825,0.001688112834,0.4676521074,0.003833506827,0.8839026875,0.3071270077,0.01183387272,-0.01136206756,0.5237264539,-0.1230308944,-0.0067300714,0.3132251911,-0.01168041928,-0.01526934324,0.5344208439,-0.08061474164,-0.005866621968,-0.006708021036,0.007160903598,0.1727321327,-0.1888914148,0.1532887533,-0.1042017332,0.3821681212,1.182103158,0.02669084668,1.446979757,-0.1925643158,-0.08179540618,-0.007865212831,0.3427914108,-1.606301077,0.1355879393,-1.386294487
0.008108445817,0.001219572702,0.2164204371,0.00143715285,0.4727615726,0.004166890566,0.8811793615,0.2876788877,0.009256645947,-0.01003864036,0.5354799098,-0.1324229596,-0.005355169407,0.2942408414,-0.01055884671,-0.01652544348,0.5425506829,-0.08538231239,-0.006048813969,-0.006579160423,0.008296754174,0.166205199,-0.1923565035,0.1518462164,-0.1049991076,0.3803485699,1.182377398,0.02692987997,1.446303417,-0.195020822,-0.08209102115,-0.01068879376,0.3410479571,-1.607575232,0.1381768792,-1.385947665
0.007569221128,0.001857768875,0.2177959641,0.001094510388,0.4778783806,0.004420898319,0.8784142024,0.2679707143,0.006668667577,-0.008331518167,0.5474855209,-0.1410389648,-0.004142943387,0.275083767,-0.008693541586,-0.01755631622,0.5500821457,-0.08959528585,-0.006244456002,-0.006319588831,0.00939451909,0.1599707874,-0.1958441932,0.1505139148,-0.1055695326,0.3780450718,1.182609133,0.02715083427,1.445843677,-0.1977698868,-0.08240302446,-0.01348283208,0.339200678,-1.608783846,0.1407058297,-1.38561599
0.007044130168,0.002480213873,0.219118261,0.0007404699493,0.4838073209,0.004653720616,0.8751618541,0.2461342499,0.004036799141,-0.006426674749,0.5604823846,-0.1499004023,-0.003012770065,0.2537837086,-0.006299999359,-0.01853078011,0.5575351387,-0.09400653537,-0.006540192187,-0.005949372967,0.01041112957,0.1514387613,-0.1987490406,0.1491325956,-0.1060452846,0.3754161783,1.182325913,0.02740743566,1.445187301,-0.199992718,-0.08267269945,-0.0161377841,0.3372043459,-1.60998641,0.1431757815,-1.385410611
0.006492095311,0.003100407472,0.2204376924,0.0004007474999,0.489562599,0.004868714048,0.8719544694,0.2246432659,0.00134192871,-0.004264477232,0.5732859606,-0.158096844,-0.002113765191,0.2330160145,-0.003287780309,-0.01921547356,0.5642865051,-0.09796234163,-0.006835810565,-0.005602000403,0.01132637575,0.14339907,-0.2016096137,0.1477794629,-0.1063265638,0.3723913277,1.18171747,0.02762733458,1.444415235,-0.2023096608,-0.08301145345,-0.01874417087,0.3350175117,-1.611116839,0.1455468668,-1.38526501
0.005953847988,0.003719702106,0.221651874,0.0001337463265,0.4958909103,0.005097189578,0.8683698554,0.2017606923,-0.00137689874,-0.002096763875,0.5863174265,-0.1671374246,-0.001267899438,0.2107317213,-5.860802889e-05,-0.01976515491,0.5711384206,-0.1021341593,-0.007234291455,-0.00531618958,0.01210109962,0.1335243527,-0.203793456,0.1465718859,-0.1068465126,0.3689182138,1.181769614,0.02755525398,1.44441381,-0.2039765021,-0.08333049211,-0.02119611069,0.3325173551,-1.612239695,0.1478257134,-1.38520099
0.005394187797,0.004348369954,0.2228143553,-4.996665998e-05,0.5018941094,0.005351668875,0.8649125158,0.1797535513,-0.004169341573,1.102042299e-05,0.5986961681,-0.1755739239,-0.000574548704,0.1894001951,0.003512106675,-0.01998468829,0.5774407191,-0.1058757428,-0.007625781526,-0.005215801592,0.01275474149,0.124391747,-0.2058355489,0.1455458691,-0.1074480068,0.3650081531,1.182055835,0.02735025501,1.444745282,-0.2055649464,-0.0837164737,-0.02358156896,0.3296422258,-1.613306119,0.1499956687,-1.385150364
0.004840736127,0.004963710996,0.2238473555,-0.0001274510415,0.5082544914,0.005639078499,0.8611884559,0.1569650235,-0.00686150153,0.001821224285,0.6106415857,-0.1848945765,3.848153696e-05,0.1669518708,0.006754748453,-0.02013710821,0.5840609126,-0.109712584,-0.007970186909,-0.005223288908,0.01323286187,0.1138816169,-0.2073456883,0.1446578725,-0.1082446486,0.3608828152,1.182563491,0.02697686531,1.445271564,-0.2063845943,-0.08408880329,-0.02573680684,0.3262303885,-1.61445233,0.1520839572,-1.385237211
0.004271396798,0.00557223954,0.2248111213,-0.000127559317,0.5141771252,0.005965090659,0.8576632704,0.1354589242,-0.00948746879,0.003218758174,0.6215746138,-0.1934709672,0.0005584687195,0.1456665281,0.009815984856,-0.02008146526,0.590198678,-0.1131081531,-0.008269191542,-0.005411080744,0.01362019492,0.1043231023,-0.2087315378,0.1439448987,-0.1091040876,0.3564464812,1.183119752,0.0265061151,1.445778323,-0.2070264174,-0.0845015968,-0.02779180896,0.3223330497,-1.615588435,0.1540690756,-1.385350497
0.003710717655,0.006153882206,0.225625268,-6.077245123e-05,0.5203687428,0.006269514065,0.8539186501,0.1135464561,-0.01197811488,0.004166962251,0.6318540976,-0.2029063475,0.0009971841793,0.1235016356,0.01198262477,-0.02028457311,0.5968143422,-0.1165279254,-0.008498493265,-0.005564285944,0.01385340943,0.09353661114,-0.2094456497,0.1433150609,-0.1101239365,0.3517081041,1.183651664,0.02596751583,1.446168917,-0.2068047901,-0.08486085394,-0.02962429636,0.3177978243,-1.616779765,0.1559644065,-1.385603908
0.003149274129,0.006711354999,0.2263599946,2.08835341e-05,0.5261015863,0.006568107601,0.8503963666,0.09311733431,-0.01430322535,0.004570638507,0.6410745774,-0.2115847237,0.0013722022,0.1026408225,0.01348063919,-0.0204925336,0.6030272439,-0.119479231,-0.008707629963,-0.005748529175,0.01406243209,0.08371017666,-0.2098934278,0.1428106032,-0.1111542164,0.3465917595,1.184157126,0.02535857797,1.446411841,-0.2063606164,-0.08519810164,-0.03136897684,0.3127961769,-1.617937437,0.1577485024,-1.385889285
0.002624832889,0.007240555658,0.2269491189,0.0001349215396,0.5320072268,0.006819893461,0.8467123369,0.07264200413,-0.01645058103,0.004567013357,0.6495258769,-0.2209348283,0.001653038731,0.0816997471,0.01403171848,-0.02083880754,0.609505982,-0.1223695506,-0.008805171584,-0.005850418226,0.01414351077,0.07283124134,-0.2096165773,0.142314377,-0.112255066,0.3412399876,1.18456478,0.02469474407,1.446444125,-0.2051303498,-0.08546247486,-0.03290331656,0.307374671,-1.619132621,0.1594172326,-1.386223516
0.002133071179,0.007741313645,0.2274621736,0.0002297940442,0.5374670035,0.007065487553,0.843255149,0.05370324782,-0.01834912499,0.004045037282,0.6569726929,-0.2295037787,0.001886659071,0.06243773918,0.01402470954,-0.02100858575,0.6156748231,-0.1249364044,-0.008834523735,-0.005948324925,0.01424650016,0.06281857181,-0.2090498795,0.1418705107,-0.1133205271,0.3356595843,1.184926405,0.02397414198,1.446346115,-0.203726534,-0.08567644869,-0.03436463341,0.3017610281,-1.620274982,0.16095666,-1.386562208
0.001700964439,0.008216590738,0.2278335377,0.0002948438899,0.543271735,0.007247967187,0.8395255815,0.03426118989,-0.02000491218,0.003292063389,0.6637665234,-0.2384271116,0.002066701582,0.04274963705,0.013425185,-0.02130610979,0.6219684788,-0.1276222781,-0.008717593266,-0.005871273768,0.01430339979,0.05120298152,-0.2077505939,0.1413553696,-0.1145109424,0.3300918788,1.185162329,0.02328036604,1.445733546,-0.2016255048,-0.08581244007,-0.03568151342,0.2961633624,-1.621362456,0.162334995,-1.386574226
0.001310893829,0.00866437744,0.2281380688,0.0003147659433,0.5487225355,0.007411597931,0.8359716192,0.01607703175,-0.02138326178,0.002207603424,0.6697689324,-0.2465098334,0.002221841887,0.02445918141,0.0125395113,-0.0214647981,0.6280308623,-0.1301055331,-0.008548724462,-0.005738211917,0.01439294847,0.0401888092,-0.2062279847,0.1408436163,-0.1156691738,0.3244981998,1.1853116,0.02259145524,1.444835541,-0.199444313,-0.08588894767,-0.03695151632,0.2906641023,-1.622352984,0.1635706879,-1.386457648
0.0009868075666,0.009088565282,0.2282904526,0.0003486456637,0.5543588583,0.007533460874,0.8322435831,-0.002209863155,-0.02265024583,0.001017797974,0.6751831267,-0.2553127776,0.002250634739,0.00618220192,0.01129189371,-0.02165050777,0.6340501865,-0.1324059606,-0.008247930934,-0.005504684557,0.01433952628,0.02787028852,-0.2040492735,0.1402350622,-0.1169662499,0.3190366463,1.185498102,0.02196160419,1.443843788,-0.1966215945,-0.08589309744,-0.03806321206,0.2853573155,-1.623246585,0.1646710643,-1.386308161
0.0007110825054,0.009487861155,0.2283613351,0.0003800034236,0.5595816716,0.007648724827,0.8287398298,-0.01906864371,-0.02376341362,-0.0003408596272,0.679898282,-0.2634350072,0.002247777277,-0.01056101231,0.009877711718,-0.02172123249,0.6397657768,-0.1343349002,-0.007944320156,-0.005265823444,0.0142205713,0.01619657558,-0.2016918337,0.1396025665,-0.1182472912,0.3137039913,1.185703521,0.02136201674,1.442859565,-0.1936977726,-0.08583399168,-0.03911966102,0.2802978142,-1.62403487,0.1656505233,-1.386163367
0.0004875286232,0.009873706406,0.2283064691,0.0004274338257,0.5648404162,0.007737583355,0.8251637724,-0.03570032186,-0.02476889428,-0.001663846605,0.6840820937,-0.2716339111,0.002203248069,-0.02702428026,0.008181881042,-0.02189089105,0.645352962,-0.1358724546,-0.00761366982,-0.00498427955,0.01400986755,0.003654212824,-0.1989336977,0.1388523502,-0.1195995251,0.308777955,1.185874007,0.02083234425,1.441532497,-0.1903820605,-0.08575744963,-0.04004671038,0.2756324236,-1.624708618,0.166517268,-1.385734834
0.0003042436375,0.01024330258,0.2281906289,0.0004798949097,0.5696481592,0.007824845309,0.8218512738,-0.0508403765,-0.02564314343,-0.003018955419,0.6876637784,-0.2790031784,0.002157173882,-0.04195993409,0.006343226156,-0.02203787072,0.6505768585,-0.1370204966,-0.007317814036,-0.004734789555,0.01375894231,-0.008118006,-0.1961515345,0.1380651193,-0.1209061463,0.3041886794,1.186014378,0.02034281404,1.44009903,-0.187090762,-0.085649131,-0.04092839003,0.271329106,-1.62528388,0.1672812198,-1.385229998
0.0001581323834,0.01058274467,0.2279701202,0.0005501697166,0.5744884514,0.00787864795,0.8184745833,-0.06576726939,-0.0264288147,-0.00428559551,0.6910848856,-0.2865455373,0.002057775904,-0.05671239986,0.004369392416,-0.0222504414,0.6555885268,-0.1377633556,-0.00705987982,-0.004370195196,0.01325242523,-0.0206685359,-0.193036741,0.1371309356,-0.1222393057,0.2998151019,1.18629086,0.01994415272,1.439198655,-0.1834420977,-0.08553344932,-0.04174200468,0.2674700164,-1.625654615,0.167946575,-1.384361215
4.194590833e-05,0.01089104281,0.2277094056,0.0006238433029,0.5789125508,0.007914852645,0.8153509824,-0.07932744633,-0.02709259,-0.005502465101,0.6942155591,-0.2933349617,0.001956107462,-0.07011681065,0.002360279925,-0.0224539948,0.6601968535,-0.1382172623,-0.006845311228,-0.003965957188,0.01254631603,-0.03245411482,-0.1899741364,0.1361312429,-0.1234667527,0.295691971,1.186601431,0.01961144373,1.438590906,-0.179830842,-0.08539465075,-0.04252788591,0.2640071677,-1.625902653,0.1685136589,-1.383424604
-4.522870329e-05,0.01118355273,0.2273678566,0.0006756530915,0.5833160107,0.007922276663,0.8122063855,-0.09259182336,-0.02762993674,-0.006649675143,0.6971315744,-0.2999004719,0.001754356841,-0.0832625123,0.0003312690374,-0.02266229332,0.6645509578,-0.1385682152,-0.00662090769,-0.003479989446,0.01173278295,-0.04477322801,-0.186695581,0.1349964308,-0.1247194957,0.2919164802,1.186947991,0.01938816613,1.437735802,-0.1759980395,-0.08528398263,-0.04323282198,0.2609465201,-1.626007822,0.1689859713,-1.382271519
-0.0001077116345,0.01145850826,0.2270055664,0.0007083530061,0.5873217588,0.007917614376,0.8093145008,-0.1045828499,-0.02803456771,-0.007757620968,0.6997360085,-0.3057027452,0.001547845449,-0.0951555222,-0.0016621517,-0.02283801508,0.6684982627,-0.138803379,-0.006419536499,-0.002988771066,0.01083700536,-0.05629162846,-0.1835186664,0.1338067292,-0.1258662552,0.2884381981,1.187268072,0.01923273546,1.436838141,-0.1722960493,-0.08517673557,-0.04390194521,0.2582634452,-1.626037196,0.1693703749,-1.381139905
-0.0001538434355,0.01172062134,0.2266059264,0.0007202932222,0.5912656068,0.007853398185,0.8064383346,-0.1162678597,-0.02836701577,-0.008753681928,0.7020422513,-0.3117407032,0.00128745763,-0.1067720882,-0.003674625018,-0.02294057512,0.6723249444,-0.1389015871,-0.006163122885,-0.002437259442,0.009851384281,-0.06804869742,-0.1802859719,0.1325879254,-0.1270025306,0.2853646379,1.187589648,0.01916860205,1.435672495,-0.1685831652,-0.08506800454,-0.04445894248,0.2559890982,-1.625968958,0.169693433,-1.379888684
-0.0001867551993,0.01196880628,0.2262197683,0.0007207154526,0.5948323121,0.00776722204,0.8038119626,-0.1268154785,-0.02861490051,-0.009702509584,0.7039846533,-0.3172661427,0.001040650897,-0.1172739119,-0.005657460088,-0.0229978404,0.6758795242,-0.1388928573,-0.005918435204,-0.001914537636,0.008821288662,-0.07891246154,-0.1772607737,0.1313949043,-0.1280312067,0.2826208181,1.187876721,0.01915339051,1.434464872,-0.1651654634,-0.08494855181,-0.04497469768,0.2541052719,-1.62586053,0.1699507336,-1.378710831
-0.0002111934766,0.01220196719,0.2258282747,0.0007261671874,0.5982714011,0.007673664608,0.8012564622,-0.136959243,-0.02884851237,-0.01061308086,0.7056098541,-0.3233006581,0.0007323484663,-0.1273507221,-0.007570577471,-0.02296812041,0.6792712719,-0.1388596027,-0.005669564039,-0.001450747158,0.007740579323,-0.08961170551,-0.1742495179,0.1302406189,-0.1290516115,0.2801190126,1.188236222,0.01919231133,1.43319469,-0.1618647496,-0.08482396575,-0.04538901092,0.2525418551,-1.625766798,0.1701522918,-1.377602945
-0.0002296614185,0.01241973022,0.2254698008,0.0007415053508,0.6013510017,0.007600886962,0.7989484648,-0.1460764037,-0.0290459674,-0.01149881794,0.7068821362,-0.3289419189,0.0004377206524,-0.136383602,-0.009398814251,-0.02291498502,0.6823871345,-0.1387837087,-0.005446741125,-0.001082916809,0.006649824879,-0.09930364534,-0.1714922084,0.1291490173,-0.1299855202,0.2778384349,1.188597013,0.0192527417,1.432001529,-0.1589062634,-0.08470140424,-0.04577937668,0.2512805964,-1.625686894,0.1703124198,-1.376632201
