0.000000000000000000e+00,0.000000000000000000e+00,8.515972452810955939e-01,1.000000000000000000e+00,0.000000000000000000e+00,0.000000000000000000e+00,0.000000000000000000e+00,-3.119999999999999996e-01,0.000000000000000000e+00,0.000000000000000000e+00,6.690000000000000391e-01,-3.629999999999999893e-01,0.000000000000000000e+00,-3.119999999999999996e-01,0.000000000000000000e+00,0.000000000000000000e+00,6.690000000000000391e-01,-3.629999999999999893e-01,0.000000000000000000e+00,0.000000000000000000e+00,0.000000000000000000e+00,0.000000000000000000e+00,2.000000000000000111e-01,2.000000000000000111e-01,0.000000000000000000e+00,5.999999999999999778e-01,0.000000000000000000e+00,0.000000000000000000e+00,0.000000000000000000e+00,2.000000000000000111e-01,-2.000000000000000111e-01,0.000000000000000000e+00,5.999999999999999778e-01,0.000000000000000000e+00,0.000000000000000000e+00,0.000000000000000000e+00
1.959143730388401006e-01,-1.191765036244035909e-02,8.515972452810955939e-01,1.000000000000000000e+00,0.000000000000000000e+00,0.000000000000000000e+00,0.000000000000000000e+00,-3.119999999999999996e-01,0.000000000000000000e+00,0.000000000000000000e+00,6.690000000000000391e-01,-3.629999999999999893e-01,0.000000000000000000e+00,-3.119999999999999996e-01,0.000000000000000000e+00,0.000000000000000000e+00,6.690000000000000391e-01,-3.629999999999999893e-01,0.000000000000000000e+00,0.000000000000000000e+00,0.000000000000000000e+00,0.000000000000000000e+00,2.000000000000000111e-01,2.000000000000000111e-01,0.000000000000000000e+00,5.999999999999999778e-01,0.000000000000000000e+00,0.000000000000000000e+00,0.000000000000000000e+00,2.000000000000000111e-01,-2.000000000000000111e-01,0.000000000000000000e+00,5.999999999999999778e-01,0.000000000000000000e+00,0.000000000000000000e+00,0.000000000000000000e+00
4.030238531084711084e-01,-3.178040096650762425e-02,8.515972452810955939e-01,1.000000000000000000e+00,0.000000000000000000e+00,0.000000000000000000e+00,0.000000000000000000e+00,-3.119999999999999996e-01,0.000000000000000000e+00,0.000000000000000000e+00,6.690000000000000391e-01,-3.629999999999999893e-01,0.000000000000000000e+00,-3.119999999999999996e-01,0.000000000000000000e+00,0.000000000000000000e+00,6.690000000000000391e-01,-3.629999999999999893e-01,0.000000000000000000e+00,0.000000000000000000e+00,0.000000000000000000e+00,0.000000000000000000e+00,2.000000000000000111e-01,2.000000000000000111e-01,0.000000000000000000e+00,5.999999999999999778e-01,0.000000000000000000e+00,0.000000000000000000e+00,0.000000000000000000e+00,2.000000000000000111e-01,-2.000000000000000111e-01,0.000000000000000000e+00,5.999999999999999778e-01,0.000000000000000000e+00,0.000000000000000000e+00,0.000000000000000000e+00
5.877431191165203295e-01,-3.575295108732107902e-02,8.515972452810955939e-01,1.000000000000000000e+00,0.000000000000000000e+00,0.000000000000000000e+00,0.000000000000000000e+00,-3.119999999999999996e-01,0.000000000000000000e+00,0.000000000000000000e+00,6.690000000000000391e-01,-3.629999999999999893e-01,0.000000000000000000e+00,-3.119999999999999996e-01,0.000000000000000000e+00,0.000000000000000000e+00,6.690000000000000391e-01,-3.629999999999999893e-01,0.000000000000000000e+00,0.000000000000000000e+00,0.000000000000000000e+00,0.000000000000000000e+00,2.000000000000000111e-01,2.000000000000000111e-01,0.000000000000000000e+00,5.999999999999999778e-01,0.000000000000000000e+00,0.000000000000000000e+00,0.000000000000000000e+00,2.000000000000000111e-01,-2.000000000000000111e-01,0.000000000000000000e+00,5.999999999999999778e-01,0.000000000000000000e+00,0.000000000000000000e+00,0.000000000000000000e+00
7.164868499706152916e-01,0.000000000000000000e+00,8.515972452810955939e-01,1.000000000000000000e+00,0.000000000000000000e+00,0.000000000000000000e+00,0.000000000000000000e+00,-3.119999999999999996e-01,0.000000000000000000e+00,0.000000000000000000e+00,6.690000000000000391e-01,-3.629999999999999893e-01,0.000000000000000000e+00,-3.119999999999999996e-01,0.000000000000000000e+00,0.000000000000000000e+00,6.690000000000000391e-01,-3.629999999999999893e-01,0.000000000000000000e+00,0.000000000000000000e+00,0.000000000000000000e+00,0.000000000000000000e+00,2.000000000000000111e-01,2.000000000000000111e-01,0.000000000000000000e+00,5.999999999999999778e-01,0.000000000000000000e+00,0.000000000000000000e+00,0.000000000000000000e+00,2.000000000000000111e-01,-2.000000000000000111e-01,0.000000000000000000e+00,5.999999999999999778e-01,0.000000000000000000e+00,0.000000000000000000e+00,0.000000000000000000e+00
7.515842418025285854e-01,1.032863031411497823e-01,8.515972452810955939e-01,1.000000000000000000e+00,0.000000000000000000e+00,0.000000000000000000e+00,0.000000000000000000e+00,-3.119999999999999996e-01,0.000000000000000000e+00,0.000000000000000000e+00,6.690000000000000391e-01,-3.629999999999999893e-01,0.000000000000000000e+00,-3.119999999999999996e-01,0.000000000000000000e+00,0.000000000000000000e+00,6.690000000000000391e-01,-3.629999999999999893e-01,0.000000000000000000e+00,0.000000000000000000e+00,0.000000000000000000e+00,0.000000000000000000e+00,2.000000000000000111e-01,2.000000000000000111e-01,0.000000000000000000e+00,5.999999999999999778e-01,0.000000000000000000e+00,0.000000000000000000e+00,0.000000000000000000e+00,2.000000000000000111e-01,-2.000000000000000111e-01,0.000000000000000000e+00,5.999999999999999778e-01,0.000000000000000000e+00,0.000000000000000000e+00,0.000000000000000000e+00
7.205190386093907051e-01,2.542432077320609940e-01,8.515972452810955939e-01,1.000000000000000000e+00,0.000000000000000000e+00,0.000000000000000000e+00,0.000000000000000000e+00,-3.119999999999999996e-01,0.000000000000000000e+00,0.000000000000000000e+00,6.690000000000000391e-01,-3.629999999999999893e-01,0.000000000000000000e+00,-3.119999999999999996e-01,0.000000000000000000e+00,0.000000000000000000e+00,6.690000000000000391e-01,-3.629999999999999893e-01,0.000000000000000000e+00,0.000000000000000000e+00,0.000000000000000000e+00,0.000000000000000000e+00,2.000000000000000111e-01,2.000000000000000111e-01,0.000000000000000000e+00,5.999999999999999778e-01,0.000000000000000000e+00,0.000000000000000000e+00,0.000000000000000000e+00,2.000000000000000111e-01,-2.000000000000000111e-01,0.000000000000000000e+00,5.999999999999999778e-01,0.000000000000000000e+00,0.000000000000000000e+00,0.000000000000000000e+00
6.874377410968649516e-01,4.052001123229722057e-01,8.515972452810955939e-01,1.000000000000000000e+00,0.000000000000000000e+00,0.000000000000000000e+00,0.000000000000000000e+00,-3.119999999999999996e-01,0.000000000000000000e+00,0.000000000000000000e+00,6.690000000000000391e-01,-3.629999999999999893e-01,0.000000000000000000e+00,-3.119999999999999996e-01,0.000000000000000000e+00,0.000000000000000000e+00,6.690000000000000391e-01,-3.629999999999999893e-01,0.000000000000000000e+00,0.000000000000000000e+00,0.000000000000000000e+00,0.000000000000000000e+00,2.000000000000000111e-01,2.000000000000000111e-01,0.000000000000000000e+00,5.999999999999999778e-01,0.000000000000000000e+00,0.000000000000000000e+00,0.000000000000000000e+00,2.000000000000000111e-01,-2.000000000000000111e-01,0.000000000000000000e+00,5.999999999999999778e-01,0.000000000000000000e+00,0.000000000000000000e+00,0.000000000000000000e+00
7.164868499706152916e-01,5.084864154641219880e-01,8.515972452810955939e-01,1.000000000000000000e+00,0.000000000000000000e+00,0.000000000000000000e+00,0.000000000000000000e+00,-3.119999999999999996e-01,0.000000000000000000e+00,0.000000000000000000e+00,6.690000000000000391e-01,-3.629999999999999893e-01,0.000000000000000000e+00,-3.119999999999999996e-01,0.000000000000000000e+00,0.000000000000000000e+00,6.690000000000000391e-01,-3.629999999999999893e-01,0.000000000000000000e+00,0.000000000000000000e+00,0.000000000000000000e+00,0.000000000000000000e+00,2.000000000000000111e-01,2.000000000000000111e-01,0.000000000000000000e+00,5.999999999999999778e-01,0.000000000000000000e+00,0.000000000000000000e+00,0.000000000000000000e+00,2.000000000000000111e-01,-2.000000000000000111e-01,0.000000000000000000e+00,5.999999999999999778e-01,0.000000000000000000e+00,0.000000000000000000e+00,0.000000000000000000e+00
8.438250983593282850e-01,5.442393665514431156e-01,8.515972452810955939e-01,1.000000000000000000e+00,0.000000000000000000e+00,0.000000000000000000e+00,0.000000000000000000e+00,-3.119999999999999996e-01,0.000000000000000000e+00,0.000000000000000000e+00,6.690000000000000391e-01,-3.629999999999999893e-01,0.000000000000000000e+00,-3.119999999999999996e-01,0.000000000000000000e+00,0.000000000000000000e+00,6.690000000000000391e-01,-3.629999999999999893e-01,0.000000000000000000e+00,0.000000000000000000e+00,0.000000000000000000e+00,0.000000000000000000e+00,2.000000000000000111e-01,2.000000000000000111e-01,0.000000000000000000e+00,5.999999999999999778e-01,0.000000000000000000e+00,0.000000000000000000e+00,0.000000000000000000e+00,2.000000000000000111e-01,-2.000000000000000111e-01,0.000000000000000000e+00,5.999999999999999778e-01,0.000000000000000000e+00,0.000000000000000000e+00,0.000000000000000000e+00
1.028890019350924279e+00,5.402668164306296816e-01,8.515972452810955939e-01,1.000000000000000000e+00,0.000000000000000000e+00,0.000000000000000000e+00,0.000000000000000000e+00,-3.119999999999999996e-01,0.000000000000000000e+00,0.000000000000000000e+00,6.690000000000000391e-01,-3.629999999999999893e-01,0.000000000000000000e+00,-3.119999999999999996e-01,0.000000000000000000e+00,0.000000000000000000e+00,6.690000000000000391e-01,-3.629999999999999893e-01,0.000000000000000000e+00,0.000000000000000000e+00,0.000000000000000000e+00,0.000000000000000000e+00,2.000000000000000111e-01,2.000000000000000111e-01,0.000000000000000000e+00,5.999999999999999778e-01,0.000000000000000000e+00,0.000000000000000000e+00,0.000000000000000000e+00,2.000000000000000111e-01,-2.000000000000000111e-01,0.000000000000000000e+00,5.999999999999999778e-01,0.000000000000000000e+00,0.000000000000000000e+00,0.000000000000000000e+00
1.220746313589918586e+00,5.204040658265622898e-01,8.515972452810955939e-01,1.000000000000000000e+00,0.000000000000000000e+00,0.000000000000000000e+00,0.000000000000000000e+00,-3.119999999999999996e-01,0.000000000000000000e+00,0.000000000000000000e+00,6.690000000000000391e-01,-3.629999999999999893e-01,0.000000000000000000e+00,-3.119999999999999996e-01,0.000000000000000000e+00,0.000000000000000000e+00,6.690000000000000391e-01,-3.629999999999999893e-01,0.000000000000000000e+00,0.000000000000000000e+00,0.000000000000000000e+00,0.000000000000000000e+00,2.000000000000000111e-01,2.000000000000000111e-01,0.000000000000000000e+00,5.999999999999999778e-01,0.000000000000000000e+00,0.000000000000000000e+00,0.000000000000000000e+00,2.000000000000000111e-01,-2.000000000000000111e-01,0.000000000000000000e+00,5.999999999999999778e-01,0.000000000000000000e+00,0.000000000000000000e+00,0.000000000000000000e+00
1.368458681720825521e+00,5.084864154641219880e-01,8.515972452810955939e-01,1.000000000000000000e+00,0.000000000000000000e+00,0.000000000000000000e+00,0.000000000000000000e+00,-3.119999999999999996e-01,0.000000000000000000e+00,0.000000000000000000e+00,6.690000000000000391e-01,-3.629999999999999893e-01,0.000000000000000000e+00,-3.119999999999999996e-01,0.000000000000000000e+00,0.000000000000000000e+00,6.690000000000000391e-01,-3.629999999999999893e-01,0.000000000000000000e+00,0.000000000000000000e+00,0.000000000000000000e+00,0.000000000000000000e+00,2.000000000000000111e-01,2.000000000000000111e-01,0.000000000000000000e+00,5.999999999999999778e-01,0.000000000000000000e+00,0.000000000000000000e+00,0.000000000000000000e+00,2.000000000000000111e-01,-2.000000000000000111e-01,0.000000000000000000e+00,5.999999999999999778e-01,0.000000000000000000e+00,0.000000000000000000e+00,0.000000000000000000e+00
1.395624174710417664e+00,5.084864154641219880e-01,8.515972452810955939e-01,1.000000000000000000e+00,0.000000000000000000e+00,0.000000000000000000e+00,0.000000000000000000e+00,-3.119999999999999996e-01,0.000000000000000000e+00,0.000000000000000000e+00,6.690000000000000391e-01,-3.629999999999999893e-01,0.000000000000000000e+00,-3.119999999999999996e-01,0.000000000000000000e+00,0.000000000000000000e+00,6.690000000000000391e-01,-3.629999999999999893e-01,0.000000000000000000e+00,0.000000000000000000e+00,0.000000000000000000e+00,0.000000000000000000e+00,2.000000000000000111e-01,2.000000000000000111e-01,0.000000000000000000e+00,5.999999999999999778e-01,0.000000000000000000e+00,0.000000000000000000e+00,0.000000000000000000e+00,2.000000000000000111e-01,-2.000000000000000111e-01,0.000000000000000000e+00,5.999999999999999778e-01,0.000000000000000000e+00,0.000000000000000000e+00,0.000000000000000000e+00
1.368458681720825521e+00,5.084864154641219880e-01,8.515972452810955939e-01,1.000000000000000000e+00,0.000000000000000000e+00,0.000000000000000000e+00,0.000000000000000000e+00,-3.119999999999999996e-01,0.000000000000000000e+00,0.000000000000000000e+00,6.690000000000000391e-01,-3.629999999999999893e-01,0.000000000000000000e+00,-3.119999999999999996e-01,0.000000000000000000e+00,0.000000000000000000e+00,6.690000000000000391e-01,-3.629999999999999893e-01,0.000000000000000000e+00,0.000000000000000000e+00,0.000000000000000000e+00,0.000000000000000000e+00,2.000000000000000111e-01,2.000000000000000111e-01,0.000000000000000000e+00,5.999999999999999778e-01,0.000000000000000000e+00,0.000000000000000000e+00,0.000000000000000000e+00,2.000000000000000111e-01,-2.000000000000000111e-01,0.000000000000000000e+00,5.999999999999999778e-01,0.000000000000000000e+00,0.000000000000000000e+00,0.000000000000000000e+00
