0.000000000000000000e+00,0.000000000000000000e+00,2.650000000000000133e-01,1.000000000000000000e+00,0.000000000000000000e+00,0.000000000000000000e+00,0.000000000000000000e+00,0.000000000000000000e+00,9.000000000000000222e-01,-1.800000000000000044e+00,0.000000000000000000e+00,9.000000000000000222e-01,-1.800000000000000044e+00,0.000000000000000000e+00,9.000000000000000222e-01,-1.800000000000000044e+00,0.000000000000000000e+00,9.000000000000000222e-01,-1.800000000000000044e+00
-4.600000000000000139e-04,-1.000000000000000082e-05,2.683200000000000029e-01,9.999993382506568995e-01,7.699994904530058429e-04,8.499994375130583797e-04,8.999994044255913101e-05,-1.660000000000000017e-03,8.962200000000000166e-01,-1.799190000000000067e+00,-1.580000000000000024e-03,8.973700000000000010e-01,-1.801020000000000065e+00,-1.350000000000000071e-03,8.949200000000000488e-01,-1.796650000000000080e+00,-1.360000000000000098e-03,8.962099999999999511e-01,-1.798799999999999955e+00
-1.000000000000000021e-03,1.000000000000000082e-05,2.747700000000000142e-01,9.999990353513958929e-01,1.219998823128702918e-03,3.999996141405583443e-04,-5.299994887362398117e-04,-2.399999999999999790e-03,8.855800000000000338e-01,-1.778890000000000082e+00,-1.510000000000000057e-03,8.834199999999999831e-01,-1.778219999999999912e+00,-3.220000000000000206e-03,8.824199999999999822e-01,-1.774359999999999937e+00,-3.050000000000000194e-03,8.811499999999999888e-01,-1.773849999999999927e+00
-9.399999999999999719e-04,6.000000000000000152e-05,2.800799999999999956e-01,9.999980013059921458e-01,7.299985409533742576e-04,-1.369997261789209202e-03,-1.259997481645550163e-03,-2.769999999999999893e-03,8.809000000000000163e-01,-1.756890000000000063e+00,3.089999999999999865e-03,8.837699999999999445e-01,-1.762510000000000021e+00,-3.330000000000000061e-03,8.744699999999999696e-01,-1.751130000000000075e+00,-3.289999999999999956e-03,8.704699999999999660e-01,-1.747949999999999893e+00
-5.199999999999999544e-04,1.399999999999999877e-04,2.835699999999999887e-01,9.999942907347082466e-01,1.200005148933139124e-03,-2.780011928361772206e-03,-1.500006436166424068e-03,-1.080000000000000057e-02,8.801900000000000279e-01,-1.741489999999999982e+00,8.989999999999999727e-03,8.933100000000000485e-01,-1.748450000000000060e+00,-4.780000000000000394e-03,8.684600000000000097e-01,-1.731030000000000069e+00,-4.969999999999999592e-03,8.652600000000000291e-01,-1.730180000000000051e+00
1.199999999999999895e-04,2.599999999999999772e-04,2.854200000000000070e-01,9.999927078339201358e-01,1.750004738756747715e-03,-3.110008421447705770e-03,-1.360003682690958272e-03,-1.735000000000000084e-02,8.766199999999999548e-01,-1.724560000000000093e+00,1.055000000000000035e-02,8.896500000000000519e-01,-1.723500000000000032e+00,-5.969999999999999613e-03,8.643800000000000372e-01,-1.717770000000000019e+00,-6.409999999999999899e-03,8.618900000000000450e-01,-1.717829999999999968e+00
7.600000000000000418e-04,3.499999999999999964e-04,2.862700000000000244e-01,9.999958353260169908e-01,1.569993461461846596e-03,-2.259990587836798251e-03,-8.699963767336347902e-04,-1.888000000000000095e-02,8.671200000000000019e-01,-1.705019999999999980e+00,1.021999999999999992e-02,8.817500000000000338e-01,-1.704830000000000068e+00,-5.219999999999999814e-03,8.593100000000000183e-01,-1.707680000000000087e+00,-5.850000000000000165e-03,8.581999999999999629e-01,-1.708800000000000097e+00
1.340000000000000045e-03,4.400000000000000157e-04,2.870199999999999974e-01,9.999975078593161815e-01,1.829995439382548633e-03,-1.229996934666958757e-03,-3.499991277507606344e-04,-2.026000000000000023e-02,8.624000000000000554e-01,-1.696709999999999940e+00,8.640000000000000110e-03,8.788899999999999491e-01,-1.698339999999999961e+00,-5.259999999999999919e-03,8.545399999999999663e-01,-1.699580000000000091e+00,-6.020000000000000177e-03,8.535599999999999854e-01,-1.699249999999999927e+00
1.879999999999999944e-03,5.199999999999999544e-04,2.883299999999999752e-01,9.999979547562746207e-01,1.709996502633229611e-03,-1.079997791136776608e-03,0.000000000000000000e+00,-2.061999999999999944e-02,8.608200000000000296e-01,-1.691449999999999898e+00,8.049999999999999864e-03,8.765600000000000058e-01,-1.690700000000000092e+00,-4.789999999999999987e-03,8.505399999999999627e-01,-1.689840000000000009e+00,-5.649999999999999641e-03,8.501300000000000523e-01,-1.689340000000000064e+00
2.419999999999999842e-03,6.199999999999999999e-04,2.902100000000000235e-01,9.999962695708743965e-01,2.299991420013010844e-03,-1.469994516269185246e-03,9.999962695708744509e-05,-2.212000000000000077e-02,8.573699999999999655e-01,-1.680409999999999959e+00,6.340000000000000149e-03,8.734600000000000142e-01,-1.680060000000000109e+00,-6.080000000000000335e-03,8.470299999999999496e-01,-1.678520000000000012e+00,-7.040000000000000251e-03,8.471100000000000296e-01,-1.678560000000000052e+00
2.969999999999999984e-03,6.800000000000000488e-04,2.923899999999999832e-01,9.999946860860782216e-01,2.740012840004254092e-03,-1.760008247593973724e-03,1.500007029199409091e-04,-2.313000000000000125e-02,8.519799999999999596e-01,-1.665859999999999896e+00,5.109999999999999959e-03,8.693300000000000471e-01,-1.667859999999999898e+00,-7.069999999999999896e-03,8.422300000000000342e-01,-1.664949999999999930e+00,-8.120000000000000481e-03,8.436900000000000510e-01,-1.667380000000000084e+00
3.360000000000000139e-03,6.499999999999999702e-04,2.947000000000000175e-01,9.999969673637953971e-01,1.979993995380314835e-03,-1.399995754309313594e-03,4.299986959664320123e-04,-2.171000000000000013e-02,8.446099999999999719e-01,-1.651310000000000056e+00,6.230000000000000294e-03,8.623899999999999899e-01,-1.653429999999999955e+00,-9.950000000000000511e-03,8.421699999999999742e-01,-1.662430000000000074e+00,-6.080000000000000335e-03,8.371100000000000207e-01,-1.653289999999999926e+00
3.700000000000000164e-03,6.199999999999999999e-04,2.967799999999999883e-01,9.999947942365347009e-01,2.880013807539295260e-03,-1.270006088741286628e-03,7.100034039419791075e-04,-2.350999999999999965e-02,8.390699999999999825e-01,-1.639699999999999935e+00,4.139999999999999583e-03,8.567799999999999860e-01,-1.641019999999999923e+00,-1.699000000000000163e-02,8.354899999999999549e-01,-1.647639999999999993e+00,-7.440000000000000432e-03,8.318799999999999528e-01,-1.641299999999999981e+00
4.029999999999999728e-03,5.800000000000000034e-04,2.986199999999999966e-01,9.999923238848617002e-01,3.360007808331218291e-03,-1.850004299229986420e-03,8.000018591264806229e-04,-2.428999999999999909e-02,8.339900000000000091e-01,-1.626239999999999908e+00,3.089999999999999865e-03,8.516899999999999471e-01,-1.627359999999999918e+00,-1.827000000000000152e-02,8.288100000000000467e-01,-1.630779999999999896e+00,-8.160000000000000586e-03,8.281500000000000528e-01,-1.629839999999999955e+00
4.499999999999999660e-03,5.199999999999999544e-04,3.005200000000000093e-01,9.999889904616242609e-01,4.089995870946752134e-03,-2.299997678038516197e-03,2.999996971354586663e-05,-2.544000000000000081e-02,8.319100000000000383e-01,-1.615520000000000067e+00,2.629999999999999959e-03,8.467099999999999627e-01,-1.614780000000000104e+00,-2.042000000000000065e-02,8.242500000000000382e-01,-1.616340000000000110e+00,-1.041000000000000085e-02,8.230800000000000338e-01,-1.616880000000000095e+00
5.000000000000000104e-03,4.400000000000000157e-04,3.024999999999999911e-01,9.999939397338849512e-01,3.000011819319847988e-03,-1.700006697614580469e-03,-4.800018910911757019e-04,-2.554000000000000020e-02,8.288200000000000012e-01,-1.605750000000000011e+00,5.559999999999999838e-03,8.399199999999999999e-01,-1.602000000000000091e+00,-2.296000000000000124e-02,8.247700000000000031e-01,-1.613960000000000061e+00,-8.569999999999999493e-03,8.157499999999999751e-01,-1.602889999999999926e+00
5.510000000000000141e-03,4.299999999999999894e-04,3.043000000000000149e-01,9.999943878850015011e-01,2.950012944390198108e-03,-1.200005265514656784e-03,-1.040004563446035894e-03,-2.501000000000000098e-02,8.229400000000000048e-01,-1.592370000000000063e+00,6.259999999999999939e-03,8.341399999999999926e-01,-1.590950000000000086e+00,-3.101999999999999896e-02,8.227100000000000524e-01,-1.606060000000000043e+00,-9.180000000000000659e-03,8.100899999999999768e-01,-1.591790000000000038e+00
5.989999999999999665e-03,4.299999999999999894e-04,3.059499999999999997e-01,9.999936408334751947e-01,3.070011177470543130e-03,-1.420005170035235249e-03,-1.130004114182968844e-03,-2.812999999999999876e-02,8.224700000000000344e-01,-1.586009999999999920e+00,6.089999999999999927e-03,8.293899999999999606e-01,-1.578850000000000087e+00,-3.209999999999999659e-02,8.154099999999999682e-01,-1.588319999999999954e+00,-9.520000000000000684e-03,8.066999999999999726e-01,-1.581900000000000084e+00
6.550000000000000266e-03,4.299999999999999894e-04,3.075999999999999845e-01,9.999938264836981672e-01,2.700010331609301300e-03,-1.950007461717828379e-03,-1.120004285704598833e-03,-3.389999999999999958e-02,8.218400000000000150e-01,-1.576999999999999957e+00,6.669999999999999714e-03,8.254500000000000171e-01,-1.566380000000000106e+00,-3.128999999999999837e-02,8.118400000000000061e-01,-1.576149999999999940e+00,-8.810000000000000123e-03,8.037300000000000555e-01,-1.571010000000000018e+00
6.989999999999999686e-03,4.800000000000000122e-04,3.094399999999999928e-01,9.999973627104330465e-01,1.869995068268509716e-03,-1.239996729760936946e-03,-4.899987077281121785e-04,-3.733999999999999819e-02,8.175599999999999534e-01,-1.568640000000000034e+00,7.479999999999999670e-03,8.182099999999999929e-01,-1.552009999999999890e+00,-3.209000000000000047e-02,8.095900000000000318e-01,-1.571620000000000017e+00,-6.389999999999999847e-03,7.962700000000000333e-01,-1.555949999999999944e+00
7.250000000000000368e-03,7.600000000000000418e-04,3.114999999999999991e-01,9.999974265099343951e-01,2.009994827284968151e-03,-8.499978125334442958e-04,-6.199984044361593356e-04,-3.908999999999999975e-02,8.082399999999999585e-01,-1.551139999999999963e+00,6.380000000000000254e-03,8.102700000000000458e-01,-1.537509999999999932e+00,-4.546000000000000041e-02,8.123500000000000165e-01,-1.572850000000000081e+00,-7.620000000000000037e-03,7.874299999999999633e-01,-1.539420000000000011e+00
7.400000000000000328e-03,1.180000000000000059e-03,3.137099999999999889e-01,9.999961873218050634e-01,1.729993404066722772e-03,-1.989992412770391975e-03,-8.199968736038801276e-04,-3.941999999999999671e-02,8.006499999999999728e-01,-1.532030000000000003e+00,5.720000000000000258e-03,8.031000000000000361e-01,-1.519740000000000091e+00,-4.775000000000000078e-02,8.034599999999999520e-01,-1.550659999999999927e+00,-8.640000000000000110e-03,7.833599999999999453e-01,-1.526999999999999913e+00
7.429999999999999973e-03,1.580000000000000024e-03,3.156300000000000217e-01,9.999945880856949687e-01,2.030009313907100120e-03,-1.880008625687363318e-03,-1.780008166874205667e-03,-4.000999999999999696e-02,7.967400000000000038e-01,-1.523160000000000069e+00,8.699999999999999400e-03,8.035099999999999465e-01,-1.522499999999999964e+00,-5.068999999999999895e-02,7.957499999999999574e-01,-1.534739999999999993e+00,-7.470000000000000077e-03,7.824999999999999734e-01,-1.525190000000000046e+00
7.409999999999999920e-03,1.959999999999999937e-03,3.167800000000000060e-01,9.999924186845881025e-01,2.220005369533481227e-03,-1.700004111804917723e-03,-2.710006554700781015e-03,-4.352000000000000313e-02,7.992500000000000160e-01,-1.525199999999999889e+00,1.034000000000000023e-02,7.979399999999999826e-01,-1.515030000000000099e+00,-5.319999999999999729e-02,7.952299999999999924e-01,-1.532969999999999944e+00,-3.930000000000000333e-03,7.799599999999999866e-01,-1.520860000000000101e+00
7.479999999999999670e-03,2.340000000000000066e-03,3.166300000000000225e-01,9.999878546783572686e-01,2.719994164666778794e-03,-1.589996588904477037e-03,-3.789991869149665366e-03,-5.276000000000000134e-02,8.077299999999999480e-01,-1.535430000000000073e+00,1.221000000000000037e-02,7.978800000000000336e-01,-1.517570000000000086e+00,-5.700999999999999818e-02,7.984700000000000131e-01,-1.537290000000000045e+00,-6.749999999999999924e-03,7.767199999999999660e-01,-1.515989999999999949e+00
7.649999999999999682e-03,2.769999999999999893e-03,3.146900000000000253e-01,9.999792159166042138e-01,1.859998541575715557e-03,-1.409998894420300391e-03,-6.009995287564543105e-03,-5.430000000000000104e-02,8.197100000000000497e-01,-1.551409999999999956e+00,1.780999999999999944e-02,8.060800000000000187e-01,-1.536249999999999893e+00,-6.690000000000000113e-02,8.167999999999999705e-01,-1.565010000000000012e+00,-7.960000000000000062e-03,7.831000000000000183e-01,-1.530089999999999950e+00
8.019999999999999352e-03,3.210000000000000180e-03,3.104500000000000037e-01,9.999555913555095987e-01,1.239994533062154436e-03,-1.679992593180983660e-03,-9.189959482936452262e-03,-5.553999999999999909e-02,8.435300000000000020e-01,-1.583909999999999929e+00,3.012000000000000094e-02,8.291899999999999826e-01,-1.581739999999999924e+00,-8.326000000000000068e-02,8.475800000000000001e-01,-1.607860000000000067e+00,-9.679999999999999369e-03,8.008100000000000218e-01,-1.564000000000000057e+00
8.670000000000000623e-03,3.680000000000000111e-03,3.035800000000000165e-01,9.999034951687760797e-01,1.010003530473511458e-03,-2.750009612675402039e-03,-1.358004746913889400e-02,-5.899999999999999689e-02,8.856000000000000538e-01,-1.635950000000000015e+00,4.585999999999999799e-02,8.584600000000000009e-01,-1.637709999999999999e+00,-1.001800000000000052e-01,8.857800000000000118e-01,-1.657610000000000028e+00,-1.507999999999999965e-02,8.287400000000000322e-01,-1.611080000000000068e+00
9.570000000000000381e-03,4.159999999999999636e-03,2.943000000000000060e-01,9.998039551822798243e-01,6.600026109424932379e-04,-3.540014004146099878e-03,-1.947007702280355301e-02,-5.956000000000000183e-02,9.465999999999999970e-01,-1.692909999999999915e+00,6.171999999999999709e-02,8.897500000000000409e-01,-1.698269999999999946e+00,-1.169599999999999945e-01,9.272500000000000187e-01,-1.712539999999999951e+00,-2.353999999999999843e-02,8.549700000000000077e-01,-1.660530000000000062e+00
1.063000000000000056e-02,4.619999999999999975e-03,2.832200000000000273e-01,9.996390240528971738e-01,1.299998730811858638e-03,-3.469996612243961189e-03,-2.660997402069504789e-02,-5.854000000000000176e-02,9.918599999999999639e-01,-1.736520000000000064e+00,7.803999999999999826e-02,9.249899999999999789e-01,-1.765740000000000087e+00,-1.351499999999999924e-01,9.721800000000000441e-01,-1.777490000000000014e+00,-3.656000000000000222e-02,8.825499999999999456e-01,-1.717580000000000107e+00
1.162999999999999971e-02,5.049999999999999802e-03,2.713999999999999746e-01,9.994207347244231654e-01,1.380001014508118722e-03,-1.920001411489556577e-03,-3.395002495837002449e-02,-5.432000000000000023e-02,1.030669999999999975e+00,-1.788790000000000102e+00,9.013000000000000178e-02,9.545099999999999696e-01,-1.828650000000000109e+00,-1.553799999999999903e-01,1.021050000000000013e+00,-1.851480000000000015e+00,-4.936999999999999722e-02,9.076499999999999568e-01,-1.776610000000000023e+00
1.261999999999999927e-02,5.420000000000000338e-03,2.598799999999999999e-01,9.991278375400050038e-01,1.459996840059258781e-03,-1.309997164710704955e-03,-4.170990972525457502e-02,-4.927999999999999742e-02,1.078310000000000102e+00,-1.853099999999999969e+00,1.024299999999999933e-01,9.882199999999999873e-01,-1.896740000000000093e+00,-1.775400000000000034e-01,1.068670000000000009e+00,-1.918299999999999894e+00,-6.378000000000000336e-02,9.342599999999999794e-01,-1.836710000000000065e+00
1.336999999999999994e-02,5.790000000000000008e-03,2.489800000000000069e-01,9.987457768623484444e-01,1.119995264166037717e-03,-1.279994587618329006e-03,-5.003978840970404324e-02,-4.240000000000000019e-02,1.127010000000000067e+00,-1.916120000000000045e+00,1.171299999999999980e-01,1.020850000000000035e+00,-1.963260000000000005e+00,-2.001600000000000046e-01,1.114789999999999948e+00,-1.981449999999999934e+00,-7.950999999999999734e-02,9.590300000000000491e-01,-1.894109999999999960e+00
1.404000000000000040e-02,6.060000000000000282e-03,2.387199999999999878e-01,9.983146748689895045e-01,1.160005432028155415e-03,-2.180010208466705724e-03,-5.798027150775211108e-02,-3.583000000000000074e-02,1.170199999999999907e+00,-1.966290000000000093e+00,1.316100000000000048e-01,1.052599999999999980e+00,-2.024630000000000152e+00,-2.232300000000000118e-01,1.160080000000000000e+00,-2.039829999999999810e+00,-1.002099999999999935e-01,9.868599999999999595e-01,-1.947370000000000045e+00
1.451999999999999992e-02,6.219999999999999835e-03,2.293999999999999928e-01,9.979803821267615449e-01,1.250000478625275073e-03,-1.970000754313433727e-03,-6.348002430650596939e-02,-3.130000000000000143e-02,1.205980000000000052e+00,-2.010499999999999954e+00,1.438099999999999934e-01,1.081560000000000077e+00,-2.081999999999999851e+00,-2.427400000000000113e-01,1.199680000000000080e+00,-2.094349999999999934e+00,-1.132100000000000051e-01,1.002220000000000111e+00,-1.983870000000000022e+00
1.485000000000000035e-02,6.230000000000000294e-03,2.206799999999999873e-01,9.976946092599725535e-01,1.320006098310260627e-03,-1.190005497719098630e-03,-6.784031341618794453e-02,-2.711999999999999827e-02,1.240019999999999900e+00,-2.054670000000000218e+00,1.565900000000000070e-01,1.110780000000000101e+00,-2.139829999999999899e+00,-2.616600000000000037e-01,1.238369999999999971e+00,-2.149230000000000196e+00,-1.238999999999999962e-01,1.016680000000000028e+00,-2.021020000000000039e+00
1.511000000000000017e-02,6.199999999999999782e-03,2.124900000000000122e-01,9.973613429978206435e-01,1.550002087156715632e-03,-2.800003770347615144e-04,-7.258009773279640309e-02,-2.229000000000000078e-02,1.273339999999999916e+00,-2.096890000000000143e+00,1.822999999999999898e-01,1.151329999999999965e+00,-2.202379999999999782e+00,-2.958100000000000174e-01,1.283400000000000096e+00,-2.206510000000000193e+00,-1.356900000000000051e-01,1.029339999999999922e+00,-2.057519999999999794e+00
1.521999999999999915e-02,6.190000000000000190e-03,2.047899999999999998e-01,9.969926211967461427e-01,1.520003996247759875e-03,4.700012356818730535e-04,-7.748020370347132035e-02,-1.633000000000000076e-02,1.305080000000000018e+00,-2.135619999999999852e+00,2.033600000000000130e-01,1.173869999999999969e+00,-2.238339999999999996e+00,-3.292100000000000026e-01,1.319220000000000059e+00,-2.247889999999999944e+00,-1.478899999999999937e-01,1.040300000000000002e+00,-2.092379999999999907e+00
1.540000000000000049e-02,6.109999999999999980e-03,1.977899999999999936e-01,9.964761585419895651e-01,1.019996067871737971e-03,3.199987663911334928e-04,-8.386967667882613831e-02,-6.910000000000000343e-03,1.335599999999999898e+00,-2.166389999999999816e+00,2.295099999999999918e-01,1.198099999999999943e+00,-2.275040000000000173e+00,-3.708600000000000230e-01,1.353830000000000089e+00,-2.276710000000000012e+00,-1.621400000000000063e-01,1.048839999999999995e+00,-2.123139999999999805e+00
1.536999999999999998e-02,6.100000000000000387e-03,1.927500000000000047e-01,9.960311610742011990e-01,8.900010374748140154e-04,-3.400003963386930635e-04,-8.900010374748140718e-02,3.699999999999999947e-04,1.357089999999999907e+00,-2.185529999999999973e+00,2.443500000000000116e-01,1.208409999999999984e+00,-2.296510000000000051e+00,-3.893599999999999839e-01,1.368619999999999948e+00,-2.288759999999999906e+00,-1.745700000000000029e-01,1.053579999999999961e+00,-2.144509999999999916e+00
1.504999999999999914e-02,6.329999999999999689e-03,1.915199999999999958e-01,9.960235710995125613e-01,6.300022587826478206e-04,-1.160004159028367367e-03,-8.908031938469566924e-02,-3.999999999999999650e-05,1.361250000000000071e+00,-2.190960000000000019e+00,2.455400000000000083e-01,1.210939999999999905e+00,-2.301719999999999988e+00,-3.935199999999999809e-01,1.375299999999999967e+00,-2.297029999999999905e+00,-1.760700000000000043e-01,1.055809999999999915e+00,-2.150049999999999795e+00
1.417999999999999990e-02,7.420000000000000380e-03,1.973999999999999921e-01,9.969352447797635852e-01,4.999976150920635090e-04,-2.499988075460317545e-03,-7.818962704809688524e-02,-1.969999999999999876e-02,1.326840000000000019e+00,-2.167339999999999822e+00,2.135100000000000053e-01,1.193410000000000082e+00,-2.260330000000000172e+00,-3.611300000000000066e-01,1.345480000000000009e+00,-2.270760000000000112e+00,-1.563400000000000067e-01,1.058540000000000036e+00,-2.129220000000000113e+00
1.271000000000000081e-02,9.419999999999999554e-03,2.150299999999999989e-01,9.987126297636234051e-01,-1.280003370445312707e-03,-4.140010901284057326e-03,-5.054013307992663573e-02,-6.094000000000000111e-02,1.235289999999999999e+00,-2.093799999999999883e+00,1.417200000000000126e-01,1.144959999999999978e+00,-2.143089999999999939e+00,-2.702499999999999902e-01,1.252259999999999929e+00,-2.175489999999999924e+00,-9.965000000000000246e-02,1.059369999999999923e+00,-2.064779999999999838e+00
1.041000000000000085e-02,1.072000000000000036e-02,2.431500000000000050e-01,9.999563909639066495e-01,-1.899993142557124953e-03,-2.179992131986596086e-03,-8.879967950477511696e-03,-1.126999999999999946e-01,1.100440000000000085e+00,-1.976839999999999931e+00,5.543000000000000010e-02,1.069039999999999990e+00,-1.968409999999999993e+00,-1.491099999999999925e-01,1.092530000000000001e+00,-2.003270000000000106e+00,-1.124999999999999958e-02,1.037700000000000067e+00,-1.957559999999999967e+00
7.680000000000000195e-03,1.125999999999999918e-02,2.766000000000000125e-01,9.989996948555898149e-01,3.479998937034487101e-03,2.139999346337299619e-03,4.452998639831773353e-02,-1.848899999999999988e-01,9.443300000000000027e-01,-1.819469999999999921e+00,-2.775999999999999995e-02,1.015069999999999917e+00,-1.786249999999999893e+00,-4.658000000000000335e-02,8.990700000000000358e-01,-1.784359999999999946e+00,1.292500000000000038e-01,9.963100000000000289e-01,-1.849590000000000067e+00
5.720000000000000258e-03,1.111999999999999968e-02,3.094299999999999828e-01,9.943940490316520719e-01,4.830019667155622913e-03,5.570022680343026701e-03,1.054804295013613002e-01,-2.727399999999999824e-01,8.373300000000000187e-01,-1.682039999999999980e+00,-9.646000000000000407e-02,1.020499999999999963e+00,-1.619750000000000023e+00,5.254999999999999949e-02,7.007900000000000240e-01,-1.537749999999999950e+00,3.083699999999999775e-01,9.183999999999999941e-01,-1.678250000000000020e+00
4.009999999999999676e-03,1.042000000000000044e-02,3.385099999999999776e-01,9.851559974178291101e-01,-6.999971559873324257e-05,8.119967009453056897e-03,1.714693033387827137e-01,-3.959500000000000242e-01,8.079800000000000315e-01,-1.606440000000000090e+00,-1.673300000000000065e-01,1.020720000000000072e+00,-1.447109999999999896e+00,1.932599999999999874e-01,4.555000000000000160e-01,-1.221740000000000048e+00,4.451200000000000156e-01,8.366799999999999793e-01,-1.507160000000000055e+00
2.079999999999999818e-03,9.679999999999999369e-03,3.629399999999999848e-01,9.720798902521866625e-01,-7.999999096800153656e-05,1.262999857407324199e-02,2.343099735464054811e-01,-4.869100000000000095e-01,8.474000000000000421e-01,-1.592899999999999983e+00,-1.770700000000000052e-01,1.073639999999999928e+00,-1.411659999999999915e+00,2.352299999999999947e-01,2.118700000000000028e-01,-1.005300000000000082e+00,4.877600000000000269e-01,7.491700000000000026e-01,-1.460169999999999968e+00
7.600000000000000418e-04,8.859999999999999820e-03,3.819400000000000017e-01,9.555043609796306514e-01,-1.110005066130183423e-03,1.617007380119375032e-02,2.945313442588494701e-01,-5.243799999999999573e-01,9.626900000000000457e-01,-1.730220000000000091e+00,-1.490499999999999881e-01,1.254240000000000022e+00,-1.550040000000000084e+00,2.100700000000000067e-01,3.615000000000000158e-02,-9.663899999999999713e-01,5.339099999999999957e-01,7.256299999999999972e-01,-1.561129999999999907e+00
-1.000000000000000048e-04,8.479999999999999691e-03,3.962200000000000166e-01,9.366189596978992116e-01,-5.809993546843751980e-03,1.379998467236553776e-02,3.500296112223267309e-01,-5.215400000000000036e-01,1.092829999999999968e+00,-1.900600000000000067e+00,-1.312800000000000078e-01,1.403040000000000065e+00,-1.691330000000000000e+00,2.060099999999999987e-01,-8.840000000000000635e-03,-1.047979999999999912e+00,5.642500000000000293e-01,7.789300000000000113e-01,-1.719659999999999966e+00
-8.599999999999999789e-04,8.739999999999999505e-03,4.068899999999999739e-01,9.164239931887866453e-01,-8.230035861224890142e-03,8.120035381913257369e-03,4.000417431256871326e-01,-4.846900000000000097e-01,1.199519999999999920e+00,-2.018790000000000084e+00,-1.215900000000000036e-01,1.454709999999999948e+00,-1.785330000000000084e+00,2.062100000000000044e-01,5.514000000000000151e-02,-1.174739999999999895e+00,5.384499999999999842e-01,8.753999999999999559e-01,-1.847709999999999964e+00
-1.770000000000000089e-03,9.419999999999999554e-03,4.141299999999999981e-01,8.948551134780238225e-01,-6.109966635396291666e-03,2.559986020722505515e-03,4.463075628549458274e-01,-4.230400000000000271e-01,1.253730000000000011e+00,-2.058800000000000185e+00,-1.011100000000000054e-01,1.459840000000000027e+00,-1.836130000000000040e+00,1.960600000000000120e-01,1.907099999999999906e-01,-1.315809999999999924e+00,4.561499999999999999e-01,9.525000000000000133e-01,-1.904290000000000038e+00
-2.860000000000000129e-03,1.014999999999999930e-02,4.177899999999999947e-01,8.711107187537505681e-01,-1.920001584193960741e-03,-1.570001295408603300e-03,4.910804051906094703e-01,-3.597899999999999987e-01,1.264920000000000044e+00,-2.051470000000000127e+00,-8.333000000000000129e-02,1.446839999999999904e+00,-1.851969999999999894e+00,1.820100000000000051e-01,3.495199999999999974e-01,-1.439699999999999980e+00,3.714700000000000224e-01,9.946099999999999941e-01,-1.915569999999999995e+00
-4.120000000000000398e-03,1.078999999999999924e-02,4.177799999999999847e-01,8.448887164037928166e-01,3.399994834561771619e-03,-3.599994530712464016e-03,5.349191873246420537e-01,-3.063299999999999912e-01,1.250839999999999952e+00,-2.018489999999999895e+00,-7.031999999999999362e-02,1.429009999999999891e+00,-1.850389999999999979e+00,1.643999999999999906e-01,5.023499999999999632e-01,-1.535860000000000003e+00,3.035999999999999810e-01,1.012219999999999898e+00,-1.904539999999999900e+00
-5.550000000000000246e-03,1.128000000000000010e-02,4.139800000000000146e-01,8.163995230187180985e-01,9.529994432102381618e-03,-3.259998095346669424e-03,5.773996626543457245e-01,-2.566200000000000148e-01,1.223680000000000101e+00,-1.974760000000000071e+00,-5.627000000000000057e-02,1.408439999999999914e+00,-1.843979999999999952e+00,1.394400000000000084e-01,6.401200000000000223e-01,-1.609560000000000102e+00,2.442300000000000026e-01,1.017879999999999896e+00,-1.888099999999999890e+00
-7.110000000000000001e-03,1.158000000000000002e-02,4.064599999999999880e-01,7.857336800315949388e-01,1.580007400060988096e-02,-5.200024354631098931e-04,6.183628961403243585e-01,-2.101899999999999880e-01,1.188160000000000105e+00,-1.921429999999999971e+00,-3.998000000000000165e-02,1.379660000000000108e+00,-1.834589999999999943e+00,1.063700000000000062e-01,7.575499999999999456e-01,-1.656179999999999986e+00,1.917800000000000060e-01,1.014299999999999979e+00,-1.865939999999999932e+00
-8.750000000000000833e-03,1.166999999999999982e-02,3.952899999999999747e-01,7.528895330580565037e-01,2.120998684557024241e-02,4.509997202900603401e-03,6.577895920390216533e-01,-1.698199999999999987e-01,1.146300000000000097e+00,-1.859879999999999978e+00,-2.306000000000000064e-02,1.337720000000000020e+00,-1.822419999999999929e+00,6.850000000000000533e-02,8.477599999999999580e-01,-1.673270000000000035e+00,1.485899999999999999e-01,9.993199999999999861e-01,-1.834750000000000103e+00
-1.039999999999999952e-02,1.156000000000000083e-02,3.804299999999999904e-01,7.178865335137707415e-01,2.506987894411432174e-02,1.130994538723306686e-02,6.956166410492543584e-01,-1.375399999999999956e-01,1.103229999999999933e+00,-1.796289999999999942e+00,-8.210000000000000284e-03,1.280759999999999899e+00,-1.806810000000000027e+00,3.110999999999999877e-02,9.074799999999999534e-01,-1.665960000000000107e+00,1.155700000000000061e-01,9.758599999999999497e-01,-1.794839999999999991e+00
-1.204999999999999995e-02,1.128999999999999969e-02,3.617199999999999860e-01,6.808606021874259451e-01,2.739002422511764220e-02,1.913001691955094896e-02,7.316506471087010910e-01,-1.129000000000000004e-01,1.066000000000000059e+00,-1.742529999999999912e+00,2.789999999999999945e-03,1.210190000000000099e+00,-1.790580000000000060e+00,-3.500000000000000507e-04,9.423399999999999554e-01,-1.646579999999999933e+00,8.712000000000000299e-02,9.526999999999999913e-01,-1.752199999999999980e+00
-1.370000000000000037e-02,1.090999999999999956e-02,3.389900000000000135e-01,6.419415524412305230e-01,2.872006945526395238e-02,2.722006582772579231e-02,7.657318518098630289e-01,-9.488000000000000600e-02,1.034450000000000092e+00,-1.703750000000000098e+00,6.599999999999999964e-03,1.126149999999999984e+00,-1.763449999999999962e+00,-1.863000000000000073e-02,9.625399999999999512e-01,-1.632700000000000040e+00,5.353000000000000119e-02,9.395400000000000418e-01,-1.707349999999999923e+00
-1.541000000000000009e-02,1.047999999999999973e-02,3.123199999999999865e-01,6.004778735614954011e-01,3.107988993853463139e-02,3.748986723924271208e-02,7.981571735309138660e-01,-1.078500000000000014e-01,1.005900000000000016e+00,-1.675300000000000011e+00,-1.566999999999999990e-02,1.034310000000000063e+00,-1.698620000000000019e+00,-2.655000000000000068e-02,9.693800000000000194e-01,-1.636460000000000026e+00,2.671000000000000110e-02,9.461000000000000520e-01,-1.660679999999999934e+00
-1.747999999999999901e-02,1.004999999999999991e-02,2.859599999999999920e-01,5.606522748512202670e-01,1.550006289163277304e-02,3.530014323062173609e-02,8.271533561815516133e-01,-1.228500000000000009e-01,9.841800000000000548e-01,-1.658879999999999910e+00,-1.728000000000000022e-02,9.914300000000000335e-01,-1.661170000000000035e+00,-4.732999999999999707e-02,9.636200000000000321e-01,-1.643620000000000081e+00,9.829999999999999849e-02,9.777099999999999680e-01,-1.685019999999999962e+00
-2.001000000000000001e-02,9.700000000000000289e-03,2.750600000000000267e-01,5.433792483983435062e-01,1.979997261269682805e-03,2.545996478380107078e-02,8.390988393592881955e-01,-1.166599999999999998e-01,1.015709999999999891e+00,-1.730539999999999967e+00,-7.620000000000000037e-03,1.048920000000000075e+00,-1.748140000000000027e+00,-4.551999999999999796e-02,9.761199999999999877e-01,-1.665920000000000067e+00,1.557300000000000073e-01,1.043069999999999942e+00,-1.785179999999999989e+00
-2.186000000000000096e-02,9.879999999999999893e-03,2.736299999999999844e-01,5.441729745936523255e-01,-1.290007051520318093e-03,1.996010910724460921e-02,8.387345847454545922e-01,-1.178600000000000064e-01,1.070719999999999894e+00,-1.814670000000000005e+00,4.610000000000000382e-03,1.085579999999999989e+00,-1.804789999999999894e+00,-4.633999999999999925e-02,1.015540000000000109e+00,-1.717119999999999980e+00,1.270399999999999863e-01,1.072959999999999914e+00,-1.825090000000000101e+00
-2.390000000000000110e-02,1.000000000000000021e-02,2.708800000000000097e-01,5.455486033428084136e-01,-2.109994598209743912e-03,1.999994879819662688e-02,8.378378550540530600e-01,-1.820299999999999974e-01,1.114100000000000090e+00,-1.931950000000000056e+00,-2.638000000000000067e-02,1.117359999999999909e+00,-1.855299999999999949e+00,-3.400999999999999857e-02,1.051320000000000032e+00,-1.801539999999999919e+00,1.140999999999999931e-01,1.094969999999999999e+00,-1.835839999999999916e+00
-2.588000000000000023e-02,1.012000000000000052e-02,2.655299999999999883e-01,5.434701492097500086e-01,-5.200001427660587601e-03,1.796000493092003020e-02,8.392202304079459108e-01,-2.566100000000000048e-01,1.103460000000000107e+00,-1.979279999999999928e+00,-7.344000000000000528e-02,1.140859999999999985e+00,-1.848740000000000050e+00,1.336000000000000035e-02,1.035809999999999897e+00,-1.853509999999999991e+00,1.478899999999999937e-01,1.132740000000000080e+00,-1.867939999999999934e+00
-2.792000000000000037e-02,1.042000000000000044e-02,2.568400000000000127e-01,5.416806555964942538e-01,-7.590009186193677655e-03,1.583001915908378507e-02,8.404010171379666660e-01,-3.033100000000000240e-01,1.106989999999999919e+00,-1.987370000000000081e+00,-9.182999999999999496e-02,1.174879999999999924e+00,-1.868509999999999893e+00,3.164000000000000146e-02,1.011719999999999953e+00,-1.886900000000000022e+00,1.725299999999999889e-01,1.176050000000000040e+00,-1.917399999999999993e+00
-2.972999999999999948e-02,1.088000000000000078e-02,2.453599999999999948e-01,5.421405789522334429e-01,-9.890010561547918702e-03,1.150001228086967343e-02,8.401508971976222595e-01,-3.109799999999999787e-01,1.133099999999999996e+00,-2.017840000000000078e+00,-1.014899999999999969e-01,1.209070000000000089e+00,-1.909200000000000008e+00,3.329000000000000015e-02,1.009249999999999980e+00,-1.902300000000000102e+00,1.839200000000000002e-01,1.211149999999999949e+00,-1.959789999999999921e+00
-3.074999999999999956e-02,1.125999999999999918e-02,2.340599999999999903e-01,5.440791351869019854e-01,-9.909984248092558803e-03,1.057998318313009729e-02,8.389086665557343725e-01,-3.236200000000000188e-01,1.179000000000000048e+00,-2.079810000000000159e+00,-1.049599999999999977e-01,1.236809999999999965e+00,-1.946350000000000025e+00,2.920000000000000026e-02,1.031789999999999985e+00,-1.933910000000000018e+00,1.843700000000000061e-01,1.242949999999999999e+00,-2.000399999999999956e+00
-3.066999999999999935e-02,1.179999999999999973e-02,2.254599999999999937e-01,5.447691698268947169e-01,-1.184998194182627917e-02,1.317997991504391356e-02,8.383987223651605536e-01,-3.375699999999999812e-01,1.214460000000000095e+00,-2.139190000000000147e+00,-1.078500000000000014e-01,1.258890000000000065e+00,-1.982790000000000052e+00,2.844000000000000000e-02,1.058000000000000052e+00,-1.983170000000000099e+00,1.868900000000000006e-01,1.265870000000000051e+00,-2.037850000000000161e+00
-3.022000000000000033e-02,1.251999999999999988e-02,2.194299999999999862e-01,5.439099928747792578e-01,-1.427999981293200452e-02,1.648999978398100683e-02,8.388599890109342816e-01,-3.497500000000000053e-01,1.236739999999999950e+00,-2.182430000000000092e+00,-1.117100000000000037e-01,1.281099999999999905e+00,-2.018170000000000019e+00,3.085999999999999854e-02,1.070429999999999993e+00,-2.015080000000000204e+00,1.930099999999999871e-01,1.282629999999999937e+00,-2.067260000000000097e+00
-2.983999999999999847e-02,1.319000000000000034e-02,2.154399999999999926e-01,5.423715697611873887e-01,-1.596004619243053535e-02,1.899005496204610871e-02,8.397724305148742685e-01,-3.590599999999999903e-01,1.249849999999999905e+00,-2.209280000000000133e+00,-1.154700000000000032e-01,1.299360000000000070e+00,-2.044000000000000039e+00,3.459999999999999881e-02,1.073390000000000066e+00,-2.029450000000000198e+00,1.995000000000000107e-01,1.292489999999999917e+00,-2.083819999999999784e+00
-2.959000000000000172e-02,1.362000000000000016e-02,2.133899999999999963e-01,5.414784666163755533e-01,-1.695995197202801452e-02,2.073994126768048674e-02,8.402876204348713740e-01,-3.647599999999999731e-01,1.256909999999999972e+00,-2.224419999999999842e+00,-1.176699999999999968e-01,1.308980000000000032e+00,-2.057840000000000114e+00,3.654999999999999916e-02,1.072869999999999990e+00,-2.034510000000000041e+00,2.025399999999999978e-01,1.295129999999999892e+00,-2.089669999999999916e+00
-2.951000000000000151e-02,1.383000000000000028e-02,2.131599999999999884e-01,5.421106519426620585e-01,-1.781002141834463551e-02,2.345002820102087132e-02,8.397910099332758227e-01,-3.678500000000000103e-01,1.256529999999999925e+00,-2.229480000000000128e+00,-1.201399999999999968e-01,1.310470000000000024e+00,-2.065669999999999895e+00,3.221999999999999864e-02,1.067490000000000050e+00,-2.030339999999999812e+00,1.969299999999999939e-01,1.286329999999999973e+00,-2.084060000000000024e+00
-2.953000000000000069e-02,1.383000000000000028e-02,2.159099999999999908e-01,5.458801852990603498e-01,-1.923000652762682505e-02,2.497000847607081658e-02,8.372702842114462252e-01,-3.575699999999999990e-01,1.243630000000000013e+00,-2.214760000000000062e+00,-1.150400000000000034e-01,1.294829999999999925e+00,-2.059250000000000025e+00,2.241999999999999896e-02,1.058219999999999938e+00,-2.013689999999999980e+00,1.817799999999999971e-01,1.261319999999999997e+00,-2.061490000000000045e+00
-2.955999999999999947e-02,1.358999999999999965e-02,2.224200000000000066e-01,5.533494490302279800e-01,-1.992998015572863824e-02,2.741997269794677755e-02,8.322591713199557484e-01,-3.379499999999999726e-01,1.218650000000000011e+00,-2.180330000000000101e+00,-1.066899999999999932e-01,1.263430000000000053e+00,-2.041279999999999983e+00,1.820000000000000003e-03,1.041959999999999997e+00,-1.979330000000000034e+00,1.520299999999999985e-01,1.219230000000000036e+00,-2.021170000000000133e+00
-2.951000000000000151e-02,1.320999999999999952e-02,2.327599999999999947e-01,5.640813323052722428e-01,-2.047004834826429004e-02,2.995007073915562090e-02,8.249219483854508539e-01,-3.078899999999999970e-01,1.179729999999999945e+00,-2.122970000000000024e+00,-9.296000000000000096e-02,1.214139999999999997e+00,-2.007000000000000117e+00,-2.522999999999999896e-02,1.015949999999999909e+00,-1.924209999999999976e+00,1.125300000000000050e-01,1.158500000000000085e+00,-1.959070000000000089e+00
-2.934000000000000150e-02,1.269999999999999948e-02,2.468299999999999939e-01,5.779083285470538733e-01,-2.107993903163450297e-02,3.209990715917777210e-02,8.151976422480288198e-01,-2.688699999999999979e-01,1.128330000000000055e+00,-2.043289999999999829e+00,-7.324999999999999567e-02,1.146900000000000031e+00,-1.953179999999999916e+00,-5.577000000000000013e-02,9.791699999999999848e-01,-1.847520000000000051e+00,6.741999999999999382e-02,1.079809999999999937e+00,-1.873420000000000085e+00
-2.901000000000000106e-02,1.207000000000000087e-02,2.635199999999999765e-01,5.936319066597013361e-01,-2.121006812366670394e-02,3.437011039181634559e-02,8.037225814405188906e-01,-2.294499999999999873e-01,1.072149999999999936e+00,-1.950900000000000079e+00,-5.176000000000000045e-02,1.071679999999999966e+00,-1.887440000000000007e+00,-8.770999999999999630e-02,9.343799999999999883e-01,-1.756029999999999980e+00,2.283999999999999919e-02,9.914699999999999624e-01,-1.772070000000000034e+00
-2.854999999999999899e-02,1.136999999999999990e-02,2.804800000000000071e-01,6.077871820012635817e-01,-2.145990050140198988e-02,3.636983137166777125e-02,7.929763233738000849e-01,-1.970399999999999929e-01,1.017099999999999893e+00,-1.857979999999999965e+00,-3.366999999999999854e-02,9.987500000000000266e-01,-1.816619999999999902e+00,-1.130400000000000016e-01,8.835600000000000120e-01,-1.659310000000000063e+00,-2.599999999999999881e-03,9.115499999999999714e-01,-1.676590000000000025e+00
-2.815000000000000141e-02,1.069999999999999944e-02,2.964499999999999913e-01,6.204611984219621235e-01,-2.174004199093165779e-02,3.887007507762252345e-02,7.829715123109365349e-01,-1.829099999999999893e-01,9.736099999999999755e-01,-1.779509999999999925e+00,-1.883999999999999911e-02,9.285700000000000065e-01,-1.742150000000000087e+00,-1.347299999999999887e-01,8.294700000000000406e-01,-1.560200000000000031e+00,-1.431999999999999940e-02,8.324599999999999778e-01,-1.576300000000000034e+00
-2.782000000000000098e-02,1.007000000000000083e-02,3.101900000000000213e-01,6.321514058746824372e-01,-2.172004830435514400e-02,4.124009171600396401e-02,7.734417200976262396e-01,-1.704900000000000027e-01,9.276499999999999746e-01,-1.695570000000000022e+00,-9.860000000000000708e-03,8.697500000000000231e-01,-1.681699999999999973e+00,-1.535199999999999898e-01,7.810700000000000420e-01,-1.471309999999999896e+00,-2.812999999999999876e-02,7.572999999999999732e-01,-1.475980000000000070e+00
-2.751999999999999932e-02,9.490000000000000172e-03,3.210799999999999765e-01,6.425178682577530331e-01,-2.209992667698491148e-02,4.275985813157803794e-02,7.647574626918994811e-01,-1.670599999999999863e-01,8.928800000000000070e-01,-1.632509999999999906e+00,-7.539999999999999827e-03,8.234099999999999753e-01,-1.634570000000000078e+00,-1.633199999999999930e-01,7.423199999999999799e-01,-1.412169999999999925e+00,-3.418000000000000205e-02,7.020600000000000174e-01,-1.400970000000000049e+00
-2.727999999999999869e-02,9.010000000000000647e-03,3.285899999999999932e-01,6.512812678504782404e-01,-2.209004300272857102e-02,4.376008518784075402e-02,7.572514741428796325e-01,-1.692500000000000115e-01,8.720499999999999918e-01,-1.597480000000000011e+00,-1.257999999999999917e-02,7.895699999999999941e-01,-1.600500000000000034e+00,-1.671799999999999953e-01,7.133000000000000451e-01,-1.371350000000000069e+00,-3.583000000000000074e-02,6.691099999999999826e-01,-1.353550000000000031e+00
-2.702999999999999847e-02,8.670000000000000623e-03,3.325000000000000178e-01,6.584004628556880956e-01,-2.224001563473648746e-02,4.350003058053224236e-02,7.510805280097966330e-01,-1.694199999999999873e-01,8.600200000000000067e-01,-1.576789999999999914e+00,-2.656000000000000028e-02,7.774299999999999544e-01,-1.578840000000000021e+00,-1.589200000000000057e-01,6.910600000000000076e-01,-1.362379999999999924e+00,-3.198999999999999760e-02,6.565299999999999470e-01,-1.331579999999999986e+00
-2.685999999999999846e-02,8.449999999999999178e-03,3.330699999999999772e-01,6.642218748353099222e-01,-2.186006170229724127e-02,4.292012114650492483e-02,7.459821056120629068e-01,-1.738699999999999968e-01,8.549099999999999477e-01,-1.568659999999999943e+00,-3.955999999999999794e-02,7.704699999999999882e-01,-1.558289999999999953e+00,-1.512499999999999956e-01,6.735999999999999766e-01,-1.357129999999999947e+00,-2.657999999999999946e-02,6.551599999999999646e-01,-1.323430000000000106e+00
-2.674999999999999947e-02,8.349999999999999784e-03,3.308099999999999929e-01,6.688314742065186724e-01,-2.074004571422214532e-02,4.156009160477686787e-02,7.419616353965410305e-01,-1.844399999999999928e-01,8.476399999999999491e-01,-1.563490000000000046e+00,-3.871000000000000135e-02,7.644199999999999884e-01,-1.543129999999999891e+00,-1.502900000000000069e-01,6.668800000000000283e-01,-1.342230000000000034e+00,-2.538999999999999937e-02,6.568899999999999739e-01,-1.321329999999999893e+00
-2.664000000000000049e-02,8.319999999999999271e-03,3.271299999999999764e-01,6.719809537432445135e-01,-2.045002902474678946e-02,3.988005660180449913e-02,7.392110491629866331e-01,-1.799999999999999933e-01,8.427799999999999736e-01,-1.550159999999999982e+00,-3.264000000000000234e-02,7.638899999999999579e-01,-1.542170000000000041e+00,-1.513599999999999945e-01,6.681300000000000017e-01,-1.337050000000000072e+00,-2.667999999999999886e-02,6.573900000000000299e-01,-1.321730000000000071e+00
-2.648000000000000007e-02,8.380000000000000296e-03,3.250000000000000111e-01,6.733706682870514992e-01,-2.050002034525529038e-02,4.049004018436032359e-02,7.379107323398697016e-01,-1.793099999999999972e-01,8.484000000000000430e-01,-1.558910000000000018e+00,-3.107000000000000040e-02,7.673299999999999566e-01,-1.552059999999999995e+00,-1.541099999999999970e-01,6.738300000000000400e-01,-1.346549999999999914e+00,-2.911000000000000046e-02,6.599399999999999711e-01,-1.329630000000000090e+00
-2.628000000000000128e-02,8.630000000000000518e-03,3.243599999999999817e-01,6.739877022787414962e-01,-2.088992878322068480e-02,4.118985957782958507e-02,7.372974864465586808e-01,-1.794300000000000062e-01,8.580799999999999539e-01,-1.575700000000000101e+00,-3.003000000000000114e-02,7.733499999999999819e-01,-1.565669999999999895e+00,-1.556599999999999928e-01,6.822399999999999576e-01,-1.362260000000000026e+00,-2.999999999999999889e-02,6.649199999999999555e-01,-1.341120000000000090e+00
-2.612000000000000086e-02,9.110000000000000042e-03,3.229299999999999948e-01,6.743967179214793717e-01,-2.097989789737935568e-02,4.108980002875680521e-02,7.369264136089498374e-01,-1.794600000000000084e-01,8.729900000000000437e-01,-1.597539999999999960e+00,-2.867000000000000104e-02,7.853799999999999670e-01,-1.585329999999999906e+00,-1.565600000000000047e-01,6.973899999999999544e-01,-1.386449999999999960e+00,-2.996000000000000052e-02,6.776299999999999546e-01,-1.362209999999999921e+00
-2.595000000000000084e-02,9.830000000000000196e-03,3.191200000000000148e-01,6.751101967946511184e-01,-2.072000603988264147e-02,3.963001155215005455e-02,7.363602146490338951e-01,-1.779699999999999893e-01,8.954600000000000337e-01,-1.625990000000000046e+00,-2.515999999999999834e-02,8.077600000000000335e-01,-1.617969999999999908e+00,-1.571299999999999919e-01,7.240600000000000369e-01,-1.425249999999999906e+00,-2.912999999999999964e-02,7.035900000000000487e-01,-1.401909999999999989e+00
-2.574999999999999858e-02,1.073999999999999955e-02,3.120899999999999785e-01,6.754229483626894570e-01,-2.008008765378994226e-02,3.788016535485871222e-02,7.361832135939779809e-01,-1.805400000000000060e-01,9.308100000000000263e-01,-1.679410000000000069e+00,-3.104000000000000162e-02,8.495000000000000329e-01,-1.670390000000000041e+00,-1.543799999999999895e-01,7.651799999999999713e-01,-1.486380000000000035e+00,-2.722000000000000114e-02,7.445699999999999541e-01,-1.462690000000000046e+00
-2.551000000000000142e-02,1.173000000000000084e-02,3.021900000000000142e-01,6.754593896213983983e-01,-1.952998235173942360e-02,3.557996784817658853e-02,7.362793346614799894e-01,-1.845700000000000118e-01,9.693199999999999594e-01,-1.736169999999999991e+00,-3.155999999999999778e-02,8.890099999999999669e-01,-1.719870000000000010e+00,-1.513599999999999945e-01,8.118499999999999606e-01,-1.555919999999999970e+00,-2.450000000000000094e-02,7.938300000000000356e-01,-1.534080000000000110e+00
-2.523999999999999855e-02,1.288000000000000082e-02,2.899200000000000110e-01,6.743504357991099152e-01,-1.815001172944886998e-02,3.388002189497122535e-02,7.374104765516744653e-01,-1.911599999999999966e-01,1.010089999999999932e+00,-1.792640000000000011e+00,-3.611999999999999933e-02,9.344900000000000428e-01,-1.770380000000000065e+00,-1.495299999999999963e-01,8.615099999999999980e-01,-1.629950000000000010e+00,-2.126000000000000112e-02,8.500100000000000433e-01,-1.611920000000000019e+00
-2.489999999999999852e-02,1.404999999999999999e-02,2.763700000000000045e-01,6.717180467139319822e-01,-1.749994911197197064e-02,3.154990825615517497e-02,7.399278483669381457e-01,-1.980999999999999983e-01,1.058110000000000106e+00,-1.858889999999999931e+00,-3.747000000000000330e-02,9.799499999999999877e-01,-1.824869999999999992e+00,-1.438699999999999979e-01,9.152700000000000280e-01,-1.712020000000000097e+00,-1.240999999999999916e-02,9.115499999999999714e-01,-1.695459999999999967e+00
-2.455999999999999850e-02,1.518000000000000078e-02,2.631800000000000250e-01,6.682701418403527160e-01,-1.624000344694110157e-02,2.965000629321450434e-02,7.431501577336377951e-01,-2.080299999999999927e-01,1.108689999999999953e+00,-1.927429999999999977e+00,-4.123999999999999888e-02,1.031079999999999997e+00,-1.886540000000000106e+00,-1.390699999999999992e-01,9.686099999999999710e-01,-1.793009999999999993e+00,-2.520000000000000104e-03,9.720900000000000096e-01,-1.776129999999999987e+00
-2.425000000000000072e-02,1.617000000000000035e-02,2.510200000000000209e-01,6.643719914248102931e-01,-1.504004508185069651e-02,2.729008180077828818e-02,7.467522383558515831e-01,-2.189699999999999980e-01,1.159319999999999906e+00,-1.994709999999999983e+00,-4.519999999999999712e-02,1.082640000000000047e+00,-1.946159999999999890e+00,-1.324899999999999967e-01,1.020639999999999992e+00,-1.870949999999999891e+00,9.639999999999999264e-03,1.032890000000000086e+00,-1.854230000000000045e+00
-2.401000000000000009e-02,1.706999999999999837e-02,2.397299999999999986e-01,6.604409006438703988e-01,-1.362001857363199543e-02,2.461003356072565332e-02,7.503510232543881830e-01,-2.302700000000000025e-01,1.206639999999999935e+00,-2.054720000000000102e+00,-4.932999999999999885e-02,1.131660000000000110e+00,-1.998990000000000045e+00,-1.251700000000000035e-01,1.069830000000000059e+00,-1.942250000000000032e+00,2.282999999999999960e-02,1.092850000000000099e+00,-1.927659999999999929e+00
-2.375999999999999987e-02,1.789999999999999925e-02,2.292099999999999971e-01,6.570777204370725766e-01,-1.185995885490911603e-02,2.168992475235908060e-02,7.534173862112668596e-01,-2.405299999999999938e-01,1.250070000000000014e+00,-2.105949999999999989e+00,-5.267000000000000154e-02,1.176649999999999974e+00,-2.044189999999999952e+00,-1.183700000000000030e-01,1.115639999999999965e+00,-2.005300000000000082e+00,3.554000000000000214e-02,1.151270000000000016e+00,-1.995929999999999982e+00
-2.344999999999999862e-02,1.863000000000000073e-02,2.197099999999999886e-01,6.547658293513796135e-01,-9.929936749483329883e-03,1.869988088774806462e-02,7.555351874828434289e-01,-2.488900000000000001e-01,1.291080000000000005e+00,-2.150970000000000049e+00,-5.412000000000000144e-02,1.216630000000000100e+00,-2.082879999999999843e+00,-1.133099999999999941e-01,1.158970000000000056e+00,-2.061669999999999892e+00,4.646000000000000130e-02,1.205710000000000059e+00,-2.056179999999999897e+00
-2.315000000000000044e-02,1.924999999999999975e-02,2.113899999999999946e-01,6.538415829196962958e-01,-8.200019851862092382e-03,1.581003827535849837e-02,7.564218312616491913e-01,-2.547499999999999765e-01,1.329180000000000028e+00,-2.190109999999999779e+00,-5.313999999999999974e-02,1.251489999999999991e+00,-2.117259999999999920e+00,-1.111300000000000066e-01,1.201210000000000111e+00,-2.113890000000000047e+00,5.444999999999999840e-02,1.250199999999999978e+00,-2.104179999999999939e+00
-2.290000000000000022e-02,1.978999999999999856e-02,2.038000000000000089e-01,6.527503137771513142e-01,-6.680003211078314879e-03,1.251000601356133494e-02,7.574403641016704825e-01,-2.608400000000000163e-01,1.367169999999999996e+00,-2.228050000000000086e+00,-5.181999999999999801e-02,1.285029999999999895e+00,-2.148880000000000123e+00,-1.074500000000000038e-01,1.241389999999999993e+00,-2.161869999999999958e+00,6.418999999999999706e-02,1.295919999999999961e+00,-2.152219999999999800e+00
-2.263000000000000081e-02,2.026000000000000023e-02,1.971600000000000019e-01,6.512623408690019211e-01,-5.180018618833384485e-03,9.720034937270366146e-03,7.587727272996538375e-01,-2.667499999999999871e-01,1.397219999999999906e+00,-2.256990000000000052e+00,-5.165999999999999759e-02,1.314440000000000053e+00,-2.174739999999999895e+00,-1.026100000000000068e-01,1.273179999999999978e+00,-2.198999999999999844e+00,7.477999999999999925e-02,1.344240000000000101e+00,-2.196070000000000189e+00
-2.265999999999999959e-02,2.069999999999999965e-02,1.915900000000000103e-01,6.479999489376060406e-01,-3.739999705288034500e-03,6.899999456280063621e-03,7.615999399859271213e-01,-2.877199999999999758e-01,1.426790000000000003e+00,-2.288499999999999979e+00,-5.566000000000000114e-02,1.339520000000000044e+00,-2.190430000000000099e+00,-9.028999999999999526e-02,1.303439999999999932e+00,-2.234910000000000174e+00,8.910999999999999477e-02,1.381140000000000034e+00,-2.223710000000000075e+00
-2.276999999999999857e-02,2.086000000000000007e-02,1.880600000000000049e-01,6.458587951838343777e-01,-2.759994851372407024e-03,4.509991586844042631e-03,7.634385758448370973e-01,-2.928399999999999892e-01,1.432500000000000107e+00,-2.292069999999999830e+00,-5.832999999999999990e-02,1.356559999999999988e+00,-2.200569999999999915e+00,-8.283999999999999697e-02,1.320449999999999902e+00,-2.255020000000000024e+00,9.940999999999999837e-02,1.404900000000000038e+00,-2.241800000000000015e+00
-2.267999999999999877e-02,2.066000000000000128e-02,1.882099999999999884e-01,6.466996819531747320e-01,-1.519999252464551611e-03,2.339998849188849265e-03,7.627396248847446714e-01,-2.877000000000000113e-01,1.430449999999999999e+00,-2.284609999999999808e+00,-5.426000000000000267e-02,1.355960000000000054e+00,-2.197210000000000107e+00,-8.321000000000000618e-02,1.326410000000000089e+00,-2.257099999999999884e+00,9.886000000000000343e-02,1.407620000000000093e+00,-2.242100000000000204e+00
-2.203000000000000097e-02,2.024000000000000105e-02,1.935699999999999921e-01,6.531704622162411988e-01,5.100003609018831765e-04,5.400003821314057354e-04,7.572105358402253517e-01,-2.630299999999999860e-01,1.409000000000000030e+00,-2.247879999999999878e+00,-3.704999999999999960e-02,1.332729999999999970e+00,-2.178580000000000183e+00,-9.818999999999999950e-02,1.324049999999999949e+00,-2.237260000000000026e+00,7.700999999999999512e-02,1.379140000000000033e+00,-2.215629999999999988e+00
-2.074000000000000149e-02,1.941000000000000017e-02,2.062100000000000044e-01,6.672027458785509957e-01,2.110008683758607048e-03,4.000016462101625096e-04,7.448730655314093063e-01,-2.150400000000000089e-01,1.356149999999999967e+00,-2.167229999999999990e+00,-3.539999999999999744e-03,1.269179999999999975e+00,-2.128870000000000040e+00,-1.323900000000000077e-01,1.300040000000000084e+00,-2.180140000000000189e+00,2.885000000000000064e-02,1.297649999999999970e+00,-2.142149999999999999e+00
-1.929000000000000159e-02,1.765999999999999862e-02,2.281199999999999894e-01,6.907101925009575538e-01,1.460000406902170087e-03,1.000000278700116554e-04,7.231302015364152735e-01,-1.434199999999999919e-01,1.268499999999999961e+00,-2.032500000000000195e+00,4.848000000000000226e-02,1.157189999999999941e+00,-2.035159999999999858e+00,-1.902999999999999969e-01,1.248550000000000049e+00,-2.078590000000000160e+00,-4.009999999999999676e-02,1.155030000000000001e+00,-2.008579999999999810e+00
-1.827000000000000152e-02,1.553000000000000040e-02,2.579400000000000026e-01,7.207853592023655276e-01,1.069993110818034422e-03,-1.649989376495099996e-03,6.931555370977838804e-01,-6.879000000000000392e-02,1.162970000000000059e+00,-1.848610000000000086e+00,1.072800000000000004e-01,1.021200000000000108e+00,-1.897860000000000102e+00,-2.515000000000000013e-01,1.162160000000000082e+00,-1.918970000000000065e+00,-1.098299999999999971e-01,9.749200000000000088e-01,-1.813870000000000093e+00
-1.796999999999999986e-02,1.342999999999999923e-02,2.916400000000000103e-01,7.535708537585824596e-01,-1.500001699427888158e-03,-2.360002673766544226e-03,6.573607447572777929e-01,-1.027999999999999921e-02,1.058789999999999898e+00,-1.650230000000000086e+00,1.654400000000000037e-01,8.759799999999999809e-01,-1.725810000000000066e+00,-3.160600000000000076e-01,1.045309999999999961e+00,-1.722399999999999931e+00,-1.611499999999999877e-01,7.708800000000000097e-01,-1.567499999999999893e+00
-1.838000000000000050e-02,1.169000000000000074e-02,3.247099999999999986e-01,7.859393535651475471e-01,-6.489994661981586532e-03,2.199998190502232254e-04,6.182694914735523684e-01,4.474000000000000199e-02,9.846599999999999797e-01,-1.501009999999999955e+00,2.194200000000000039e-01,7.495699999999999585e-01,-1.554580000000000073e+00,-3.775499999999999967e-01,8.927300000000000235e-01,-1.503719999999999946e+00,-1.951700000000000101e-01,5.562599999999999767e-01,-1.286170000000000035e+00
-1.906000000000000055e-02,1.005999999999999950e-02,3.539800000000000169e-01,8.165502043417142142e-01,-9.840002462460924193e-03,6.830001709208142341e-03,5.771501444318417606e-01,1.064400000000000068e-01,9.099899999999999656e-01,-1.352119999999999989e+00,2.619199999999999862e-01,7.109699999999999909e-01,-1.472630000000000106e+00,-4.327599999999999780e-01,7.411200000000000010e-01,-1.365240000000000009e+00,-2.196599999999999941e-01,3.429900000000000171e-01,-1.027940000000000076e+00
-1.941000000000000017e-02,8.840000000000000635e-03,3.777800000000000047e-01,8.419149584727495528e-01,-1.131006661083345903e-02,1.082006372495296354e-02,5.393831767065738747e-01,1.259299999999999864e-01,8.786500000000000421e-01,-1.320740000000000025e+00,2.337200000000000111e-01,7.626899999999999791e-01,-1.512599999999999945e+00,-3.921999999999999931e-01,6.809100000000000152e-01,-1.367420000000000080e+00,-2.054999999999999882e-01,1.964100000000000013e-01,-9.005199999999999871e-01
-1.933999999999999955e-02,8.600000000000000006e-03,3.959799999999999986e-01,8.639897553613353764e-01,-6.699998102895806003e-03,1.248999646345800088e-02,5.033098574878340781e-01,9.986000000000000432e-02,9.644200000000000550e-01,-1.478620000000000045e+00,1.727299999999999947e-01,8.835300000000000376e-01,-1.645129999999999981e+00,-3.377299999999999747e-01,7.063700000000000534e-01,-1.500110000000000054e+00,-1.846599999999999908e-01,2.018899999999999861e-01,-1.018529999999999935e+00
-1.874999999999999931e-02,9.119999999999999635e-03,4.092299999999999827e-01,8.842479458501953937e-01,-5.999986061748572956e-05,8.579980068300454774e-03,4.669389152788128716e-01,2.471999999999999892e-02,1.176010000000000000e+00,-1.721160000000000023e+00,1.378099999999999881e-01,1.039320000000000022e+00,-1.819639999999999924e+00,-2.868499999999999939e-01,7.844100000000000517e-01,-1.685789999999999900e+00,-1.643300000000000038e-01,3.247800000000000131e-01,-1.287209999999999965e+00
-1.789999999999999925e-02,9.350000000000000672e-03,4.188200000000000256e-01,9.025298450356389335e-01,3.299999433390145460e-03,2.019999653166089110e-03,4.306099260642820004e-01,-4.304999999999999799e-02,1.339890000000000025e+00,-1.901210000000000067e+00,1.286499999999999866e-01,1.205410000000000093e+00,-1.968499999999999917e+00,-2.300999999999999990e-01,8.421899999999999942e-01,-1.825320000000000054e+00,-1.263299999999999979e-01,4.878899999999999904e-01,-1.541400000000000103e+00
-1.717000000000000123e-02,9.050000000000000752e-03,4.257000000000000228e-01,9.193623781637075831e-01,2.890007475736507472e-03,-3.980010295304948001e-03,3.933810175796633724e-01,-9.854999999999999871e-02,1.411810000000000009e+00,-2.005580000000000140e+00,1.497699999999999865e-01,1.335059999999999913e+00,-2.038050000000000139e+00,-1.776800000000000046e-01,8.494500000000000384e-01,-1.878609999999999891e+00,-6.983999999999999930e-02,6.345499999999999474e-01,-1.702990000000000004e+00
-1.678999999999999937e-02,8.370000000000000703e-03,4.297300000000000009e-01,9.349382576506866105e-01,-5.999988818431258898e-05,-8.039985016697883888e-03,3.547193389456558821e-01,-1.568700000000000094e-01,1.429040000000000088e+00,-2.050549999999999873e+00,1.797100000000000086e-01,1.398870000000000058e+00,-2.055569999999999897e+00,-1.299800000000000122e-01,8.208100000000000396e-01,-1.873299999999999965e+00,-7.729999999999999892e-03,7.359400000000000386e-01,-1.777889999999999970e+00
-1.666000000000000120e-02,7.570000000000000340e-03,4.301900000000000168e-01,9.491664230730745277e-01,-3.539986659585410769e-03,-1.021996148614771026e-02,3.145888144742864934e-01,-1.994700000000000084e-01,1.417170000000000041e+00,-2.059079999999999799e+00,1.969700000000000062e-01,1.414109999999999978e+00,-2.051010000000000222e+00,-8.916999999999999926e-02,7.879099999999999993e-01,-1.844219999999999970e+00,3.883000000000000340e-02,8.002500000000000169e-01,-1.802850000000000064e+00
-1.666000000000000120e-02,6.790000000000000029e-03,4.264399999999999857e-01,9.618711013911352969e-01,-5.910006767257123921e-03,-1.143001308794397951e-02,2.732003128281973447e-01,-2.291199999999999903e-01,1.404109999999999969e+00,-2.065929999999999822e+00,1.983000000000000040e-01,1.419359999999999955e+00,-2.054359999999999964e+00,-5.288000000000000339e-02,7.751000000000000112e-01,-1.830400000000000027e+00,6.162999999999999728e-02,8.471100000000000296e-01,-1.823290000000000077e+00
-1.669999999999999957e-02,6.049999999999999822e-03,4.184899999999999731e-01,9.728982804038092125e-01,-7.369986973559537052e-03,-1.208997863098165704e-02,2.307995920620815877e-01,-2.461699999999999999e-01,1.391089999999999938e+00,-2.075089999999999879e+00,1.841800000000000104e-01,1.421680000000000055e+00,-2.065150000000000041e+00,-2.368999999999999925e-02,7.874400000000000288e-01,-1.840349999999999930e+00,6.858000000000000207e-02,8.838700000000000445e-01,-1.843190000000000106e+00
-1.676000000000000059e-02,5.380000000000000233e-03,4.064499999999999780e-01,9.821595488942228558e-01,-7.989996330195529850e-03,-1.224999437357887806e-02,1.874799138904953422e-01,-2.497099999999999875e-01,1.372789999999999955e+00,-2.084410000000000096e+00,1.546399999999999997e-01,1.414730000000000043e+00,-2.076090000000000213e+00,-8.970000000000000542e-03,8.274899999999999478e-01,-1.873790000000000067e+00,6.503000000000000447e-02,9.116199999999999859e-01,-1.860910000000000064e+00
-1.687999999999999917e-02,4.749999999999999882e-03,3.904699999999999838e-01,9.895812242611689014e-01,-7.530009315756787738e-03,-1.172001449942490676e-02,1.433001772839239962e-01,-2.390200000000000102e-01,1.345369999999999955e+00,-2.091870000000000118e+00,1.144700000000000023e-01,1.388530000000000042e+00,-2.081100000000000172e+00,-1.425000000000000051e-02,8.865699999999999692e-01,-1.923059999999999992e+00,4.868000000000000105e-02,9.293200000000000349e-01,-1.875459999999999905e+00
-1.710000000000000062e-02,4.139999999999999583e-03,3.707300000000000040e-01,9.950690597596897335e-01,-6.399993952648572529e-03,-1.039999017305392841e-02,9.842990699362484663e-02,-2.151000000000000134e-01,1.306329999999999991e+00,-2.095349999999999824e+00,7.617000000000000159e-02,1.338410000000000100e+00,-2.078679999999999861e+00,-4.209000000000000241e-02,9.503700000000000481e-01,-1.977489999999999970e+00,2.135000000000000092e-02,9.368400000000000061e-01,-1.882130000000000081e+00
-1.745999999999999983e-02,3.540000000000000178e-03,3.473300000000000276e-01,9.985408987371403589e-01,-4.770004293244296464e-03,-8.270007443423548973e-03,5.315004783772209196e-02,-1.808299999999999907e-01,1.253689999999999971e+00,-2.091660000000000075e+00,4.891999999999999821e-02,1.264529999999999932e+00,-2.063470000000000137e+00,-8.870999999999999719e-02,1.003130000000000077e+00,-2.023569999999999869e+00,-1.495999999999999934e-02,9.365900000000000336e-01,-1.878659999999999997e+00
-1.796000000000000027e-02,2.939999999999999905e-03,3.203799999999999981e-01,9.999512064418584201e-01,-3.060003691896681383e-03,-5.350006454786681437e-03,7.720009314196856799e-03,-1.404700000000000115e-01,1.190350000000000019e+00,-2.069560000000000066e+00,3.740999999999999881e-02,1.174909999999999899e+00,-2.029920000000000169e+00,-1.431399999999999895e-01,1.031959999999999988e+00,-2.043060000000000098e+00,-5.512000000000000233e-02,9.263599999999999612e-01,-1.859140000000000015e+00
-1.840999999999999928e-02,2.330000000000000040e-03,2.898999999999999910e-01,9.992897169012633363e-01,-2.529999283251305013e-03,-2.099999405070252911e-03,-3.753998936492251859e-02,-9.954999999999999960e-02,1.126460000000000017e+00,-2.009749999999999925e+00,4.227999999999999814e-02,1.087579999999999991e+00,-1.977349999999999941e+00,-1.980099999999999916e-01,1.044079999999999897e+00,-2.025809999999999889e+00,-7.972999999999999532e-02,9.118199999999999639e-01,-1.818060000000000009e+00
-1.847999999999999990e-02,1.830000000000000029e-03,2.559199999999999808e-01,9.965829301574389287e-01,-2.500007350532418467e-03,1.400004116298154532e-04,-8.256024274398257590e-02,-6.755999999999999506e-02,1.077520000000000033e+00,-1.913329999999999975e+00,6.714000000000000523e-02,1.027789999999999981e+00,-1.927470000000000017e+00,-2.258799999999999975e-01,1.055760000000000032e+00,-1.964169999999999972e+00,-1.191200000000000037e-01,8.994600000000000373e-01,-1.761940000000000062e+00
-1.880000000000000074e-02,2.409999999999999816e-03,2.346600000000000075e-01,9.932354762188948527e-01,7.980043998093877544e-03,5.940032750460856256e-03,-1.156906378620903147e-01,-5.904999999999999832e-02,1.101760000000000073e+00,-1.934080000000000021e+00,7.857000000000000095e-02,1.022499999999999964e+00,-1.982040000000000024e+00,-2.862000000000000099e-01,1.079520000000000035e+00,-1.976820000000000022e+00,-1.977800000000000114e-01,9.051599999999999646e-01,-1.839409999999999989e+00
-1.995999999999999858e-02,2.670000000000000064e-03,2.327500000000000124e-01,9.914298372072340992e-01,1.058999826112242901e-02,8.229998648634332531e-03,-1.299499786622152764e-01,-4.870000000000000023e-02,1.149729999999999919e+00,-2.006390000000000118e+00,9.699000000000000676e-02,1.046990000000000087e+00,-2.068379999999999885e+00,-3.253099999999999881e-01,1.118260000000000032e+00,-2.043219999999999814e+00,-2.259899999999999964e-01,9.050500000000000211e-01,-1.886530000000000040e+00
-2.069999999999999965e-02,2.749999999999999840e-03,2.350700000000000012e-01,9.907248007667986966e-01,1.309006343067404751e-02,6.390030964248064743e-03,-1.351006546588284229e-01,-4.853999999999999981e-02,1.158849999999999936e+00,-2.015600000000000058e+00,1.089500000000000052e-01,1.057809999999999917e+00,-2.097760000000000069e+00,-3.451199999999999823e-01,1.142200000000000104e+00,-2.066660000000000164e+00,-2.086500000000000021e-01,9.181200000000000472e-01,-1.918560000000000043e+00
-2.085000000000000048e-02,2.609999999999999907e-03,2.356300000000000061e-01,9.900994795048404518e-01,1.694999108939202956e-02,1.699999106310704812e-03,-1.393299267542768005e-01,-5.304999999999999993e-02,1.165920000000000067e+00,-2.007179999999999964e+00,1.482799999999999951e-01,1.085320000000000062e+00,-2.125919999999999810e+00,-3.688299999999999912e-01,1.175559999999999938e+00,-2.074190000000000200e+00,-1.976900000000000046e-01,9.377799999999999470e-01,-1.941540000000000044e+00
-2.079999999999999905e-02,2.409999999999999816e-03,2.329799999999999927e-01,9.895173900028984004e-01,1.795995262799342934e-02,-1.929994909355641332e-03,-1.432796220790032438e-01,-5.131999999999999756e-02,1.195030000000000037e+00,-2.023880000000000123e+00,1.722299999999999942e-01,1.112389999999999990e+00,-2.131880000000000219e+00,-3.830700000000000216e-01,1.193959999999999910e+00,-2.082629999999999981e+00,-1.894500000000000073e-01,9.611800000000000344e-01,-1.969540000000000068e+00
-2.074000000000000149e-02,2.170000000000000054e-03,2.274700000000000055e-01,9.892540513993381968e-01,1.765007228425405014e-02,-3.690015112118835532e-03,-1.450905942052362618e-01,-4.968999999999999806e-02,1.213819999999999899e+00,-2.040939999999999976e+00,1.794600000000000084e-01,1.130880000000000107e+00,-2.141220000000000123e+00,-3.914900000000000047e-01,1.218930000000000069e+00,-2.110739999999999839e+00,-1.858400000000000052e-01,9.801499999999999657e-01,-1.994129999999999958e+00
-2.040000000000000147e-02,1.850000000000000082e-03,2.202399999999999913e-01,9.896237914044512252e-01,1.542005907667249806e-02,-3.870014826635704945e-03,-1.428005470913640274e-01,-4.857999999999999818e-02,1.229889999999999928e+00,-2.063419999999999810e+00,1.827499999999999958e-01,1.146279999999999966e+00,-2.156120000000000037e+00,-3.815999999999999948e-01,1.250620000000000065e+00,-2.149039999999999839e+00,-1.794300000000000062e-01,1.000790000000000068e+00,-2.021380000000000177e+00
-1.990000000000000102e-02,1.580000000000000024e-03,2.141000000000000125e-01,9.906301329425727387e-01,1.125000150975030352e-02,-2.210000296582059851e-03,-1.360900182632816535e-01,-4.873000000000000248e-02,1.241849999999999898e+00,-2.090390000000000192e+00,1.835299999999999987e-01,1.162840000000000096e+00,-2.173919999999999852e+00,-3.614700000000000135e-01,1.263470000000000093e+00,-2.170819999999999972e+00,-1.627800000000000080e-01,1.025360000000000049e+00,-2.050089999999999968e+00
-1.949000000000000038e-02,1.559999999999999972e-03,2.120299999999999963e-01,9.919491291682418499e-01,6.909993933718988970e-03,-1.459998718267687843e-03,-1.264398889984701679e-01,-5.324000000000000260e-02,1.244199999999999973e+00,-2.107130000000000170e+00,1.773000000000000131e-01,1.175380000000000091e+00,-2.179520000000000124e+00,-3.349800000000000000e-01,1.267470000000000097e+00,-2.181830000000000158e+00,-1.401300000000000046e-01,1.049050000000000038e+00,-2.067699999999999871e+00
-1.944999999999999854e-02,1.590000000000000050e-03,2.158599999999999963e-01,9.933887619403575231e-01,-1.999997507404660166e-04,-1.419998230257308452e-03,-1.147898569374904559e-01,-5.442000000000000309e-02,1.225019999999999998e+00,-2.095569999999999933e+00,1.679200000000000137e-01,1.168560000000000043e+00,-2.149270000000000014e+00,-2.913000000000000034e-01,1.250240000000000018e+00,-2.164419999999999789e+00,-1.050299999999999984e-01,1.059760000000000035e+00,-2.056200000000000028e+00
-2.000000000000000042e-02,1.779999999999999898e-03,2.263000000000000012e-01,9.948228395766247623e-01,-1.580004509892309235e-03,-1.550004424261442609e-03,-1.016002900032016570e-01,-6.690999999999999726e-02,1.176989999999999981e+00,-2.048010000000000108e+00,1.407100000000000017e-01,1.135909999999999975e+00,-2.080909999999999815e+00,-2.465799999999999936e-01,1.199559999999999960e+00,-2.105210000000000026e+00,-7.616000000000000547e-02,1.049220000000000041e+00,-2.010629999999999917e+00
-2.119000000000000050e-02,2.050000000000000173e-03,2.428200000000000081e-01,9.961450978353897368e-01,-1.040005322292855694e-03,-8.600044011267844995e-04,-8.771044886375613248e-02,-8.143000000000000238e-02,1.105629999999999891e+00,-1.968839999999999923e+00,1.083500000000000019e-01,1.081479999999999997e+00,-1.982960000000000056e+00,-2.013900000000000134e-01,1.120919999999999916e+00,-2.008710000000000218e+00,-4.966999999999999887e-02,1.014359999999999928e+00,-1.930569999999999897e+00
-2.262000000000000122e-02,2.360000000000000119e-03,2.630000000000000115e-01,9.972444232874492220e-01,-1.490006608938970962e-03,3.200014193694434564e-04,-7.417032898322380163e-02,-9.153000000000000025e-02,1.025079999999999991e+00,-1.870610000000000106e+00,8.125000000000000278e-02,1.016299999999999981e+00,-1.868209999999999926e+00,-1.590600000000000069e-01,1.031789999999999985e+00,-1.891899999999999915e+00,-2.435000000000000012e-02,9.628400000000000292e-01,-1.826850000000000085e+00
-2.399000000000000091e-02,2.759999999999999867e-03,2.834699999999999998e-01,9.980846569241608179e-01,-1.810008445247606465e-03,8.700040593179103523e-04,-6.183028849152459594e-02,-9.993000000000000493e-02,9.480699999999999683e-01,-1.766710000000000003e+00,5.927000000000000324e-02,9.517799999999999594e-01,-1.750750000000000028e+00,-1.267300000000000093e-01,9.487499999999999822e-01,-1.774319999999999897e+00,-5.000000000000000104e-03,9.081099999999999728e-01,-1.718429999999999902e+00
-2.519000000000000059e-02,3.180000000000000101e-03,3.015700000000000047e-01,9.987072560555835254e-01,-1.879994834721287599e-03,8.199977470592850282e-04,-5.078986045505010788e-02,-1.078500000000000014e-01,8.828799999999999981e-01,-1.672590000000000021e+00,4.488000000000000322e-02,8.994799999999999462e-01,-1.650640000000000107e+00,-1.044599999999999973e-01,8.803100000000000369e-01,-1.670679999999999943e+00,9.469999999999999252e-03,8.603600000000000136e-01,-1.623129999999999962e+00
-2.625999999999999862e-02,3.569999999999999823e-03,3.159199999999999786e-01,9.991630143794451024e-01,-1.830005520951984025e-03,6.100018403173279721e-04,-4.086012327109184161e-02,-1.112999999999999962e-01,8.352000000000000535e-01,-1.604009999999999936e+00,3.835000000000000214e-02,8.615800000000000125e-01,-1.575720000000000010e+00,-9.281000000000000361e-02,8.323000000000000398e-01,-1.589620000000000033e+00,2.108000000000000151e-02,8.231300000000000283e-01,-1.551350000000000007e+00
-2.718999999999999889e-02,3.939999999999999926e-03,3.262800000000000145e-01,9.994970850709516963e-01,-1.399995917057861089e-03,1.999994167225516964e-05,-3.167990760885217028e-02,-1.116999999999999937e-01,8.007300000000000528e-01,-1.554340000000000055e+00,3.622000000000000219e-02,8.358499999999999819e-01,-1.522999999999999909e+00,-8.813999999999999613e-02,8.046100000000000474e-01,-1.532569999999999988e+00,3.039000000000000035e-02,7.955799999999999539e-01,-1.503770000000000051e+00
-2.801999999999999977e-02,4.300000000000000003e-03,3.326100000000000168e-01,9.997321165351044092e-01,-8.800018630539164664e-04,-9.200019477381853918e-04,-2.311004892633637328e-02,-1.091799999999999993e-01,7.781500000000000083e-01,-1.522459999999999924e+00,3.572999999999999787e-02,8.175999999999999934e-01,-1.487940000000000040e+00,-8.422000000000000319e-02,7.909300000000000219e-01,-1.497169999999999890e+00,3.418000000000000205e-02,7.769800000000000040e-01,-1.473270000000000080e+00
-2.878999999999999962e-02,4.669999999999999672e-03,3.349800000000000000e-01,9.998842732145497569e-01,-2.200009402200273577e-04,-2.070008846615711915e-03,-1.507006440507187295e-02,-1.058199999999999974e-01,7.666100000000000136e-01,-1.505509999999999904e+00,3.543999999999999928e-02,8.037800000000000500e-01,-1.470250000000000057e+00,-7.890999999999999404e-02,7.849399999999999711e-01,-1.478220000000000089e+00,3.366000000000000242e-02,7.684100000000000374e-01,-1.457580000000000098e+00
-2.946000000000000008e-02,5.049999999999999802e-03,3.335799999999999876e-01,9.999634050811845309e-01,6.400021793391317366e-04,-3.220010964800006526e-03,-7.900026901217407221e-03,-9.791999999999999316e-02,7.636199999999999655e-01,-1.495009999999999950e+00,3.325999999999999790e-02,7.939599999999999991e-01,-1.463449999999999918e+00,-7.160999999999999310e-02,7.824799999999999534e-01,-1.469619999999999926e+00,2.560000000000000123e-02,7.667199999999999571e-01,-1.453319999999999945e+00
-3.002000000000000154e-02,5.470000000000000036e-03,3.291299999999999781e-01,9.999894253062424632e-01,1.899998908070941323e-03,-3.479998000045724047e-03,-2.329998660950154642e-03,-8.297000000000000208e-02,7.614800000000000457e-01,-1.481589999999999963e+00,2.579000000000000042e-02,7.877499999999999503e-01,-1.454199999999999937e+00,-6.797999999999999876e-02,7.788599999999999968e-01,-1.468089999999999895e+00,1.788999999999999965e-02,7.663999999999999702e-01,-1.451140000000000096e+00
-3.034999999999999851e-02,5.939999999999999968e-03,3.239699999999999802e-01,9.999956915778439592e-01,2.119990866145028945e-03,-1.809992201755897430e-03,9.199960362516164739e-04,-7.849000000000000421e-02,7.547399999999999665e-01,-1.473130000000000051e+00,2.061999999999999944e-02,7.839300000000000157e-01,-1.451349999999999918e+00,-6.583999999999999575e-02,7.755999999999999561e-01,-1.473179999999999934e+00,1.802000000000000129e-02,7.673100000000000476e-01,-1.456590000000000051e+00
-3.060999999999999832e-02,6.450000000000000004e-03,3.215600000000000125e-01,9.999959909741086284e-01,1.739993024294949090e-03,5.699977148552418799e-04,2.159991340504074583e-03,-7.958999999999999408e-02,7.543900000000000050e-01,-1.483100000000000085e+00,1.847999999999999990e-02,7.856899999999999995e-01,-1.462730000000000086e+00,-6.526999999999999469e-02,7.752700000000000147e-01,-1.484369999999999967e+00,1.856999999999999970e-02,7.695600000000000218e-01,-1.469249999999999945e+00
-3.092999999999999916e-02,6.850000000000000186e-03,3.218900000000000095e-01,9.999954617808933799e-01,1.279994191079543691e-03,1.089995053341173996e-03,2.499988654452233588e-03,-8.046999999999999986e-02,7.580700000000000216e-01,-1.494629999999999903e+00,1.782999999999999863e-02,7.893200000000000216e-01,-1.472949999999999982e+00,-6.531000000000000694e-02,7.762499999999999956e-01,-1.490890000000000049e+00,1.872000000000000053e-02,7.712799999999999656e-01,-1.476150000000000073e+00
-3.130999999999999756e-02,7.139999999999999646e-03,3.226999999999999869e-01,9.999961301224641330e-01,8.999965171102177310e-04,5.699977941698046099e-04,2.569990054414732564e-03,-8.075000000000000233e-02,7.598599999999999799e-01,-1.498660000000000103e+00,1.769000000000000086e-02,7.909599999999999964e-01,-1.476380000000000026e+00,-6.535000000000000531e-02,7.770700000000000385e-01,-1.493000000000000105e+00,1.873000000000000012e-02,7.721700000000000230e-01,-1.478169999999999984e+00
-3.169000000000000289e-02,7.320000000000000118e-03,3.228099999999999858e-01,9.999964474689309046e-01,6.299977619054264238e-04,9.999964474689312509e-06,2.589990798944530673e-03,-8.082000000000000295e-02,7.603699999999999903e-01,-1.499810000000000088e+00,1.763999999999999943e-02,7.914799999999999613e-01,-1.477409999999999890e+00,-6.533999999999999531e-02,7.775800000000000489e-01,-1.494050000000000100e+00,1.872000000000000053e-02,7.726100000000000190e-01,-1.479039999999999910e+00
-3.200999999999999679e-02,7.409999999999999920e-03,3.220299999999999829e-01,9.999965180181864532e-01,4.999982590090933402e-04,-2.399991643243647610e-04,2.579991016486920998e-03,-8.087999999999999357e-02,7.618099999999999872e-01,-1.503330000000000055e+00,1.760000000000000106e-02,7.935499999999999776e-01,-1.481919999999999904e+00,-6.543999999999999817e-02,7.802099999999999591e-01,-1.499679999999999902e+00,1.866999999999999910e-02,7.748800000000000132e-01,-1.483989999999999920e+00
-3.228999999999999926e-02,7.389999999999999868e-03,3.204199999999999826e-01,9.999967722656275537e-01,4.499985475195323811e-04,-2.299992576210943432e-04,2.489991962941412364e-03,-8.086000000000000132e-02,7.658099999999999907e-01,-1.512329999999999952e+00,1.786000000000000087e-02,7.976600000000000357e-01,-1.491000000000000103e+00,-6.565000000000000002e-02,7.854299999999999615e-01,-1.510760000000000103e+00,1.873000000000000012e-02,7.796699999999999742e-01,-1.494480000000000031e+00
-3.255999999999999867e-02,7.259999999999999960e-03,3.183900000000000063e-01,9.999973276107125830e-01,2.199994120743567797e-04,-7.999978620885701450e-05,2.299993853504639103e-03,-8.018000000000000127e-02,7.710399999999999476e-01,-1.524140000000000050e+00,1.890999999999999973e-02,8.027199999999999891e-01,-1.502499999999999947e+00,-6.535000000000000531e-02,7.910300000000000109e-01,-1.523069999999999924e+00,1.938000000000000139e-02,7.850899999999999546e-01,-1.506850000000000023e+00
-3.286000000000000032e-02,7.049999999999999843e-03,3.162800000000000056e-01,9.999978549069021838e-01,1.999995709813804431e-05,6.999984984348314829e-05,2.069995559657287348e-03,-7.929999999999999549e-02,7.771400000000000530e-01,-1.537800000000000056e+00,2.025000000000000064e-02,8.083099999999999730e-01,-1.515230000000000077e+00,-6.490999999999999548e-02,7.969699999999999562e-01,-1.536149999999999904e+00,2.019999999999999921e-02,7.905999999999999694e-01,-1.519660000000000011e+00
-3.321000000000000341e-02,6.779999999999999569e-03,3.143099999999999783e-01,9.999982383046553958e-01,-2.999994714913966170e-05,1.599997181287448624e-04,1.869996705629705346e-03,-7.858999999999999320e-02,7.833099999999999508e-01,-1.551730000000000054e+00,2.144000000000000072e-02,8.140899999999999803e-01,-1.528429999999999955e+00,-6.457000000000000239e-02,8.028499999999999526e-01,-1.549230000000000107e+00,2.092000000000000109e-02,7.961500000000000243e-01,-1.532640000000000002e+00
-3.359999999999999792e-02,6.499999999999999702e-03,3.124399999999999955e-01,9.999985593031135434e-01,-2.199996830466850143e-04,2.099996974536538785e-04,1.669997594036199892e-03,-7.757000000000000006e-02,7.894200000000000106e-01,-1.565679999999999961e+00,2.295000000000000165e-02,8.198900000000000077e-01,-1.541740000000000110e+00,-6.389999999999999847e-02,8.086699999999999999e-01,-1.562340000000000062e+00,2.197999999999999954e-02,8.014900000000000357e-01,-1.545320000000000027e+00
-3.400999999999999857e-02,6.230000000000000294e-03,3.105700000000000127e-01,9.999987825022235155e-01,-3.499995738757782048e-04,2.499996956255558993e-04,1.499998173753335504e-03,-7.670000000000000429e-02,7.951000000000000290e-01,-1.578950000000000076e+00,2.430999999999999828e-02,8.257700000000000040e-01,-1.555279999999999996e+00,-6.333999999999999353e-02,8.142399999999999638e-01,-1.575090000000000101e+00,2.292999999999999899e-02,8.069499999999999451e-01,-1.558289999999999953e+00
-3.443999999999999839e-02,5.969999999999999613e-03,3.086699999999999999e-01,9.999989131017720245e-01,-4.899994674198682957e-04,2.899996847995139015e-04,1.359998521818409946e-03,-7.587000000000000688e-02,8.004999999999999893e-01,-1.591800000000000104e+00,2.561000000000000082e-02,8.313899999999999624e-01,-1.568400000000000016e+00,-6.275999999999999635e-02,8.195900000000000407e-01,-1.587569999999999926e+00,2.387999999999999845e-02,8.123700000000000365e-01,-1.571229999999999905e+00
-3.490000000000000047e-02,5.769999999999999955e-03,3.067099999999999826e-01,9.999990739012865060e-01,-3.699996573434760172e-04,3.199997036484117374e-04,1.269998823854634083e-03,-7.577000000000000401e-02,8.058999999999999497e-01,-1.604929999999999968e+00,2.620000000000000107e-02,8.366799999999999793e-01,-1.581059999999999910e+00,-6.279999999999999472e-02,8.250300000000000411e-01,-1.600470000000000059e+00,2.424000000000000113e-02,8.177200000000000024e-01,-1.584189999999999987e+00
-3.538000000000000173e-02,5.629999999999999588e-03,3.048500000000000099e-01,9.999986230528440379e-01,-1.089998499127600154e-03,2.299996833021541347e-04,1.229998306354998169e-03,-7.428999999999999493e-02,8.110600000000000032e-01,-1.617369999999999974e+00,2.818000000000000019e-02,8.407200000000000228e-01,-1.591110000000000024e+00,-6.131999999999999951e-02,8.302000000000000490e-01,-1.612630000000000008e+00,2.611000000000000126e-02,8.224299999999999944e-01,-1.595630000000000104e+00
-3.583999999999999686e-02,5.619999999999999996e-03,3.031499999999999750e-01,9.999983373041468893e-01,-1.379997705479722595e-03,-6.999988361129027517e-05,1.189998021391934935e-03,-7.395000000000000184e-02,8.162300000000000111e-01,-1.628889999999999949e+00,2.893000000000000085e-02,8.454199999999999493e-01,-1.601399999999999935e+00,-6.103000000000000091e-02,8.357200000000000184e-01,-1.624549999999999939e+00,2.679000000000000131e-02,8.273700000000000498e-01,-1.606549999999999923e+00
-3.633000000000000118e-02,5.720000000000000258e-03,3.014700000000000157e-01,9.999978769067613404e-01,-1.779996220894035103e-03,1.299997239978789825e-04,1.029997813213964428e-03,-7.371999999999999387e-02,8.208900000000000086e-01,-1.641329999999999956e+00,2.962000000000000050e-02,8.506099999999999772e-01,-1.614689999999999959e+00,-6.106999999999999929e-02,8.405599999999999739e-01,-1.637019999999999920e+00,2.709999999999999909e-02,8.306700000000000195e-01,-1.616570000000000062e+00
-3.676000000000000101e-02,5.939999999999999968e-03,2.995399999999999729e-01,9.999963121704003033e-01,-2.589990448521336738e-03,2.999988936511201144e-04,7.599971972495042681e-04,-7.162000000000000310e-02,8.293800000000000061e-01,-1.659939999999999971e+00,3.085999999999999854e-02,8.554000000000000492e-01,-1.627050000000000107e+00,-6.081000000000000294e-02,8.455200000000000493e-01,-1.649250000000000105e+00,2.770999999999999852e-02,8.359100000000000419e-01,-1.629909999999999970e+00
-3.717000000000000165e-02,6.250000000000000347e-03,2.973700000000000232e-01,9.999939833839671666e-01,-3.390013503806686354e-03,5.100020315461387078e-04,5.300021112146146782e-04,-7.008000000000000340e-02,8.337099999999999511e-01,-1.671219999999999928e+00,3.171999999999999820e-02,8.606800000000000006e-01,-1.640409999999999924e+00,-6.083999999999999825e-02,8.515099999999999891e-01,-1.663419999999999899e+00,2.800000000000000058e-02,8.409400000000000208e-01,-1.642930000000000001e+00
-3.758999999999999841e-02,6.579999999999999911e-03,2.952099999999999724e-01,9.999923194848751029e-01,-3.830008883715908807e-03,7.400017164359718597e-04,3.800008814130666863e-04,-7.022000000000000464e-02,8.370600000000000263e-01,-1.680940000000000101e+00,3.175000000000000044e-02,8.663999999999999480e-01,-1.654530000000000056e+00,-6.153999999999999748e-02,8.566200000000000481e-01,-1.676230000000000109e+00,2.766000000000000056e-02,8.451800000000000423e-01,-1.654579999999999940e+00
-3.799000000000000293e-02,6.890000000000000291e-03,2.930800000000000072e-01,9.999887954642219245e-01,-4.689994350670707163e-03,5.999992772713057818e-04,2.299997229540005840e-04,-6.593999999999999861e-02,8.466299999999999937e-01,-1.700280000000000014e+00,3.257000000000000173e-02,8.717700000000000449e-01,-1.666639999999999899e+00,-6.139000000000000012e-02,8.628799999999999804e-01,-1.689810000000000034e+00,2.816000000000000100e-02,8.512899999999999912e-01,-1.668099999999999916e+00
-3.839999999999999664e-02,7.170000000000000158e-03,2.906099999999999794e-01,9.999882374722853795e-01,-4.799991539782367221e-03,6.699988190946221979e-04,-1.899996651163854107e-04,-6.054999999999999966e-02,8.531499999999999639e-01,-1.714089999999999892e+00,2.526000000000000120e-02,8.783600000000000296e-01,-1.695759999999999934e+00,-5.584000000000000075e-02,8.743999999999999551e-01,-1.713850000000000096e+00,2.682999999999999968e-02,8.568400000000000460e-01,-1.681789999999999896e+00
-3.864000000000000073e-02,7.420000000000000380e-03,2.879900000000000237e-01,9.999882307223886269e-01,-4.699991684312070268e-03,5.699989915016764972e-04,-1.059998124546977479e-03,-5.380000000000000060e-02,8.606500000000000261e-01,-1.726669999999999927e+00,2.268999999999999836e-02,8.776300000000000212e-01,-1.702180000000000026e+00,-5.491999999999999660e-02,8.785899999999999821e-01,-1.722229999999999928e+00,2.453999999999999931e-02,8.629700000000000149e-01,-1.695650000000000102e+00
-3.878999999999999809e-02,7.530000000000000235e-03,2.855500000000000260e-01,9.999853813281862625e-01,-5.069976583099734639e-03,7.799963973999592170e-04,-1.709992101992218296e-03,-5.134999999999999981e-02,8.641699999999999937e-01,-1.733789999999999942e+00,2.336999999999999841e-02,8.806599999999999984e-01,-1.711170000000000080e+00,-5.523999999999999744e-02,8.827899999999999636e-01,-1.730890000000000040e+00,2.398000000000000131e-02,8.686700000000000532e-01,-1.709039999999999893e+00
-3.894999999999999851e-02,7.579999999999999932e-03,2.834699999999999998e-01,9.999876387819757184e-01,-4.519989327187801456e-03,1.059997497083864978e-03,-1.779995796989886558e-03,-5.254000000000000337e-02,8.695699999999999541e-01,-1.746019999999999905e+00,2.211000000000000118e-02,8.868800000000000017e-01,-1.724979999999999958e+00,-5.074000000000000038e-02,8.928700000000000525e-01,-1.753330000000000055e+00,2.258999999999999897e-02,8.740400000000000391e-01,-1.721419999999999950e+00
-3.912999999999999812e-02,7.620000000000000037e-03,2.814400000000000235e-01,9.999855295246837805e-01,-4.959977826220693387e-03,1.129994948312375725e-03,-1.749992176589962615e-03,-5.220999999999999946e-02,8.779900000000000482e-01,-1.763540000000000108e+00,2.273000000000000020e-02,8.938800000000000079e-01,-1.739360000000000017e+00,-4.309000000000000330e-02,8.970200000000000395e-01,-1.764960000000000084e+00,2.319999999999999840e-02,8.798300000000000010e-01,-1.733710000000000084e+00
-3.928999999999999854e-02,7.729999999999999892e-03,2.791600000000000192e-01,9.999832344510027893e-01,-5.400017466384743337e-03,8.500027493383391928e-04,-1.910006177924973916e-03,-4.225999999999999895e-02,8.901700000000000168e-01,-1.786259999999999959e+00,2.331000000000000086e-02,9.006199999999999761e-01,-1.752089999999999925e+00,-3.203000000000000291e-02,9.005800000000000471e-01,-1.773560000000000025e+00,2.327999999999999861e-02,8.875399999999999956e-01,-1.748310000000000031e+00
-3.944999999999999896e-02,7.960000000000000062e-03,2.768499999999999850e-01,9.999905781947194816e-01,-3.250001879151629292e-03,9.100005261624562712e-04,-2.730001578487368380e-03,-3.592000000000000054e-02,8.930900000000000505e-01,-1.792000000000000037e+00,1.913000000000000117e-02,9.061200000000000365e-01,-1.764850000000000030e+00,-3.642000000000000098e-02,9.019000000000000350e-01,-1.776459999999999928e+00,1.701000000000000081e-02,8.940500000000000114e-01,-1.763050000000000006e+00
-3.957999999999999713e-02,8.189999999999999364e-03,2.747399999999999842e-01,9.999858227179484471e-01,-3.929983583117369235e-03,1.709992856776259553e-03,-3.159986799656713721e-03,-2.352999999999999883e-02,8.967199999999999616e-01,-1.799979999999999913e+00,2.004999999999999838e-02,9.096400000000000041e-01,-1.775830000000000020e+00,-3.504000000000000170e-02,9.059000000000000385e-01,-1.787269999999999914e+00,1.688999999999999876e-02,8.970200000000000395e-01,-1.773160000000000069e+00
-3.980999999999999817e-02,8.480000000000015303e-03,2.729599999999999804e-01,9.999829515040362660e-01,-4.790014137987093530e-03,1.820005371844782803e-03,-2.800008264376588861e-03,-2.139000000000004439e-02,8.959299999999997821e-01,-1.800969999999999960e+00,1.981999999999988979e-02,9.146600000000002506e-01,-1.786580000000000057e+00,-2.434999999999978501e-02,9.128100000000000103e-01,-1.805170000000000385e+00,1.778999999999994128e-02,9.007199999999999651e-01,-1.781620000000000870e+00
