0.000000000000000000e+00,0.000000000000000000e+00,7.594907452582463359e-01,1.000000000000000000e+00,0.000000000000000000e+00,0.000000000000000000e+00,0.000000000000000000e+00,-3.119999999999999996e-01,0.000000000000000000e+00,0.000000000000000000e+00,6.690000000000000391e-01,-3.629999999999999893e-01,0.000000000000000000e+00,-3.119999999999999996e-01,0.000000000000000000e+00,0.000000000000000000e+00,6.690000000000000391e-01,-3.629999999999999893e-01,0.000000000000000000e+00,0.000000000000000000e+00,0.000000000000000000e+00,0.000000000000000000e+00,2.000000000000000111e-01,2.000000000000000111e-01,0.000000000000000000e+00,5.999999999999999778e-01,0.000000000000000000e+00,0.000000000000000000e+00,0.000000000000000000e+00,2.000000000000000111e-01,-2.000000000000000111e-01,0.000000000000000000e+00,5.999999999999999778e-01,0.000000000000000000e+00,0.000000000000000000e+00,0.000000000000000000e+00
8.798494028308264173e-03,0.000000000000000000e+00,6.583251316465676961e-01,1.000000000000000000e+00,0.000000000000000000e+00,0.000000000000000000e+00,0.000000000000000000e+00,-6.811821862017907181e-01,3.042974689615240286e-03,-1.819939894131334182e-02,1.470807679355276676e+00,-5.571551472594483689e-01,-3.520773562152310857e-03,-6.774208894537180337e-01,2.433410904966515787e-03,-4.433068431763805342e-03,1.470366134595040508e+00,-5.836830667890503532e-01,-5.055885268371005520e-03,-6.410288210117225304e-18,-4.027522042671948696e-17,-8.693637356914828877e-18,1.999999999999997335e-01,1.999999999999999278e-01,8.142830210492821216e-17,6.000000000000010880e-01,1.069302000357621045e-16,-9.300228559033833457e-16,2.112898008446421121e-16,2.000000000000004829e-01,-1.999999999999999278e-01,1.132614159665085670e-16,5.999999999999985345e-01,-5.003254888740549944e-17,1.133215898347390688e-15,-2.104463675370077441e-16
1.449215538482191354e-02,0.000000000000000000e+00,5.501170022871149090e-01,1.000000000000000000e+00,0.000000000000000000e+00,0.000000000000000000e+00,0.000000000000000000e+00,-9.197042006138961279e-01,-8.590221829433685244e-03,-5.179067610904425356e-02,2.037393766287977748e+00,-6.261187826885258323e-01,-2.260653419581019202e-02,-9.109212293556082640e-01,4.240581348683385003e-04,-1.133321015080842979e-02,2.039751591392548580e+00,-6.851675009212738754e-01,-1.134251630383675997e-02,-3.493635997940142610e-19,6.929611244069931498e-18,1.120272749582764164e-18,1.999999999999997891e-01,1.999999999999998446e-01,-6.590195567804780343e-17,6.000000000000006439e-01,2.063527738861266848e-16,-3.887566107029812169e-16,3.020044130265416500e-16,2.000000000000000944e-01,-1.999999999999998168e-01,1.290509097859485152e-17,6.000000000000003109e-01,-1.270875896019323566e-16,-6.048112290004024336e-16,-2.839261275861193217e-16
2.639548208492479425e-02,0.000000000000000000e+00,4.559939044232104166e-01,1.000000000000000000e+00,0.000000000000000000e+00,0.000000000000000000e+00,0.000000000000000000e+00,-1.042157159529454757e+00,-5.048614910308306392e-02,-1.054613559471404421e-01,2.446230889280955445e+00,-6.563149336408914403e-01,-7.209428875220548483e-02,-1.027415649105456463e+00,-1.012369835173921977e-02,-3.158719060961338171e-02,2.452910751380315890e+00,-7.534412888355834781e-01,-3.315564275321562782e-02,1.388196470555125216e-18,9.675454793060547976e-18,-1.462542014527432114e-17,1.999999999999997613e-01,1.999999999999999556e-01,-3.768939967044998484e-17,6.000000000000005329e-01,1.778552132559358420e-16,-1.370522683327697309e-16,2.107370485905792846e-16,1.999999999999995393e-01,-1.999999999999999001e-01,-3.843365513774621770e-17,6.000000000000010880e-01,-1.383427453827248853e-16,-7.610555733562113780e-16,-2.270914601583219595e-16
5.382297214400073859e-02,0.000000000000000000e+00,4.098338231336953741e-01,1.000000000000000000e+00,0.000000000000000000e+00,0.000000000000000000e+00,0.000000000000000000e+00,-9.940092439468255492e-01,-1.107012028343941357e-01,-1.648811181390685554e-01,2.667415087006762775e+00,-6.820369214316973627e-01,-1.399539372151621663e-01,-9.750552608449932768e-01,-4.286022470287934732e-02,-8.457358041506980728e-02,2.680507236759520850e+00,-8.166635562432290607e-01,-9.456805953375259366e-02,-7.579373574897709673e-18,-4.887002970492577755e-17,3.605859520579364128e-18,1.999999999999999278e-01,1.999999999999999556e-01,-2.211228090326740506e-17,6.000000000000003109e-01,1.687360999475172503e-16,-2.533690600777740714e-17,2.491209266591113750e-16,1.999999999999994560e-01,-1.999999999999998168e-01,7.555526027348225384e-17,6.000000000000009770e-01,-2.335316863930478087e-16,-1.981978147304563064e-16,-3.424318463137825968e-16
1.089030158229559175e-01,0.000000000000000000e+00,4.543121750739473885e-01,1.000000000000000000e+00,0.000000000000000000e+00,0.000000000000000000e+00,0.000000000000000000e+00,-6.439553632555967688e-01,-5.921517321820821134e-02,-2.026093826713431245e-01,2.683449417691677219e+00,-8.673346148134221112e-01,-1.664977696709585286e-01,-6.803445904511811193e-01,-4.840995783309246653e-02,-1.956066612902850332e-01,2.705705931559867050e+00,-8.693285449114426244e-01,-1.894710374807641318e-01,-2.809158964888762562e-19,3.489245958149060602e-18,-2.617857235904819990e-18,1.999999999999998168e-01,1.999999999999998168e-01,-6.229096716648566586e-17,6.000000000000004219e-01,2.182690478117155456e-16,-5.976175756690934579e-18,4.048227673939418260e-16,1.999999999999996780e-01,-1.999999999999998168e-01,2.495211828729280828e-17,6.000000000000009770e-01,-1.962683258678712296e-16,-5.788770757998844330e-16,-3.695121058304383899e-16
1.834530394724288027e-01,0.000000000000000000e+00,4.641981927448082801e-01,1.000000000000000000e+00,0.000000000000000000e+00,0.000000000000000000e+00,0.000000000000000000e+00,-4.487739821671040130e-01,-2.133067793292281467e-02,-1.547922147480079724e-01,2.328931043413339896e+00,-6.352976096484143076e-01,-1.265798539827199809e-01,-5.675699483206824159e-01,-3.566477306867407715e-02,-2.293046778530161423e-01,2.388746170747353403e+00,-6.512635871608432048e-01,-2.079682878540694002e-01,4.055430268194147201e-18,1.612859361831357881e-17,-3.909982265342696525e-18,1.999999999999995948e-01,1.999999999999998168e-01,-2.808781495399391830e-17,6.000000000000011990e-01,2.334220231263331109e-16,-5.834552863324269710e-16,3.819669551660346395e-16,1.999999999999993172e-01,-1.999999999999999833e-01,-2.481067567300087162e-17,6.000000000000017542e-01,-1.979630234146772572e-16,-1.024946545608903836e-15,-1.818180037039478817e-16
2.563210952424016531e-01,0.000000000000000000e+00,4.896034473060721925e-01,1.000000000000000000e+00,0.000000000000000000e+00,0.000000000000000000e+00,0.000000000000000000e+00,-3.113074244152104764e-01,-8.034809139484464305e-03,-1.412436574987527560e-01,2.135931942375120407e+00,-6.532158442035502777e-01,-1.254010126909384515e-01,-4.356691123332629978e-01,-1.918425809768436671e-02,-2.658648185611265924e-01,2.195088604772372332e+00,-6.727950281006801481e-01,-2.322339699740913199e-01,6.599591508315126240e-03,5.911033547855513298e-02,-1.000983668648619193e-02,2.016114734603631498e-01,1.870666888451482657e-01,-2.525601973980200025e-03,5.859379602024407108e-01,-2.562991859931287864e-02,2.170429280516883441e-02,-3.810482331744687035e-02,2.002168963198924512e-01,-2.000106653112438682e-01,3.626162099309752446e-05,5.994128287008830824e-01,-3.357678101672831946e-05,3.870698860326368847e-04,-7.802815187770701765e-05
3.063552352828567416e-01,0.000000000000000000e+00,4.853970331956500295e-01,1.000000000000000000e+00,0.000000000000000000e+00,0.000000000000000000e+00,0.000000000000000000e+00,-3.038885606440588361e-01,-1.713755227118465493e-02,-1.421687586027127748e-01,2.152852370147528394e+00,-6.336054448380713522e-01,-1.412475300920667809e-01,-3.015416085220777309e-01,6.923376900806896272e-03,-3.073840661959427734e-01,2.151130777515672499e+00,-7.758674534908899245e-01,-2.609573358550141831e-01,1.531946732145349514e-04,1.622232923301736643e-03,-2.426244366183505103e-04,2.012229899310114534e-01,1.996253061877273360e-01,-1.362183082862379710e-04,5.964051682435174140e-01,-7.227523861357710439e-04,2.669415267521144195e-03,-1.157142408538877534e-03,2.004064000452586425e-01,-1.999448799609604699e-01,9.463069686650081797e-05,5.988631260333437956e-01,-2.491531638713872490e-05,7.371965328713828364e-04,-1.049273872194239989e-04
3.241114100348075344e-01,0.000000000000000000e+00,4.916065865634411391e-01,1.000000000000000000e+00,0.000000000000000000e+00,0.000000000000000000e+00,0.000000000000000000e+00,-5.931488470613857089e-01,-1.533252560089912869e-02,-1.261158495983729644e-01,2.338829481225114471e+00,-7.765517670658149685e-01,-1.266865900029886527e-01,-2.516471295930547414e-01,2.078628537080023583e-02,-3.138552452194744435e-01,2.091448292772288831e+00,-7.625634950277786483e-01,-2.617986821760510119e-01,-1.157773492553264913e-06,-7.546743960043164273e-06,2.378671191565492308e-06,2.000813786404556371e-01,1.999535279220847339e-01,8.363269613457674251e-05,5.997819324802406982e-01,9.318917543567299265e-05,1.392939524765199875e-04,-4.168061411847794100e-05,2.000073025740641830e-01,-1.999968269707779189e-01,1.720118334652779988e-06,5.999795813214233720e-01,3.629029563765307491e-06,1.157788565891043844e-05,4.035917387012447409e-06
3.221385017290352426e-01,0.000000000000000000e+00,4.909166361892420838e-01,1.000000000000000000e+00,0.000000000000000000e+00,0.000000000000000000e+00,0.000000000000000000e+00,-1.153324747323668076e+00,-3.121924338992100242e-02,-7.876899883029488125e-02,2.376949242362065284e+00,-6.021153874459482802e-01,-8.435607799620986613e-02,-2.549494661823175634e-01,1.967947646883147494e-02,-3.134324328831079587e-01,2.096131003215454314e+00,-7.637588352277078219e-01,-2.617999999999999772e-01,-1.308025478723481858e-08,-9.034801392874611338e-08,1.024845231495328682e-08,2.000013690718346893e-01,1.999489055685798045e-01,9.326610486895877013e-05,5.999937957629466467e-01,9.494544616551251457e-05,4.853780171567870557e-06,-4.813962770953443744e-05,1.999998033030002675e-01,-1.999999595688393139e-01,-2.476548231120437676e-08,6.000005116427044038e-01,1.704622946099503071e-08,-3.330839326656089569e-07,5.772964110264508987e-08
3.122739602001737280e-01,0.000000000000000000e+00,4.874668843182470845e-01,1.000000000000000000e+00,0.000000000000000000e+00,0.000000000000000000e+00,0.000000000000000000e+00,-1.544095324696419747e+00,-4.660136007193802464e-03,-9.439986975754608226e-03,2.072574966710032829e+00,-2.175327021249381376e-01,-1.024107940002300099e-02,-2.743488112580059757e-01,1.324942591413682050e-02,-3.108422747009672582e-01,2.123336655320889221e+00,-7.705305547891151408e-01,-2.617999999999999772e-01,-4.583999285824607264e-10,-3.166286972389643083e-09,1.795198599846956214e-10,2.000008492365023260e-01,1.999488640916091964e-01,9.332650225512187218e-05,5.999951649303048029e-01,9.494017526099418961e-05,3.984478256301922811e-06,-4.820548680376920758e-05,1.999999901939334135e-01,-1.999999950362436607e-01,-7.627926519467480923e-09,6.000000254795745391e-01,-6.046121944653982991e-09,-1.633114999467329828e-08,5.437430407435616723e-09
3.063552352828567416e-01,0.000000000000000000e+00,4.909778744894157665e-01,1.000000000000000000e+00,0.000000000000000000e+00,0.000000000000000000e+00,0.000000000000000000e+00,-1.563506316822004028e+00,6.486527315854219260e-03,3.712460717476786382e-02,1.572131090934329345e+00,4.053769869599739908e-03,3.797921618999094279e-02,-2.865046219727322985e-01,9.279356418778696505e-03,-3.091031164502828221e-01,2.140067442406803355e+00,-7.744750884834276095e-01,-2.615769008348873270e-01,-1.379542998325386776e-11,-9.528875151889388554e-11,2.280498210870873039e-12,2.000008338595681556e-01,1.999488626838627769e-01,9.332824856855904462e-05,5.999952053771097082e-01,9.493983236605456095e-05,3.958726945024384082e-06,-4.820768699661768939e-05,1.999999997106459704e-01,-1.999999963391408120e-01,-6.643183338849497024e-09,6.000000005745683707e-01,-6.702274439272227664e-09,-3.052104429142497037e-10,3.475164468543831332e-09
2.970024644065628605e-01,0.000000000000000000e+00,4.780566061057845983e-01,1.000000000000000000e+00,0.000000000000000000e+00,0.000000000000000000e+00,0.000000000000000000e+00,-1.555480228603772552e+00,5.915560164463653896e-03,3.537708290835494401e-02,1.491263078695329591e+00,7.189414383788486629e-02,3.618237153761868358e-02,-2.943661383455644098e-01,7.344894378098096484e-03,-3.287817518061970090e-01,2.176510171401990323e+00,-8.027534377746444738e-01,-2.617999999999999772e-01,-7.835300681882030748e-12,-5.414985050187414835e-11,1.174975542635293305e-12,2.000008336834624700e-01,1.999488626655204770e-01,9.332826802883724144e-05,5.999952058403511534e-01,9.493982625835912972e-05,3.958430862962457717e-06,-4.820771527617250083e-05,1.999999998523083744e-01,-1.999999963568766803e-01,-6.628191842168501919e-09,6.000000002028369472e-01,-6.710235748527271995e-09,-6.646222038080515568e-11,3.448281084369814293e-09
3.063552352828567416e-01,0.000000000000000000e+00,4.853970331956500295e-01,1.000000000000000000e+00,0.000000000000000000e+00,0.000000000000000000e+00,0.000000000000000000e+00,-1.511364693370699452e+00,4.398891155803598581e-03,3.573023227962430354e-02,1.501265415547440751e+00,1.424454659433706596e-02,3.631716505866810357e-02,-2.873919640430202538e-01,9.067742150872980939e-03,-3.108707407869535366e-01,2.143958825902804843e+00,-7.775260326792856613e-01,-2.615916419330173159e-01,-3.486324955022183531e-12,-2.405798219174167161e-11,4.442709376747106228e-13,2.000008335413774596e-01,1.999488626519087542e-01,9.332828407555104455e-05,5.999952062133158126e-01,9.493982235597100570e-05,3.958193408581051344e-06,-4.820773646752286531e-05,1.999999999683151619e-01,-1.999999963700349326e-01,-6.615544385114151007e-09,5.999999998988874150e-01,-6.715511602429376724e-09,1.278675123182203158e-10,3.428127923585376799e-09
3.761108366135840209e-01,-3.057234387136481546e-03,5.625362845801284983e-01,1.000000000000000000e+00,0.000000000000000000e+00,0.000000000000000000e+00,0.000000000000000000e+00,-1.267133510878664993e+00,-8.317589488034600811e-03,6.721252400710085728e-02,1.438626931277092735e+00,-1.676105485431033659e-01,6.783188279586825631e-02,-1.313540490311613795e-01,3.002329943141790816e-02,-1.605265686029567485e-01,1.784373058894171526e+00,-5.678565929064365303e-01,-1.161185335713846439e-01,-2.028969260836064670e-13,-1.401225112278958280e-12,1.501205743536041802e-14,2.000008334317193992e-01,1.999488626416152104e-01,9.332829651722151403e-05,5.999952065008166135e-01,9.493981953018280472e-05,3.958010611159853437e-06,-4.820775249765372165e-05,2.000000000612576767e-01,-1.999999963800420666e-01,-6.605287292507960509e-09,5.999999996555145376e-01,-6.719205461256556464e-09,2.831381255503266616e-10,3.412753494937110890e-09
4.481079360804686718e-01,0.000000000000000000e+00,6.503116367805914511e-01,1.000000000000000000e+00,0.000000000000000000e+00,0.000000000000000000e+00,0.000000000000000000e+00,-9.764427887451715415e-01,-3.545443989541165186e-02,8.068721162504763345e-02,1.241526234552007724e+00,-2.614916229446637708e-01,8.800651190071524799e-02,-1.267759629267986229e-02,2.160043043961625692e-02,-7.103647093220465114e-02,1.372063862178394933e+00,-2.756622949442304460e-01,-2.754071538560235594e-02,3.422852684379054749e-15,2.346194607883551989e-14,-9.452842201135607463e-16,2.000008334355456996e-01,1.999488626411362879e-01,9.332829585329146214e-05,5.999952064912825733e-01,9.493981887366988832e-05,3.958016042006309982e-06,-4.820775310850544323e-05,2.000000000592291882e-01,-1.999999963805504100e-01,-6.605707447760660725e-09,5.999999996604640229e-01,-6.719785490274319958e-09,2.804975035828695879e-10,3.412081338255754684e-09
4.648127233568702943e-01,2.140064070995537082e-02,6.954035342945733555e-01,1.000000000000000000e+00,0.000000000000000000e+00,0.000000000000000000e+00,0.000000000000000000e+00,-8.327705618637855078e-01,-4.210411206763033792e-02,6.756901142319160503e-02,1.055758536088935218e+00,-2.186140163334563680e-01,7.961188423800120983e-02,-1.937025496672375169e-01,4.122289213643241801e-02,-5.016472045126577073e-02,1.319783712589289504e+00,-5.340916159108314298e-01,-1.911349235916953021e-02,4.220949840661470632e-16,2.895608004783894804e-15,-8.393152520585326468e-17,2.000008334356435935e-01,1.999488626411456138e-01,9.332829584223460576e-05,5.999952064910246685e-01,9.493981887622230352e-05,3.958016206387154802e-06,-4.820775309398605846e-05,2.000000000591596327e-01,-1.999999963805415837e-01,-6.605714788494975448e-09,5.999999996606464325e-01,-6.719781456622460695e-09,2.803803315524620752e-10,3.412094650793779664e-09
4.660399211697278110e-01,4.891575019418370474e-02,7.298196020147014185e-01,1.000000000000000000e+00,0.000000000000000000e+00,0.000000000000000000e+00,0.000000000000000000e+00,-7.207580575268620615e-01,-4.013206958458515050e-02,5.087003112542445166e-02,8.623891823993988792e-01,-1.369600276608534395e-01,6.492701478649741398e-02,-4.003463759118652265e-01,6.585704204261975947e-02,-3.915475589469762097e-02,1.154906146097171238e+00,-6.789422755977124746e-01,-2.921731192576661890e-02,5.818236757638672868e-17,3.682134920146086430e-16,-1.674106105362152273e-17,2.000008334356533635e-01,1.999488626411466685e-01,9.332829584119394786e-05,5.999952064910001326e-01,9.493981887673228512e-05,3.958016221911179942e-06,-4.820775309225916835e-05,2.000000000591490579e-01,-1.999999963805403624e-01,-6.605715925405228915e-09,5.999999996606739661e-01,-6.719781036087227059e-09,2.803627567608128259e-10,3.412096357243022065e-09
