0.000000000000000000e+00,0.000000000000000000e+00,7.609719268769696843e-01,7.260854906946770937e-01,3.548483664362828138e-02,-1.133672065334901009e-02,-6.865946149918984442e-01,-5.621539714394795384e-01,6.610483411147578814e-02,1.930379356733355201e-01,1.201937744546714315e+00,-6.300898653758076062e-02,-8.995318754365151659e-02,-9.748169145206782293e-02,2.210758647084610021e-02,5.464800769985295875e-02,7.245256169439412419e-01,-3.569186452089490591e-01,-3.135649807486752538e-02,4.843896397929808861e-02,-9.373791657330869664e-03,1.261281731641324677e-01,3.356014729777705985e-01,3.572135185860734752e-01,-2.944505711131463199e-01,-2.467606186730001150e-01,-1.811699934657469147e-01,-7.524661740600979698e-02,-9.260306858707693933e-02,3.910519446704470714e-01,-5.639772296425755727e-01,3.466352525226610304e-01,-6.651549263117754185e-01,-3.619884601668496571e-02,-1.815676841891063556e-02,-1.277906865431196470e-01
-2.634429931640536182e-04,8.929443359375177636e-03,7.562442962617352826e-01,7.251028478573392499e-01,3.358978060875315863e-02,-1.139487894372727406e-02,-6.877265033439456943e-01,-5.701289043906172527e-01,7.208389579649536472e-02,1.844845657015018736e-01,1.262998681839681447e+00,-8.023672492230107811e-02,-8.905189951792163994e-02,-1.108407888673535874e-01,2.582783431128835711e-02,5.398294126173425883e-02,7.387718669633449586e-01,-3.900045027731551261e-01,-3.534907312915695765e-02,4.758728868288540637e-02,-4.610136771761499247e-03,1.324658476505592986e-01,3.145708489031846522e-01,3.568011496437047958e-01,-2.899477089094635862e-01,-2.558503021440328706e-01,-1.787163921500007635e-01,-7.385142563657505488e-02,-9.148684326396397393e-02,3.909335066274066683e-01,-5.649875658399700074e-01,3.568922732839514000e-01,-6.335868594249810526e-01,-2.228320324551102266e-02,-9.183632275739556788e-03,-1.303386316315823523e-01
-4.439353942871093750e-04,1.775817871093732236e-02,7.519218627900555729e-01,7.236752449334639126e-01,3.140570196973472422e-02,-1.061577620388428483e-02,-6.893439831099335002e-01,-5.764701218954256801e-01,7.927595607566323421e-02,1.755530701472236554e-01,1.320808105642768515e+00,-9.696206330051782007e-02,-8.887891469976871850e-02,-1.279788679430696741e-01,3.285258034704304636e-02,5.738763357341593319e-02,7.557760862667500801e-01,-4.170613124225645563e-01,-3.720512606889780916e-02,4.705660736118251475e-02,1.499639951322788651e-03,1.380440421129808248e-01,2.929110336332546582e-01,3.556132785547974073e-01,-2.840054213117835236e-01,-2.652484725603556082e-01,-1.744677895117485444e-01,-7.242607981365360714e-02,-9.048976109690912151e-02,3.911044790809320992e-01,-5.660957975551087484e-01,3.683032533867828806e-01,-5.991247573856999242e-01,-1.322920128570606851e-03,3.096242367371822984e-03,-1.345307466885937997e-01
-5.856800079345747534e-04,2.644622802734364342e-02,7.480137054414227604e-01,7.223083711907752891e-01,2.935883669258354534e-02,-9.806650336347977337e-03,-6.908780682761379577e-01,-5.797838214665547163e-01,8.637627486802929022e-02,1.682234028738407716e-01,1.373531465472618729e+00,-1.125424168202072278e-01,-8.744877271206279168e-02,-1.462844920032244089e-01,4.003550906356449085e-02,6.174728278532631148e-02,7.736446973354980106e-01,-4.396415619801187780e-01,-3.805276441875062726e-02,4.590366380126608553e-02,7.242514257184529125e-03,1.427811449555737577e-01,2.713379961337338830e-01,3.537405402674075328e-01,-2.772113170460213660e-01,-2.750158411999989450e-01,-1.694338410699763875e-01,-7.102171284834113418e-02,-8.937792702219417296e-02,3.936686993646695831e-01,-5.673271273423908800e-01,3.794991914724760718e-01,-5.657343747736057749e-01,1.927740244371414780e-02,1.578313582056283665e-02,-1.399747951447070093e-01
-7.912254333496127057e-04,3.476745605468778422e-02,7.446109954804852604e-01,7.215139971227451099e-01,2.787613492866135648e-02,-9.769403642600718585e-03,-6.917694932633748905e-01,-5.787312832078469471e-01,9.225196070145323668e-02,1.644122495593083877e-01,1.419255409230148368e+00,-1.262523620670581159e-01,-8.267630426283670286e-02,-1.631419640231218937e-01,4.419381011164779521e-02,6.410418936985347316e-02,7.903160299906702990e-01,-4.591591252195658113e-01,-3.908872554022287810e-02,4.339223100075510764e-02,1.087971060517063313e-02,1.466302591813369860e-01,2.504985728787038624e-01,3.513689868797976179e-01,-2.703706299425235327e-01,-2.852747120102964162e-01,-1.647005343185065362e-01,-6.969458891973417947e-02,-8.786018172334290888e-02,4.009989949565831435e-01,-5.686808047102376307e-01,3.889152951468630159e-01,-5.375366957520453237e-01,3.209186113926879719e-02,2.605590870195121853e-02,-1.459740328358796468e-01
-1.017513275146486595e-03,4.272338867187475131e-02,7.417224304170086935e-01,7.212275675102786110e-01,2.733126397867957635e-02,-1.092612435562114945e-02,-6.920725523231647802e-01,-5.724091770583479288e-01,9.692910101226465125e-02,1.658344136470034647e-01,1.457340326104379136e+00,-1.374862994612257583e-01,-7.285140433505986335e-02,-1.788657399740939402e-01,4.394269562952934916e-02,6.441615301101344393e-02,8.069793341312834212e-01,-4.758235638241927745e-01,-4.056021263257930665e-02,4.007736205902731608e-02,1.120377513763345587e-02,1.495347314027508645e-01,2.303400985579857063e-01,3.484921606737353961e-01,-2.636706774632601724e-01,-2.958562243861175278e-01,-1.602042956393350814e-01,-6.839827877907118936e-02,-8.527002410159145729e-02,4.143522821707890103e-01,-5.701881757720149713e-01,3.963606952029456454e-01,-5.150183704763517945e-01,3.447370149748994750e-02,3.379249250911955937e-02,-1.534351234019377119e-01
-1.282711029052724383e-03,5.020019531249975131e-02,7.394342224091962068e-01,7.212364439914417114e-01,2.740135700129744251e-02,-1.277566473512658021e-02,-6.920288576957198678e-01,-5.617879758953363556e-01,1.011833340826838318e-01,1.709058168545233847e-01,1.488966913880992893e+00,-1.467443862611249039e-01,-5.929177382470773167e-02,-1.944418261637621825e-01,4.114348421530329009e-02,6.410332543187373389e-02,8.240123513673464073e-01,-4.888649257944821525e-01,-4.185155905684962568e-02,3.630326382984403605e-02,9.423274010552937577e-03,1.514999197806189135e-01,2.103972771196439551e-01,3.450777381514738562e-01,-2.569120121079597752e-01,-3.066407883671157242e-01,-1.555447901352858542e-01,-6.711928230458796829e-02,-8.190313562150798588e-02,4.324581183914679716e-01,-5.718730119121352429e-01,4.024190821024683506e-01,-4.963169930083073944e-01,3.065666467804909964e-02,4.036090999463556872e-02,-1.621991895210720958e-01
-1.543045043945312500e-03,5.733703613281271316e-02,7.377623168916180862e-01,7.218325212712408678e-01,2.747879950796552548e-02,-1.474155966530599562e-02,-6.913648915235995895e-01,-5.483679996504118304e-01,1.049518839101750145e-01,1.765465988239214301e-01,1.515031311864425856e+00,-1.550658019753685113e-01,-4.455994004614340781e-02,-2.083231976497439686e-01,3.740742718249646936e-02,6.248795863197065953e-02,8.381724868414568430e-01,-4.982276747536356631e-01,-4.290533998998474763e-02,3.110499962031364543e-02,7.296375117901075097e-03,1.525788823242018033e-01,1.906694715185016653e-01,3.414031568509100500e-01,-2.504028241159394486e-01,-3.178523995094918453e-01,-1.513264340529706653e-01,-6.597971669338807688e-02,-7.890054098954701889e-02,4.539690047163252862e-01,-5.737616850555957715e-01,4.065219148415940009e-01,-4.821036948051812820e-01,2.341736008135898717e-02,4.523620800740140585e-02,-1.697709514149991217e-01
-1.803588867187511102e-03,6.428314208984353684e-02,7.366612426728681440e-01,7.233130652231335445e-01,2.696764923687034257e-02,-1.625187259669856263e-02,-6.898020239237144802e-01,-5.336966223318073688e-01,1.081828636014057071e-01,1.797865407808610927e-01,1.536338116839847334e+00,-1.633677398151598681e-01,-3.120629503944089347e-02,-2.189820630180134842e-01,3.430991805515355014e-02,5.878959372968990682e-02,8.462773421021129172e-01,-5.038798711763416982e-01,-4.362146778069979358e-02,2.363176854397873450e-02,6.578065142022261266e-03,1.529130605160811396e-01,1.712518109254387300e-01,3.379416453454296421e-01,-2.445571404923573000e-01,-3.299561007924398104e-01,-1.482529179668549135e-01,-6.511865850691667124e-02,-7.734815090504364166e-02,4.779016226447872495e-01,-5.758306158042023615e-01,4.078933073013485955e-01,-4.733914300582461321e-01,1.554304536159877015e-02,4.781582209514154830e-02,-1.736957082105437811e-01
-2.113237380981458635e-03,7.108276367187471578e-02,7.361130706757977871e-01,7.260861376029869030e-01,2.555352628375564053e-02,-1.723206410845575312e-02,-6.869126538664168669e-01,-5.177751354831693353e-01,1.107616137511661103e-01,1.795731393732197534e-01,1.553165272490637516e+00,-1.719953211867883136e-01,-1.943938296093323734e-02,-2.254207746148383096e-01,3.209686848889276717e-02,5.190930336013502983e-02,8.473418184129042352e-01,-5.059924526095407327e-01,-4.400571248750186071e-02,1.302980893783877749e-02,7.697653365537977105e-03,1.526642114713318010e-01,1.520559642270117862e-01,3.350180094088289207e-01,-2.394361524807882002e-01,-3.435520062259654339e-01,-1.475650051688276176e-01,-6.459433192902029608e-02,-7.763427494662784867e-02,5.055536419290043160e-01,-5.780462414764392376e-01,4.056693215019948062e-01,-4.720282580992684607e-01,5.918288796866356602e-03,4.711397109770781161e-02,-1.724069919974562104e-01
-2.496910095214854852e-03,7.775238037109399869e-02,7.361429016084150012e-01,7.298672282798194244e-01,2.361988110389332332e-02,-1.797221474812227965e-02,-6.829443094402495307e-01,-5.000431836948526776e-01,1.127876966666362529e-01,1.775593959355611928e-01,1.565101666511489631e+00,-1.804002334524473228e-01,-8.118116272312800655e-03,-2.286251816682073890e-01,2.998100409137079148e-02,4.250238709893056077e-02,8.431075274745183368e-01,-5.045173003257550359e-01,-4.407763052465954456e-02,5.178369201386899393e-05,9.663820000451775818e-03,1.517982489096623144e-01,1.332419781156286842e-01,3.326528264729887718e-01,-2.349634844731649241e-01,-3.585442099676715011e-01,-1.487310247354999837e-01,-6.436767998169780347e-02,-7.902953827456191127e-02,5.372633597378904113e-01,-5.803032663585331319e-01,4.003493135958208216e-01,-4.773128358216269795e-01,-6.239511235175231388e-03,4.364693911580339730e-02,-1.675545228913064844e-01
-2.890615463256834827e-03,8.426269531249985789e-02,7.368023101777508854e-01,7.339238080677118470e-01,2.157847080292782035e-02,-1.840041094030694241e-02,-6.786395497069290794e-01,-4.812415545145736773e-01,1.144175654072941278e-01,1.748657943943733029e-01,1.571962119468766295e+00,-1.881830405595255051e-01,2.076007535124659367e-03,-2.300588823822581064e-01,2.802319496558016917e-02,3.241286384062484760e-02,8.344907496909598210e-01,-4.991214927701669857e-01,-4.377006860387309961e-02,-1.379491537975376450e-02,1.205432766373832655e-02,1.501906784955278906e-01,1.154514530776150211e-01,3.308775648243227896e-01,-2.312505408356422820e-01,-3.745766648501512863e-01,-1.497522779673657045e-01,-6.437761614112939845e-02,-8.098027532622345537e-02,5.704514412363859144e-01,-5.824194082634062131e-01,3.932417743763392814e-01,-4.863437453300987756e-01,-1.773581594728062399e-02,3.905467067585797342e-02,-1.614802360422980809e-01
-3.274564743041996628e-03,9.064758300781239342e-02,7.380632965058758765e-01,7.375413929513272571e-01,1.984170519121893073e-02,-1.844862179171983044e-02,-6.747582150463282691e-01,-4.620840177932279969e-01,1.157593117043743125e-01,1.727180620300391711e-01,1.573514083692931997e+00,-1.948345514253997102e-01,1.054597049093352820e-02,-2.312385329703885439e-01,2.626043860100467711e-02,2.345806290484474602e-02,8.224413281477487292e-01,-4.894681988504339665e-01,-4.301411065429829039e-02,-2.702713207080850027e-02,1.441824523587074795e-02,1.477019611552316258e-01,9.939650090107707281e-02,3.297518100034939059e-01,-2.283456497352079617e-01,-3.913695247811399547e-01,-1.486057537284380947e-01,-6.456620420279515771e-02,-8.296159054637994301e-02,6.023154985110258375e-01,-5.841825573270634786e-01,3.857357764886273910e-01,-4.960206710079037573e-01,-2.547958527497942369e-02,3.505893832095167972e-02,-1.564629205882974716e-01
-3.637657165527358183e-03,9.686981201171818157e-02,7.400138275117352782e-01,7.408700150028487696e-01,1.841423366049786334e-02,-1.792617968188423352e-02,-6.711566053838612378e-01,-4.427297999184750532e-01,1.169680569311354890e-01,1.709474255038909152e-01,1.569523458171417030e+00,-2.007540362964024550e-01,1.717029785370792830e-02,-2.320695540404331403e-01,2.478495819531969374e-02,1.516420768481938595e-02,8.062496119710245157e-01,-4.753214500516864671e-01,-4.190596271496355163e-02,-4.021026190024967750e-02,1.692852088308765754e-02,1.438677869478654225e-01,8.534464565376048695e-02,3.293999341729992869e-01,-2.263141213924715900e-01,-4.093073556080218944e-01,-1.444087779294598584e-01,-6.495174394390219874e-02,-8.478981421119773099e-02,6.328865111560333379e-01,-5.853916341663825129e-01,3.777659398989055006e-01,-5.063519031689889260e-01,-2.860867962579568408e-02,3.176803274985377096e-02,-1.524489425613908267e-01
-3.909950256347660691e-03,1.030148315429686434e-01,7.425640289277509742e-01,7.441814370327731742e-01,1.713469585034209375e-02,-1.694815939352563652e-02,-6.675426210116658376e-01,-4.228412669465166362e-01,1.178333562676892460e-01,1.691719718690071761e-01,1.560158370471065981e+00,-2.059453087169493268e-01,2.220842112305082203e-02,-2.318842349804563774e-01,2.364928466835174853e-02,6.812079411728436465e-03,7.857145915908348988e-01,-4.569118392746979174e-01,-4.043611972276250910e-02,-5.385358269356419619e-02,1.967947219816682664e-02,1.389260791570612052e-01,7.304028386671070072e-02,3.298734070924803641e-01,-2.250582697291990675e-01,-4.285798571671964319e-01,-1.383862383474438462e-01,-6.555503270781730396e-02,-8.675714061739950300e-02,6.630660639031109582e-01,-5.859278691257652216e-01,3.689324620354193507e-01,-5.184176260874134856e-01,-2.886230040071998890e-02,2.841587310332786831e-02,-1.483893590811295737e-01
-4.150047302246107073e-03,1.091668701171872868e-01,7.457580749482587423e-01,7.469704669999540636e-01,1.610503329083138799e-02,-1.584292931872110372e-02,-6.644732883443650318e-01,-4.023456910074220128e-01,1.178629291265350376e-01,1.682790265171018318e-01,1.545901124877374633e+00,-2.094219347737519832e-01,2.563933351608520955e-02,-2.313810216505213790e-01,2.280722090012980013e-02,-1.075811822857316875e-04,7.624947312223023799e-01,-4.345436646745535758e-01,-3.842348980516673701e-02,-6.642743553442666260e-02,2.210555141693827663e-02,1.337650969256826694e-01,6.243609268258913658e-02,3.310753978950363163e-01,-2.243381992397037727e-01,-4.485152173229858819e-01,-1.316584286679894633e-01,-6.632197401437490980e-02,-8.907827144291927124e-02,6.912631320594333495e-01,-5.857535630933685677e-01,3.602144377019525501e-01,-5.306540945665607634e-01,-2.711877581917222085e-02,2.546672743437998140e-02,-1.450546981056841656e-01
-4.389762878417968750e-03,1.154150390624995026e-01,7.494633666963056440e-01,7.487382103155255653e-01,1.543069871185105690e-02,-1.494223400367257829e-02,-6.625177096453702674e-01,-3.811220160642729282e-01,1.165596621034735991e-01,1.691401370634507961e-01,1.527202714469058531e+00,-2.101808562923966617e-01,2.749145771967981960e-02,-2.313016964360182226e-01,2.215071006600437958e-02,-4.053473780681719936e-03,7.383038918310076415e-01,-4.085387300587360881e-01,-3.571212081219354850e-02,-7.644025506276573567e-02,2.357870529873034790e-02,1.292262722127625607e-01,5.342607476526369664e-02,3.328454410092389071e-01,-2.238585304013781530e-01,-4.683228019242368645e-01,-1.252907990956106110e-01,-6.718761019947429303e-02,-9.201180339637880790e-02,7.157261380942839812e-01,-5.849431543617901186e-01,3.526012591448756672e-01,-5.412464977969143609e-01,-2.430511133341039381e-02,2.339183987703632658e-02,-1.432250694508185040e-01
-4.626703262329112665e-03,1.217044067382815342e-01,7.536224548310712645e-01,7.492805799488095886e-01,1.517278782855851355e-02,-1.434234337843971925e-02,-6.619234821393632506e-01,-3.585730777134994995e-01,1.141073052074841193e-01,1.726294516639154120e-01,1.503478000161094119e+00,-2.080083402526841929e-01,2.846874087170003093e-02,-2.316054186324502939e-01,2.159817373140801230e-02,-4.292585808067119965e-03,7.129355835131476749e-01,-3.785276713976459262e-01,-3.235029553227010413e-02,-8.335456888075898352e-02,2.385618472452941813e-02,1.254769210070433016e-01,4.613013248901711577e-02,3.350866183017247590e-01,-2.234205400255902252e-01,-4.882998056359789119e-01,-1.188755709038714081e-01,-6.816317594751053477e-02,-9.609608328555578616e-02,7.363001316766706328e-01,-5.835394907641661133e-01,3.461240979446294497e-01,-5.499281494687695560e-01,-1.925904856130017384e-02,2.239737221320098337e-02,-1.434660819672264054e-01
-4.803476333618161842e-03,1.281478881835935724e-01,7.581078521699383677e-01,7.488987329113123703e-01,1.526421750388997668e-02,-1.386010252689636249e-02,-6.623636380914705857e-01,-3.349282994852764150e-01,1.105653933646813941e-01,1.780553836023929526e-01,1.474729215974923902e+00,-2.034250009171919560e-01,2.839685425046889131e-02,-2.320503728719537362e-01,2.126864335132671799e-02,-1.707952153398245056e-03,6.857494624194581112e-01,-3.445079579638677947e-01,-2.842528740931312900e-02,-8.800923458679246747e-02,2.327985780689911799e-02,1.220794281785260865e-01,4.046848859906999191e-02,3.378140268705238092e-01,-2.232189370436923337e-01,-5.086005504706733182e-01,-1.120253961905596923e-01,-6.928117801580203905e-02,-1.010858138107286475e-01,7.537727275381409520e-01,-5.816091566114602873e-01,3.402638757283781845e-01,-5.575127395326987534e-01,-1.201507520886097545e-02,2.220574378797826251e-02,-1.452387692552457310e-01
-4.923362731933583758e-03,1.347134399414064987e-01,7.628445617646649746e-01,7.478503833099597875e-01,1.560763476471980007e-02,-1.340135590245189121e-02,-6.635484982879346072e-01,-3.112887397915167775e-01,1.053245989719384101e-01,1.838528437787425029e-01,1.442268186282931852e+00,-1.965620695923774031e-01,2.601925155167158013e-02,-2.330753349284799270e-01,2.127457747078349837e-02,2.883482193697659186e-03,6.577824810184261795e-01,-3.073146076314331454e-01,-2.384027953905599323e-02,-9.102504659717879087e-02,2.212894581023201052e-02,1.190039608143066002e-01,3.609212785957176955e-02,3.410140880540554753e-01,-2.235066720241761229e-01,-5.284186245007288507e-01,-1.058440787705020036e-01,-7.049419755390136377e-02,-1.060558971645117893e-01,7.678551260473674978e-01,-5.793139613786252307e-01,3.352890241350786060e-01,-5.641293350868867851e-01,-5.264187040707460873e-03,2.254847060253388491e-02,-1.477148242318188087e-01
-5.044622421264660650e-03,1.413772583007810724e-01,7.677250854463055774e-01,7.463911999476686709e-01,1.611074166959652887e-02,-1.287970721490222514e-02,-6.651877432616998265e-01,-2.887074953962889268e-01,9.786734813023476032e-02,1.884135287405438453e-01,1.407313517422152938e+00,-1.875877785648402962e-01,2.009484834283671584e-02,-2.350639281716172257e-01,2.167955668909925596e-02,8.700024054759277620e-03,6.300296166100288753e-01,-2.677687280002353787e-01,-1.847577097294389806e-02,-9.306013541158922320e-02,2.068645561806822103e-02,1.162176700725330580e-01,3.268870789291479506e-02,3.446673763377449129e-01,-2.244830615676192964e-01,-5.469426765167706428e-01,-1.014206814076625413e-01,-7.173104258161967783e-02,-1.100993311132043295e-01,7.782129919328381051e-01,-5.768857022436181259e-01,3.315008044469174298e-01,-5.698108181344412326e-01,-1.693391656847019521e-03,2.317833898562761397e-02,-1.500743697541749855e-01
-5.140018463134776727e-03,1.481845092773435013e-01,7.727032653779462024e-01,7.444304939391760412e-01,1.671458114079325472e-02,-1.220990917992807040e-02,-6.673790381698995189e-01,-2.671014188140278800e-01,8.824381207424825124e-02,1.916343418888816763e-01,1.369365434361278222e+00,-1.759161509915160015e-01,9.629655180343985391e-03,-2.382459601039756958e-01,2.275531131751698868e-02,1.611354462485665995e-02,6.025913303460109782e-01,-2.248637527840643136e-01,-1.355092934589924650e-02,-9.392061240341971484e-02,1.916374660282427547e-02,1.138460817783381179e-01,3.033625538863872484e-02,3.487868595179345887e-01,-2.261379653110678345e-01,-5.643589156966940523e-01,-9.932278342946057603e-02,-7.299093642743979815e-02,-1.130862928310551879e-01,7.844976782231742884e-01,-5.745205018544854436e-01,3.290720042598421213e-01,-5.744891208345345168e-01,-2.194370878073009443e-03,2.428914506141314697e-02,-1.528386047701910666e-01
-5.176324844360341570e-03,1.551480102539057881e-01,7.777257720918133721e-01,7.418743953191918594e-01,1.747171623192684056e-02,-1.144690251718185822e-02,-6.702134653410483089e-01,-2.459907190333603944e-01,7.679255849892703545e-02,1.940135398186152993e-01,1.327951214672405511e+00,-1.617724739722520011e-01,-4.382375144100594290e-03,-2.423784459870927666e-01,2.432689304247527898e-02,2.545404412670573824e-02,5.750066458643359191e-01,-1.785772894086168350e-01,-8.645634708345228958e-03,-9.345038056035964713e-02,1.740719837439812581e-02,1.119055549028007551e-01,2.926116573066600904e-02,3.533784019009112431e-01,-2.282729567718624064e-01,-5.810877045908420246e-01,-9.887538921966286531e-02,-7.428443484267785446e-02,-1.154734965860677171e-01,7.870666981623548608e-01,-5.723119273124267492e-01,3.277621346562203386e-01,-5.783292640679426055e-01,-5.224828120745736264e-03,2.594273806259340259e-02,-1.562296922403534627e-01
-5.182905197143566900e-03,1.622726440429689276e-01,7.826607696504072065e-01,7.389760196950551085e-01,1.844337478640328473e-02,-1.070432025213742533e-02,-6.733941652331726369e-01,-2.259510405481792161e-01,6.349877828556793613e-02,1.948539158534505766e-01,1.284500719345231134e+00,-1.464860077186596610e-01,-2.020927910991446655e-02,-2.470977813779003940e-01,2.581773060024855973e-02,3.604192346363815913e-02,5.473749422126120701e-01,-1.311541279979304420e-01,-1.147648824377825146e-03,-9.238678040485279186e-02,1.516790708470191172e-02,1.102073669939027806e-01,2.938395487953156596e-02,3.583755238954662303e-01,-2.308027242561655756e-01,-5.966859739153030917e-01,-9.929884100278173198e-02,-7.554525894898929395e-02,-1.172241141856955743e-01,7.866301913164311932e-01,-5.702959324000331787e-01,3.273262735821198532e-01,-5.817348203176040400e-01,-9.810720349334858120e-03,2.770725546438415621e-02,-1.589910649163963074e-01
-5.203533172607410773e-03,1.695272827148439632e-01,7.874250213593915193e-01,7.359966343821561230e-01,1.969881463905186897e-02,-1.011340373134714254e-02,-6.766229599599189459e-01,-2.074821758430854535e-01,4.833414299508181911e-02,1.935506610476938893e-01,1.240373804213153797e+00,-1.312844691864693825e-01,-3.613042038336052725e-02,-2.518994090429395594e-01,2.667556167293302569e-02,4.738423184172063651e-02,5.194942847963838206e-01,-8.465812911913477012e-02,1.158080168624804444e-02,-9.142849690706979227e-02,1.217327534292024505e-02,1.085435044754037848e-01,3.054453774558397658e-02,3.636693867694453797e-01,-2.337004595066667356e-01,-6.106036482497263496e-01,-9.978795556301912895e-02,-7.671065892377720852e-02,-1.183145260891715622e-01,7.839361534429302170e-01,-5.684826225736736571e-01,3.274541364031209323e-01,-5.850704586774304605e-01,-1.500230570741663445e-02,2.913283865208387419e-02,-1.598529608609086383e-01
-5.162057876586911842e-03,1.768920898437498224e-01,7.918860046357587557e-01,7.328699284101295452e-01,2.138494169191363856e-02,-9.750572241983376798e-03,-6.799627038609684648e-01,-1.906038820452116977e-01,3.032075861021026747e-02,1.896269165431153647e-01,1.194996570111532819e+00,-1.155793158986161417e-01,-5.333845574615507512e-02,-2.566522373020929670e-01,2.715831799870540436e-02,6.132622559394118600e-02,4.897570857482240747e-01,-3.715112558184110320e-02,3.105532056848488154e-02,-9.064720026741453218e-02,8.107749540154729137e-03,1.068678941457096299e-01,3.283697535820096630e-02,3.692043145197099752e-01,-2.369999870042694690e-01,-6.229758335315086493e-01,-1.003870450647539325e-01,-7.774019374294362239e-02,-1.182886358750474820e-01,7.783803341015191890e-01,-5.669145315072193769e-01,3.282152221300381201e-01,-5.882613917889741861e-01,-2.128457646206817835e-02,3.007510526332132089e-02,-1.581301812628501113e-01
-5.090150833129886143e-03,1.843399047851557171e-01,7.959993164033368762e-01,7.295005816829865930e-01,2.342602391980175974e-02,-9.562305974067580178e-03,-6.835120225950319650e-01,-1.748808042259404893e-01,9.914904811972930290e-03,1.833361041471045505e-01,1.147794838623046987e+00,-9.905918984319038445e-02,-7.209504845041560250e-02,-2.613169438873131356e-01,2.734078519068440169e-02,7.813559808498295178e-02,4.584159640240666467e-01,1.160955040062104648e-02,5.589448694504226683e-02,-8.974236922330311450e-02,3.170808767136477392e-03,1.053107358216898159e-01,3.626286294831886775e-02,3.749817208629541154e-01,-2.406682502129410817e-01,-6.339497831896407920e-01,-1.013963637351944919e-01,-7.866789732690243619e-02,-1.173409325631900590e-01,7.698788004084697878e-01,-5.656230576739136318e-01,3.296880531259185343e-01,-5.911688485234088963e-01,-2.890917994442855632e-02,3.075754819947287486e-02,-1.546186486210075761e-01
-5.001735687255870477e-03,1.918600463867186079e-01,7.996508209199384432e-01,7.261189153642534366e-01,2.556626847041676420e-02,-9.499233126181417033e-03,-6.870279843185088664e-01,-1.601155456468711935e-01,-1.084042149837898678e-02,1.753593036936672289e-01,1.100145779247274858e+00,-8.323869647171908137e-02,-8.937621659952721398e-02,-2.655461035576981432e-01,2.648849379304576632e-02,9.475009583839326399e-02,4.279577345553229883e-01,5.708094082659698892e-02,8.424439881994950918e-02,-8.885098594107830594e-02,-2.145756302555034377e-03,1.039324824726456792e-01,4.043842355737514022e-02,3.809498393335636890e-01,-2.446206879304224091e-01,-6.429020656153102697e-01,-1.024035810292156651e-01,-7.954489386010304974e-02,-1.164102741368076427e-01,7.599969905297732087e-01,-5.645497849036922311e-01,3.315958550779810610e-01,-5.942413261386196854e-01,-3.658961476423098352e-02,3.127979085424237304e-02,-1.502781543976378364e-01
-4.859676361083975493e-03,1.994387817382810013e-01,8.027648345918134698e-01,7.229620693839687862e-01,2.753920807243085897e-02,-9.486801764221045388e-03,-6.902734522224355240e-01,-1.463178801518150718e-01,-2.992094556648041900e-02,1.665848179588984013e-01,1.053661203548433400e+00,-6.953999114525102887e-02,-1.021816624148245839e-01,-2.693374299319278853e-01,2.403511413411462197e-02,1.075352731450872207e-01,4.012998897196269898e-01,9.488304454883468575e-02,1.139433053443204696e-01,-8.805599021212413835e-02,-7.287733120109825095e-03,1.027636878324626329e-01,4.488955420202880159e-02,3.870077026343108351e-01,-2.488533906191889578e-01,-6.491997720618664092e-01,-1.029850636494563515e-01,-8.042089730095927647e-02,-1.164400075659446226e-01,7.503416545748153865e-01,-5.635779506695967056e-01,3.336217111006484215e-01,-5.979255416566545689e-01,-4.304433626628432347e-02,3.176475153086002340e-02,-1.460508447762599304e-01
-4.690799713134768956e-03,2.069790649414064987e-01,8.053003112763836846e-01,7.200534165505618756e-01,2.952562199472501259e-02,-9.731346500467001268e-03,-6.932219095318435942e-01,-1.335867574373846289e-01,-4.857478899234679570e-02,1.565095906924958147e-01,1.008366767866527125e+00,-5.883270685287266683e-02,-1.098226091603006355e-01,-2.715702470972967686e-01,1.934159914426099997e-02,1.165741535722528976e-01,3.750948531050683488e-01,1.261785259130525083e-01,1.490384819365312974e-01,-8.726830217674808043e-02,-1.278835031527407289e-02,1.017525208583442003e-01,4.947038899004441159e-02,3.931511568815757030e-01,-2.536060792520021812e-01,-6.525855886376877857e-01,-1.027909690740005655e-01,-8.140466958713840628e-02,-1.178885715039053317e-01,7.412404606573657073e-01,-5.626471142196305397e-01,3.355366514493515750e-01,-6.024923178175453087e-01,-4.783106754615772116e-02,3.221645146792241621e-02,-1.418010553141163255e-01
-4.648628234863283470e-03,2.145001220703122158e-01,8.073031799287274657e-01,7.172869693151429082e-01,3.160265307820288305e-02,-1.023455752869978364e-02,-6.959855816044666632e-01,-1.217748542614190688e-01,-6.739259039347476887e-02,1.450786614763140692e-01,9.634330917410078854e-01,-4.998603604557062124e-02,-1.138798312100839372e-01,-2.727634414404226937e-01,1.292690589593751931e-02,1.231301460588239693e-01,3.493334268264891573e-01,1.526828690410356182e-01,1.889633947213846810e-01,-8.641378199365465362e-02,-1.879099663447584417e-02,1.008967859260914007e-01,5.426894313027081501e-02,3.993791548778072298e-01,-2.589168543664331357e-01,-6.533016972297810421e-01,-1.021055381341695878e-01,-8.243315022743660792e-02,-1.201904932356776812e-01,7.319607719173146787e-01,-5.617393684756684102e-01,3.374880866327138462e-01,-6.076935386148286655e-01,-5.168897299536326373e-02,3.258073135341091331e-02,-1.371337883308834382e-01
-4.674806594848646135e-03,2.220401000976561789e-01,8.087995330781415637e-01,7.146853765645787560e-01,3.334426861713836454e-02,-1.054351305431952893e-02,-6.985712609373563309e-01,-1.107271400077807083e-01,-8.339813753487652914e-02,1.340896670800297841e-01,9.192443745001174227e-01,-4.142958556760720223e-02,-1.149620226127830297e-01,-2.757789864154334691e-01,6.149978288008874951e-03,1.247059968591326395e-01,3.324050769856681797e-01,1.709755602114330642e-01,2.243192100574420700e-01,-8.548274308549529132e-02,-2.402510816151294179e-02,1.002176311902505945e-01,5.909804576839487039e-02,4.055362925064077695e-01,-2.645160451397561285e-01,-6.512370948977194152e-01,-1.014306437470329086e-01,-8.330029961299748043e-02,-1.227685469990665301e-01,7.224735286226163788e-01,-5.607966812400811962e-01,3.396715109802512789e-01,-6.130583491229013582e-01,-5.512103381504546845e-02,3.291598292278024446e-02,-1.325904641591517108e-01
-4.677524566650381743e-03,2.296255493164061079e-01,8.097672454804852871e-01,7.122615223606505452e-01,3.428052568805869948e-02,-1.010467527762201959e-02,-7.010037552399933647e-01,-1.005628695335998440e-01,-9.349913284235558675e-02,1.254337241080564491e-01,8.764626893423071996e-01,-3.175585035167485110e-02,-1.138196400401704222e-01,-2.835813237568414191e-01,4.414319905399846124e-04,1.186196969088827713e-01,3.328788291578295699e-01,1.775291493796241349e-01,2.456094867648472846e-01,-8.440196714481956741e-02,-2.696952573351717869e-02,9.965240107600446817e-02,6.366707689467925035e-02,4.113637199860141203e-01,-2.701749087202048316e-01,-6.461734933119559487e-01,-1.012402667228838732e-01,-8.379899952148682496e-02,-1.250703814643762679e-01,7.127263534424187474e-01,-5.597463246429384975e-01,3.422832042196430891e-01,-6.180937810945376087e-01,-5.864252879625836412e-02,3.327829931286025583e-02,-1.287140966171185508e-01
-4.714994430541991077e-03,2.372576904296872513e-01,8.102039520234540770e-01,7.100169106496750926e-01,3.422200328400799851e-02,-8.623528347562610732e-03,-7.032997055605523240e-01,-9.143407672468842340e-02,-9.589149579063700746e-02,1.207949950034229170e-01,8.344326127735758325e-01,-2.022039336659117031e-02,-1.112092802323271373e-01,-2.978255666476053443e-01,-4.538305826533495582e-03,1.011482529647187295e-01,3.551931428972573968e-01,1.681464862137053706e-01,2.471561800946721343e-01,-8.304856030300682146e-02,-2.683068653685028240e-02,9.900124840268267890e-02,6.785346203575638724e-02,4.166940602413599093e-01,-2.759635549838318491e-01,-6.376967083876997622e-01,-1.016723578858001048e-01,-8.379282629192252863e-02,-1.271907592833438905e-01,7.029100108639644295e-01,-5.585186251405006574e-01,3.453167435392419105e-01,-6.230214564381558739e-01,-6.245666662381164913e-02,3.388734766330694231e-02,-1.254617767851237409e-01
-4.751863479614260033e-03,2.449743652343752132e-01,8.100533477754071621e-01,7.079443313564860452e-01,3.350323428247995589e-02,-6.493280621585259538e-03,-7.054432608648271152e-01,-8.349268900177406194e-02,-9.316113761540212312e-02,1.192613724443662565e-01,7.931531848628347037e-01,-7.795131225992337105e-03,-1.068421802098400014e-01,-3.164629603452716600e-01,-1.028807191401258717e-02,7.479762621994649752e-02,3.939596632042695612e-01,1.456618457925754062e-01,2.348972317747592409e-01,-8.142120658180104775e-02,-2.467418912901262265e-02,9.827195908407833358e-02,7.159058895539467671e-02,4.214988120457601739e-01,-2.820834472861948328e-01,-6.257707514357748746e-01,-1.023994934681074775e-01,-8.340865663427829424e-02,-1.294132091929559303e-01,6.930321977892547336e-01,-5.571025347986025000e-01,3.486274585973500040e-01,-6.279668468736817610e-01,-6.630370216243577919e-02,3.465449666404554069e-02,-1.225907485628366100e-01
-4.777374267578127220e-03,2.527648925781251776e-01,8.092991821259930552e-01,7.060382039808570376e-01,3.244544415695962275e-02,-4.189767215440634573e-03,-7.074176938157706873e-01,-7.695503992564145523e-02,-8.862075083280146481e-02,1.188172402549405038e-01,7.544789575666679404e-01,4.194647704289009189e-03,-9.977801765825826397e-02,-3.368607629396695446e-01,-1.702371532928163150e-02,4.632490948821043480e-02,4.429095862847230447e-01,1.171131461518537809e-01,2.167699105509882374e-01,-7.966749102275089145e-02,-2.174761231262227132e-02,9.772310713953294425e-02,7.477041130092015875e-02,4.256961543638813072e-01,-2.884380165597810186e-01,-6.107480567920363645e-01,-1.032331447493348153e-01,-8.283514493273146095e-02,-1.314614211380120690e-01,6.827246322928267608e-01,-5.554968842466452283e-01,3.522742193496369856e-01,-6.322154669652265691e-01,-6.997501446131061675e-02,3.517701682616609926e-02,-1.203712918928917519e-01
-4.876079559326174095e-03,2.606375122070314632e-01,8.079895202607587645e-01,7.042855025960086390e-01,3.130711243277728428e-02,-2.098011086246819035e-03,-7.092230917656946465e-01,-7.208688030951627967e-02,-8.501559872988198596e-02,1.172191923572049599e-01,7.204464334161800876e-01,1.438785730826427564e-02,-8.889127686686060237e-02,-3.568362307616698703e-01,-2.415079455693680890e-02,2.195630831260024160e-02,4.962518747739154690e-01,8.983965911179703223e-02,2.005901149730551503e-01,-7.791493087166553866e-02,-1.907348166456963173e-02,9.759189677702649612e-02,7.728762986790149725e-02,4.291787669000182714e-01,-2.949193840035245207e-01,-5.929135320035799905e-01,-1.039612873866205961e-01,-8.226562305385468066e-02,-1.330787200173971230e-01,6.715528146573960244e-01,-5.537365975229613380e-01,3.563009906399607352e-01,-6.350279254284751929e-01,-7.326750828202784060e-02,3.504946816443035851e-02,-1.190708470672307839e-01
-4.977006912231435320e-03,2.685522460937495026e-01,8.061454193086102782e-01,7.026565823600997573e-01,3.021908919550047451e-02,-2.833766451094330008e-04,-7.108870892145220388e-01,-6.986437804002669505e-02,-8.274222709401378439e-02,1.137172206290048837e-01,6.914493586906211853e-01,2.784088659856310058e-02,-7.073886828042144637e-02,-3.766457526783905108e-01,-3.200309369351236888e-02,1.772559180852244145e-03,5.546421790586512079e-01,6.435264920617962681e-02,1.865803221607116036e-01,-7.614065184336837877e-02,-1.692833238752844069e-02,9.782171824227062218e-02,7.919001082730728336e-02,4.317933573859684127e-01,-3.014328131456272541e-01,-5.719417778846637157e-01,-1.041184019258851179e-01,-8.158393235461074144e-02,-1.343118614564426938e-01,6.589764607597154988e-01,-5.518741915847432677e-01,3.610873292207524843e-01,-6.361735595494842910e-01,-7.591309581549336716e-02,3.398488538855464619e-02,-1.192595747552366858e-01
-4.973964691162097163e-03,2.764904785156252487e-01,8.039694396943525279e-01,7.011821845388158669e-01,2.906785524272709198e-02,1.374509065089906876e-03,-7.123880365375262480e-01,-7.001674528372579809e-02,-8.037186227562449770e-02,1.098245115691853097e-01,6.668554006019934421e-01,4.324416075767441303e-02,-4.667323880966495198e-02,-3.968140968360286958e-01,-4.099489211877624384e-02,-1.676324169358229740e-02,6.197813748548760548e-01,3.755767036049589142e-02,1.711096364045712748e-01,-7.438355383622785588e-02,-1.489957807110520172e-02,9.832996510176837679e-02,8.054012074216300443e-02,4.335029597481744323e-01,-3.080116921346797154e-01,-5.477810105163810617e-01,-1.039245307525736017e-01,-8.074211816847182144e-02,-1.353220894434235544e-01,6.453740103414948859e-01,-5.499220931762651698e-01,3.664827877104901988e-01,-6.360425551358296348e-01,-7.809271534526145142e-02,3.227349929985309784e-02,-1.206518588061376157e-01
-4.994735717773451933e-03,2.845022583007814632e-01,8.012132446259930818e-01,6.999232877173646727e-01,2.765566104100224826e-02,2.909055708227326412e-03,-7.136764624941659418e-01,-7.084592677673877403e-02,-7.755881912707637826e-02,1.060167441934018046e-01,6.470677302075077408e-01,4.985733372119931228e-02,-2.291787302937698875e-02,-4.160922183553946718e-01,-4.967043862890799938e-02,-3.214656848467256633e-02,6.881118877350800300e-01,1.142758254734104265e-02,1.561948205618985952e-01,-7.277585426772879840e-02,-1.263712696036672217e-02,9.930609284582375684e-02,8.126153513518234728e-02,4.344248426590777701e-01,-3.147760123567565071e-01,-5.211534296899146268e-01,-1.042135747299963722e-01,-8.004598312433837404e-02,-1.359839846182913647e-01,6.316966852983637581e-01,-5.478376988104859402e-01,3.717028929702800299e-01,-6.349465407254547555e-01,-8.024243738494285516e-02,3.037532283861537133e-02,-1.222222484712167795e-01
-5.176620483398425288e-03,2.925051879882811789e-01,7.977157775849774701e-01,6.989303619052105176e-01,2.574356941176402652e-02,4.408424123165805009e-03,-7.147126580925677874e-01,-7.042921894584962261e-02,-7.404331935184409186e-02,1.020934011145512299e-01,6.319595318837140097e-01,3.731648331116280137e-02,-5.983608267721020335e-03,-4.334969034556699352e-01,-5.621396248330282064e-02,-4.319167172574993330e-02,7.564920203259182241e-01,-1.212015973779430322e-02,1.439308107871549169e-01,-7.137225524728720016e-02,-9.673684601384046830e-03,1.009395464927652503e-01,8.128630135726815087e-02,4.347649375171213637e-01,-3.219038148488537199e-01,-4.927698905563092091e-01,-1.058465571380398373e-01,-7.980568619292380261e-02,-1.361228430135800471e-01,6.189255177495756044e-01,-5.455495547078288432e-01,3.759514257953621708e-01,-6.331818906786408352e-01,-8.280818134111739282e-02,2.873929657635643578e-02,-1.229201707325042747e-01
-5.331220626831056908e-03,3.005502319335935368e-01,7.935473815888837157e-01,6.981458348221184496e-01,2.286463313713161388e-02,6.305085209982403197e-03,-7.155626092610809508e-01,-6.736289536158134028e-02,-6.860495717843384522e-02,9.715478779251078556e-02,6.217534747365819348e-01,-2.872024979822942331e-03,1.015607440801350901e-03,-4.492357590513791910e-01,-5.828380080312045575e-02,-4.978257079736088386e-02,8.256087691275605378e-01,-3.201253592476565463e-02,1.351972792032841708e-01,-6.993749860903898663e-02,-4.749111580511276506e-03,1.033549687311240278e-01,8.056466705276306428e-02,4.346785611724401921e-01,-3.296090595239732357e-01,-4.625484673604762231e-01,-1.089308960108471974e-01,-8.034086173745057236e-02,-1.352203262760567626e-01,6.074369577614928684e-01,-5.430998978361921692e-01,3.790451964274473284e-01,-6.311255088473560759e-01,-8.655028943044087986e-02,2.730608979048401025e-02,-1.222632637086386587e-01
-5.490856170654284663e-03,3.085388183593744671e-01,7.887571899384930862e-01,6.975486502823213808e-01,1.922212438659437472e-02,8.490716586001239435e-03,-7.162292217965097185e-01,-6.288792701000393837e-02,-6.144914215184214129e-02,9.149729778618341525e-02,6.160735101254766199e-01,-6.298254829007156330e-02,2.258709299355126862e-03,-4.638189274295879683e-01,-5.674565085998411335e-02,-5.302024033561446303e-02,8.968458137176957834e-01,-4.944432773365363409e-02,1.289951260426161761e-01,-6.845733897562941705e-02,1.674917015102101803e-03,1.064505684682652553e-01,7.928351160599511616e-02,4.341863957766702864e-01,-3.377656637969511100e-01,-4.303627109981086329e-01,-1.131020653715054669e-01,-8.142879701871796883e-02,-1.334649439275709393e-01,5.967300434789160057e-01,-5.405094801603821386e-01,3.813494848256853698e-01,-6.285650061149252732e-01,-9.100677998122740087e-02,2.587888344657993805e-02,-1.208618411137742932e-01
-5.740213394165027960e-03,3.164355468749997513e-01,7.834972564668134520e-01,6.972461737217604538e-01,1.557997848485466116e-02,1.024121202713685480e-02,-7.165892512988114582e-01,-5.896696106959457839e-02,-5.457403715549493523e-02,8.647094152665746325e-02,6.137937261499365471e-01,-1.289482412629198438e-01,2.056225798849630609e-03,-4.767576640398600851e-01,-5.449646425156078750e-02,-5.357951015046501925e-02,9.682562044091390652e-01,-6.590069516617477752e-02,1.246608643900053159e-01,-6.728332056499515546e-02,7.460382311447580177e-03,1.100791254364539978e-01,7.769571053629804880e-02,4.332896456069956215e-01,-3.460403221405337626e-01,-3.969026199356898710e-01,-1.185074478033700113e-01,-8.255479793097135477e-02,-1.317426355684104267e-01,5.863762791171875932e-01,-5.376108024320849221e-01,3.829083081938115529e-01,-6.249112116857526988e-01,-9.480175234826455910e-02,2.471445736551463809e-02,-1.192743699113058414e-01
-6.092300415039053618e-03,3.242868041992181816e-01,7.780220977754072065e-01,6.973608254297130049e-01,1.271915162357599091e-02,1.081088111219525270e-02,-7.165258035741237652e-01,-5.755159329400678231e-02,-5.034533127071542935e-02,8.286049584011666302e-02,6.139165624226919915e-01,-1.868882331473484537e-01,4.379555913759847555e-03,-4.874743521662482371e-01,-5.457101249990122666e-02,-5.193392995588067690e-02,1.037836477753526054e+00,-8.293166862168376008e-02,1.214715474533489825e-01,-6.671256822899572503e-02,1.039578839945792116e-02,1.140944822734697023e-01,7.591597037277139637e-02,4.319841044199188018e-01,-3.541656675666082776e-01,-3.627247447650959744e-01,-1.252908933433902194e-01,-8.319084477961716240e-02,-1.309308358094180558e-01,5.759083178625011845e-01,-5.341116965345166223e-01,3.837544263618858920e-01,-6.194260781790474901e-01,-9.660014310017801809e-02,2.407782583156942852e-02,-1.180301840287536624e-01
-6.500902175903322533e-03,3.322171020507811434e-01,7.724231903047040770e-01,6.978766406795386956e-01,1.060668391935352603e-02,9.781849689236002052e-03,-7.160726276480162689e-01,-5.871495297889912229e-02,-4.935040982127456705e-02,8.099079966161298882e-02,6.171679711928172996e-01,-2.353079426543385200e-01,9.917858432666081664e-03,-4.955890161773005564e-01,-5.695600317742222779e-02,-4.719785162155866465e-02,1.106603218226973606e+00,-1.012588544794176260e-01,1.197949667205907148e-01,-6.659628741291086229e-02,9.836227114622278153e-03,1.191104485879585367e-01,7.328168035555404636e-02,4.303086057912967610e-01,-3.623563930264625532e-01,-3.271884972909673839e-01,-1.351548677024607126e-01,-8.300430573449325833e-02,-1.320506512748023664e-01,5.648862320235992218e-01,-5.298303689727894561e-01,3.839720863729020883e-01,-6.109135140051255020e-01,-9.464192033135467030e-02,2.343794973054476663e-02,-1.172697370923427157e-01
-6.924390792846679688e-03,3.402557373046875000e-01,7.667566863984540682e-01,6.987430284984487150e-01,8.899319702593340431e-03,7.630423924551618317e-03,-7.152767009097800166e-01,-6.171898750749298113e-02,-5.047941095451213833e-02,8.028981260215899141e-02,6.239980903276942659e-01,-2.810618362618324539e-01,1.678939667415390788e-02,-5.013157381590667150e-01,-5.985257254798304061e-02,-3.968390550443322284e-02,1.175171636937516917e+00,-1.200501164039397550e-01,1.201070752240785966e-01,-6.674494234129096926e-02,6.927175847382903255e-03,1.249638744921025418e-01,6.986540778428537712e-02,4.282856470151877315e-01,-3.707249675370950515e-01,-2.901446344089660956e-01,-1.474752777919826063e-01,-8.231782585178183675e-02,-1.343576100267959705e-01,5.534690385486306097e-01,-5.247056110500361026e-01,3.835492629083139260e-01,-5.998071811232296158e-01,-9.018113452527896923e-02,2.285415978503293685e-02,-1.166422039597881655e-01
-7.259683609008776850e-03,3.482101440429685724e-01,7.611873046845868407e-01,7.000379714027531453e-01,7.913383152894181219e-03,4.945926519921420815e-03,-7.140446448032874427e-01,-6.707562812933708096e-02,-5.370769585737774493e-02,7.973159696617664050e-02,6.327209492231891108e-01,-3.228305846816627578e-01,2.466507327432945762e-02,-5.050556471335327924e-01,-6.397230356492651648e-02,-3.142810369808909238e-02,1.241037657647442227e+00,-1.384858722131231956e-01,1.216064509325526372e-01,-6.736595317843083186e-02,2.130289194723860354e-03,1.303447751905493779e-01,6.686693212935911068e-02,4.258822937286064758e-01,-3.788779938851062901e-01,-2.529082791637623506e-01,-1.588961888182578996e-01,-8.157908033929019143e-02,-1.360919437045027269e-01,5.421173996403669815e-01,-5.186025960815399127e-01,3.823431705820157789e-01,-5.878403311069305692e-01,-8.641548194434608976e-02,2.347885675755300924e-02,-1.159333856079804714e-01
-7.588624954223632812e-03,3.560974121093751776e-01,7.558320037812665815e-01,7.018457523244209240e-01,7.969713624624815210e-03,2.311862497372060236e-03,-7.122806180858092251e-01,-7.520639454806833657e-02,-5.893712466603173716e-02,7.832835224757320192e-02,6.415369912474478964e-01,-3.591980103054686069e-01,3.302135194038164495e-02,-5.073171749650968732e-01,-7.031966462870194168e-02,-2.423900349733260073e-02,1.301686801956694062e+00,-1.556943299455967322e-01,1.233529425738287971e-01,-6.868041648864382787e-02,-4.137387116722504241e-03,1.339151079748915896e-01,6.544448878898373456e-02,4.230515267615043706e-01,-3.864404880807051357e-01,-2.166992421695750071e-01,-1.660456159397872833e-01,-8.130543016587001015e-02,-1.355147860101484913e-01,5.312634937281870418e-01,-5.113654487118052261e-01,3.802030478532203439e-01,-5.767022157793558756e-01,-8.656076664194059522e-02,2.646540832302963706e-02,-1.149277094396888160e-01
-7.994384765625001110e-03,3.639035034179682881e-01,7.508459655732587779e-01,7.045086455577972417e-01,9.784959956496350197e-03,-3.707521158107561846e-04,-7.096278499578753118e-01,-8.688201019873342812e-02,-6.771362974674510760e-02,7.562991614435729537e-02,6.495246301955401869e-01,-3.897071859350779155e-01,4.235305323747141915e-02,-5.090680369108200320e-01,-8.115817673687923672e-02,-1.797212131069589672e-02,1.357763707224496352e+00,-1.717382341879695462e-01,1.256180483303595552e-01,-7.146525337115046395e-02,-1.312195603915877230e-02,1.347141284331008493e-01,6.506371030607613348e-02,4.197472694216287104e-01,-3.939353158612042272e-01,-1.801467069253026299e-01,-1.675432655176311014e-01,-8.186671060001884936e-02,-1.313226116119424747e-01,5.207753564673476276e-01,-5.027137643432068037e-01,3.771541321829114390e-01,-5.657568197077864625e-01,-9.155943674354215245e-02,3.349397488451694854e-02,-1.136325983402219353e-01
-8.622665405273427508e-03,3.715832519531252487e-01,7.463562957734540815e-01,7.078585035543083492e-01,1.297350881022238389e-02,-3.332771131289729086e-03,-7.062272436345066184e-01,-1.015055044093094577e-01,-7.957993832615382901e-02,7.228891089708087969e-02,6.576042479952124431e-01,-4.151450281703373824e-01,5.242596096129814587e-02,-5.097551032241601776e-01,-9.547026057566819490e-02,-1.178078919139026459e-02,1.410295499715647605e+00,-1.870324497034407396e-01,1.286550660911575938e-01,-7.527489872120912695e-02,-2.465583001061089422e-02,1.335400978051618226e-01,6.519100414974109137e-02,4.159642159080534363e-01,-4.015012658087221409e-01,-1.429162683462631700e-01,-1.653199778499781225e-01,-8.290449559055945716e-02,-1.247222406384809468e-01,5.103724959937606664e-01,-4.925404844794270542e-01,3.731538724439254495e-01,-5.541541151866234971e-01,-9.976307240387342901e-02,4.348194616029536774e-02,-1.120075030750682377e-01
-9.385614395141600452e-03,3.791336059570307171e-01,7.423887054414227693e-01,7.112326190525133374e-01,1.624034805418084551e-02,-6.219647913097514288e-03,-7.027415802915168985e-01,-1.173913411626461706e-01,-9.135717751784555585e-02,6.899640311372963464e-02,6.667421287335389968e-01,-4.359561421849000307e-01,6.162577296280246503e-02,-5.078916849949758339e-01,-1.095837521255189489e-01,-6.286305432283376474e-03,1.457497999149004242e+00,-2.011946272127758673e-01,1.313075075325957075e-01,-7.860741294167455928e-02,-3.618175226199092653e-02,1.317682500205126783e-01,6.705280969469651353e-02,4.117648839145850448e-01,-4.080988721806484421e-01,-1.078868191083531686e-01,-1.609870932621470796e-01,-8.384662955677375795e-02,-1.177401085617429538e-01,5.003176192664362532e-01,-4.811213013291112950e-01,3.680452588167530403e-01,-5.435005905258649683e-01,-1.104492626469121830e-01,5.344279327416855130e-02,-1.098349311848197257e-01
-1.022622108459472767e-02,3.865277099609372158e-01,7.389771453828289927e-01,7.139942631729961908e-01,1.831588517932292853e-02,-8.698012662398862949e-03,-6.998578892045675959e-01,-1.329480227816907667e-01,-9.978931168384792827e-02,6.643536980120623436e-02,6.779342270948778282e-01,-4.525377125566422687e-01,6.837877123402164026e-02,-5.020735426669902246e-01,-1.198936563631447377e-01,-2.147484003981583144e-03,1.497584023277109377e+00,-2.137738434504297402e-01,1.323205577169770386e-01,-8.007725069788784733e-02,-4.511182711825802855e-02,1.309025492582309713e-01,7.208976533876981785e-02,4.072825467829057078e-01,-4.125112390626153314e-01,-7.815730998087774828e-02,-1.561958328528647855e-01,-8.415288248062119392e-02,-1.124171109065602858e-01,4.909861640607710020e-01,-4.690455427674877220e-01,3.617970673610759191e-01,-5.356448635626385180e-01,-1.228145207168933190e-01,6.038690858913960818e-02,-1.070545064946621105e-01
-1.113453865051269864e-02,3.937863159179686434e-01,7.361812774629071798e-01,7.161642769175842194e-01,1.867638864399170234e-02,-1.064996214272147940e-02,-6.976005298741472238e-01,-1.484015065727234406e-01,-1.036682396238937515e-01,6.453384056247542244e-02,6.931115753636354349e-01,-4.649489408537916257e-01,7.206322411683474538e-02,-4.912487313934410516e-01,-1.258642444746458922e-01,-1.942063987009606915e-04,1.530071163094711251e+00,-2.246110116550830149e-01,1.309636951232453494e-01,-7.989270132811121528e-02,-5.050961911320565184e-02,1.317888169804181941e-01,8.136988517514615049e-02,4.025127713767154281e-01,-4.136799638896282993e-01,-5.475638566508479743e-02,-1.497932495715562362e-01,-8.346940281889396462e-02,-1.091394785644237975e-01,4.829959943852634163e-01,-4.566554504075799326e-01,3.539270810578606929e-01,-5.317776502725320986e-01,-1.407478363770003627e-01,6.347838411325838759e-02,-1.031739815783507125e-01
-1.203370094299316406e-02,4.009399414062500000e-01,7.340420715302899968e-01,7.180367390215113277e-01,1.808111103270984565e-02,-1.228312721095378875e-02,-6.956618716194644669e-01,-1.643477770967397278e-01,-1.048070320542349998e-01,6.305736706444604878e-02,7.110856566790814126e-01,-4.729529335369750398e-01,7.350708962844909600e-02,-4.766247397640281935e-01,-1.294723985438787917e-01,2.644854146113837044e-04,1.556090357050517570e+00,-2.338503483828280050e-01,1.278913292091066467e-01,-7.881986489020283149e-02,-5.375323847887928524e-02,1.336022140732402996e-01,9.416271749593935203e-02,3.974615092687635576e-01,-4.122857250699651366e-01,-3.628411407729114496e-02,-1.414748532769186107e-01,-8.214876627911664453e-02,-1.068915730276714382e-01,4.761433779563281621e-01,-4.440931987702554928e-01,3.447326167451844614e-01,-5.311184743206388559e-01,-1.631510397352322617e-01,6.426596393822082975e-02,-9.856387412812064874e-02
-1.297577857971191073e-02,4.079864501953123224e-01,7.325667755097822198e-01,7.194033690266664616e-01,1.711361255821711863e-02,-1.367598460164997677e-02,-6.942469908782210597e-01,-1.798155656063217533e-01,-1.044342018007409778e-01,6.234018160420429916e-02,7.282617036473454375e-01,-4.765440531927084833e-01,7.337348467420894138e-02,-4.601348166313082300e-01,-1.308663127323010655e-01,8.744379503303611068e-04,1.576217144918665936e+00,-2.415596596751046765e-01,1.239662512729796107e-01,-7.632406849446046748e-02,-5.574130637791173404e-02,1.354085006946897651e-01,1.093367862910324950e-01,3.923436453965554738e-01,-4.096585856666932202e-01,-2.236403118850013513e-02,-1.341745005536522095e-01,-8.075755386037647421e-02,-1.055832044072064074e-01,4.696520795891407918e-01,-4.317939507979140501e-01,3.353314705424870756e-01,-5.327957706383904535e-01,-1.816980951908153674e-01,6.343110837980961425e-02,-9.454180300947251370e-02
-1.384385108947752685e-02,4.149334716796877487e-01,7.317483703584150012e-01,7.200522583008773791e-01,1.639302534480194598e-02,-1.493549442787816400e-02,-6.935653862773473177e-01,-1.938708591522647628e-01,-1.037425627247606646e-01,6.273599435328858220e-02,7.410879537873265033e-01,-4.757084070001461606e-01,7.237295722721065472e-02,-4.437662636947719563e-01,-1.301965531038237478e-01,3.250393337566465958e-03,1.591020329502380815e+00,-2.477786517723959137e-01,1.200742194009098013e-01,-7.197277068302088132e-02,-5.736062983922908531e-02,1.363211822297766551e-01,1.260342988849846857e-01,3.875184034267368238e-01,-4.069657520703761633e-01,-1.293833466094542958e-02,-1.308561758600055025e-01,-7.987865317296193035e-02,-1.051035879287583602e-01,4.628385934420352621e-01,-4.203625677961267404e-01,3.269039213564297053e-01,-5.361260508374133815e-01,-1.880081062085980914e-01,6.175564814843111788e-02,-9.243528310476571697e-02
-1.470438003540039396e-02,4.217846679687502487e-01,7.315120117158369073e-01,7.197618704063015738e-01,1.603690823476053295e-02,-1.608825018296845821e-02,-6.938492888873939446e-01,-2.068447466936720880e-01,-1.027423668903202775e-01,6.469706899010968515e-02,7.498980965987135372e-01,-4.698728986461030988e-01,7.019633268243900825e-02,-4.279159862796153013e-01,-1.273903778258822228e-01,7.984159110629582973e-03,1.600721567616666174e+00,-2.526398824313906832e-01,1.157055381101203539e-01,-6.533370401471340350e-02,-5.873413414737854027e-02,1.362904574536245583e-01,1.452505764076355010e-01,3.832658388910825664e-01,-4.038751753908222386e-01,-1.006377965183879487e-02,-1.339944768226260241e-01,-7.972503976417689986e-02,-1.058981141641437418e-01,4.560565755813431044e-01,-4.101776989461138889e-01,3.194373504565204414e-01,-5.420533809634038303e-01,-1.765934783676300079e-01,5.888502135187195091e-02,-9.245571567431881688e-02
-1.549484252929686501e-02,4.285009765624998579e-01,7.319297210664228448e-01,7.187036095130430180e-01,1.575125528005173053e-02,-1.708944657683292290e-02,-6.949280325657640756e-01,-2.190446679782825368e-01,-1.008704838142638477e-01,6.784840058092560244e-02,7.561418025582130609e-01,-4.592236849485970551e-01,6.662953942581985312e-02,-4.117127509298279531e-01,-1.224912037089491146e-01,1.429087110706020285e-02,1.605107056428152434e+00,-2.560674996427972916e-01,1.106362642042878763e-01,-5.698619562815247785e-02,-5.941703435979411863e-02,1.358607643731005732e-01,1.676435870430357522e-01,3.796188686992852945e-01,-3.996997369548135892e-01,-1.389318038370077404e-02,-1.415867812418490079e-01,-7.996648337691003583e-02,-1.078641001574799502e-01,4.496692988375746158e-01,-4.013346741316192734e-01,3.125758153951074814e-01,-5.510802762145959877e-01,-1.528085676537642434e-01,5.462935187547839078e-02,-9.400452608852633007e-02
-1.622358322143555021e-02,4.351574707031247158e-01,7.330050842256025101e-01,7.172498803808039503e-01,1.547814648000296611e-02,-1.788131545283182591e-02,-6.964145996695807472e-01,-2.295338262567343801e-01,-9.840564955945185766e-02,7.138340790120743795e-02,7.580492030845474849e-01,-4.449670851267290561e-01,6.254864896605025204e-02,-3.950996599117947428e-01,-1.158271002925217591e-01,2.160989012667665146e-02,1.604003414928946158e+00,-2.577565420264147922e-01,1.061118227497334365e-01,-4.800674017135870414e-02,-5.945239647576876924e-02,1.350054413385512186e-01,1.918070422183665302e-01,3.765092330242995056e-01,-3.950645264339520679e-01,-2.140590826100831692e-02,-1.498656807355140397e-01,-8.037416785556637799e-02,-1.100611328371951941e-01,4.430468738836849107e-01,-3.939901890128869599e-01,3.069646342098232283e-01,-5.618015894635018936e-01,-1.245634086952324554e-01,5.002087805342819021e-02,-9.717735839039758072e-02
-1.687157630920410600e-02,4.416717529296869671e-01,7.347242919892743584e-01,7.157765569624487956e-01,1.517433754131788243e-02,-1.842264257529127591e-02,-6.979213897164259217e-01,-2.373912025561040195e-01,-9.565945426658437056e-02,7.451701218281085726e-02,7.538420869226152288e-01,-4.282490823673584246e-01,5.892101178637732667e-02,-3.780691035899769736e-01,-1.076666336059093204e-01,2.937441316451091036e-02,1.597287632313367345e+00,-2.574204614256507817e-01,1.034193661445348689e-01,-3.941703593515703125e-02,-5.884400262379158031e-02,1.336643041613800043e-01,2.161432675363522127e-01,3.737838839440179028e-01,-3.906402214999015188e-01,-2.932879723918078996e-02,-1.550130755786657821e-01,-8.075247495225316985e-02,-1.115287383172951785e-01,4.356407611890646958e-01,-3.883158618152656172e-01,3.031640052306804334e-01,-5.728770474709299343e-01,-9.976816876528925293e-02,4.609006322004982614e-02,-1.021623241667124760e-01
-1.748335838317871538e-02,4.480984497070314987e-01,7.370578948945477604e-01,7.141835511444410978e-01,1.477986164786500127e-02,-1.872882386530455578e-02,-6.995517437052156673e-01,-2.417951394977837232e-01,-9.266152839037249123e-02,7.748138410415314481e-02,7.423132098288115488e-01,-4.094322164627095528e-01,5.626312317234374166e-02,-3.602871830251756502e-01,-9.739317707905294219e-02,3.810043459661034693e-02,1.584620660920923019e+00,-2.547536157818959812e-01,1.029626675844947659e-01,-3.113652026660466282e-02,-5.745192103108389542e-02,1.317491753171176339e-01,2.408721919360366226e-01,3.712936656205648722e-01,-3.864142208754626773e-01,-3.752456146458556935e-02,-1.560018569597981242e-01,-8.119556168945696317e-02,-1.119922907853078548e-01,4.270926795648645191e-01,-3.845046735941481386e-01,3.019033015520873331e-01,-5.842068697635437458e-01,-7.814982949970369908e-02,4.320204072683602597e-02,-1.106454620894458812e-01
-1.804475784301756702e-02,4.545330810546870381e-01,7.399764434785321976e-01,7.123343459274414924e-01,1.432461566494704075e-02,-1.879983081000393200e-02,-7.014421938832101633e-01,-2.434423288859384471e-01,-8.933876881509643375e-02,8.063671424428538181e-02,7.246588553790385134e-01,-3.878710646553948371e-01,5.403790691586730921e-02,-3.418203603553067182e-01,-8.513949965348106830e-02,4.795611166041685580e-02,1.566210997784057035e+00,-2.500207889959704111e-01,1.039837742087032918e-01,-2.282024629233743787e-02,-5.527930725293331987e-02,1.292554366645633779e-01,2.665937374412077898e-01,3.689331601671201333e-01,-3.820357133809844652e-01,-4.739086409287820989e-02,-1.548403228893033556e-01,-8.177947904400417745e-02,-1.119933728894440955e-01,4.177999706685935899e-01,-3.825917054674997653e-01,3.027843437584941122e-01,-5.964602679364352511e-01,-5.620911919462853734e-02,4.061996397952132715e-02,-1.220778748354918175e-01
-1.856837272644043524e-02,4.610589599609369316e-01,7.433825103730634654e-01,7.105523453224915631e-01,1.393729724602682692e-02,-1.860911456884214651e-02,-7.032601347703040240e-01,-2.436943544299264020e-01,-8.586963545677261944e-02,8.342633681960098802e-02,7.027825843752761870e-01,-3.632730574029024995e-01,5.162104129021714144e-02,-3.231580782625069759e-01,-7.229670902817879330e-02,5.780993692988698612e-02,1.542707346879150121e+00,-2.438670023995336833e-01,1.059884436795807128e-01,-1.497925235145874251e-02,-5.249709360029242849e-02,1.262606331823833139e-01,2.920624196443500353e-01,3.665937382910394171e-01,-3.777986299157954364e-01,-5.774736862153224265e-02,-1.522454371706082610e-01,-8.228889876475928289e-02,-1.117637992609537695e-01,4.084547448151301663e-01,-3.823640796264546893e-01,3.045887349523758725e-01,-6.094022334058236678e-01,-3.700391927674014092e-02,3.789847207688656905e-02,-1.333435684953994949e-01
-1.914617538452148549e-02,4.674996948242187145e-01,7.472512237519696177e-01,7.091635426326325931e-01,1.372143246080831901e-02,-1.810290840667898651e-02,-7.046779951149156895e-01,-2.439743401485313379e-01,-8.240427899095012498e-02,8.525075741197869761e-02,6.786083256118756735e-01,-3.353091652346466001e-01,4.839738849118633418e-02,-3.048903453004130348e-01,-6.020256691354396172e-02,6.647838518595088064e-02,1.514746299597575119e+00,-2.368877797866587864e-01,1.084814196232518624e-01,-7.962240567751336165e-03,-4.929207393635590823e-02,1.228422417814027390e-01,3.157810252999324607e-01,3.641928459187035449e-01,-3.741440675417520012e-01,-6.716386499500090479e-02,-1.489020844554879430e-01,-8.250054437117311512e-02,-1.115178649160552538e-01,3.997973706731701160e-01,-3.834627643905850758e-01,3.059098968362580773e-01,-6.227757664393526182e-01,-2.367918041310915905e-02,3.478343809852437601e-02,-1.412326190300343121e-01
-1.981486320495606801e-02,4.740350341796872868e-01,7.514862243623212645e-01,7.081888365065408530e-01,1.372145289346629257e-02,-1.722926512896398588e-02,-7.056794215514012869e-01,-2.439792619770219662e-01,-7.901543950486430989e-02,8.596239621585760604e-02,6.512409869819514308e-01,-3.036527323278238599e-01,4.450189912186833241e-02,-2.869484129497889002e-01,-4.848162855286308748e-02,7.413161032271473050e-02,1.481625360915403755e+00,-2.291604217899164686e-01,1.118919238813426698e-01,-1.542531592223474451e-03,-4.556487968549072232e-02,1.187411369182365256e-01,3.374789062008484164e-01,3.617194002093622185e-01,-3.713707568136254689e-01,-7.495717898417607328e-02,-1.444725784402664803e-01,-8.226710658371888529e-02,-1.109690880206676833e-01,3.919136486287416732e-01,-3.856958259020492608e-01,3.063928468935773752e-01,-6.366315339452076616e-01,-1.915678622976732179e-02,3.165386029150531189e-02,-1.446410550729615163e-01
-2.053004264831542747e-02,4.807073974609377132e-01,7.560063354463055774e-01,7.074748802377459622e-01,1.387431551682982191e-02,-1.602318866786365398e-02,-7.064205932915889052e-01,-2.432181587968122727e-01,-7.574712547560422116e-02,8.593745371551735068e-02,6.200799832365997410e-01,-2.685368124974530368e-01,4.017004078763746627e-02,-2.690715639269716242e-01,-3.671181399180936666e-02,8.130416131150380865e-02,1.443291891702396690e+00,-2.204519095008730667e-01,1.161787719194938562e-01,4.555121724810610485e-03,-4.128065313187602448e-02,1.139653104555296143e-01,3.576006849740434035e-01,3.591995811017953955e-01,-3.693564025107287097e-01,-8.165208746190112665e-02,-1.387081992345592374e-01,-8.172568101514070260e-02,-1.100915993046179958e-01,3.844610578161408720e-01,-3.890182870260232573e-01,3.066382052798227731e-01,-6.509986829218969984e-01,-2.113715199081072152e-02,2.863525749964505526e-02,-1.452950823035613348e-01
-2.127362251281737782e-02,4.875085449218747868e-01,7.607077209443524612e-01,7.070889835053512096e-01,1.412141928291897781e-02,-1.457056168685999867e-02,-7.068333987970111254e-01,-2.427925253521284188e-01,-7.261110740364529192e-02,8.523867275223788453e-02,5.875156475061820149e-01,-2.304436576691528127e-01,3.496114577763317910e-02,-2.515358482331028767e-01,-2.603375000176789966e-02,8.728951839913531852e-02,1.401231481311265403e+00,-2.109422561785791739e-01,1.202980578774780901e-01,1.006342011401288594e-02,-3.671309506348032631e-02,1.090238941347104751e-01,3.757259292560045094e-01,3.566537914949589050e-01,-3.678993318379937816e-01,-8.761620214720662603e-02,-1.324080423457332512e-01,-8.109682841367163442e-02,-1.094960022067164307e-01,3.774556203579009783e-01,-3.932668373043979315e-01,3.066706858572023631e-01,-6.652915855922065802e-01,-2.497309072605066738e-02,2.514004717696719654e-02,-1.442071662209157001e-01
-2.207850456237793468e-02,4.944522094726560013e-01,7.655459777802899879e-01,7.070978546302002510e-01,1.441276005452772971e-02,-1.295946104773308336e-02,-7.068500185289176008e-01,-2.437250547714689686e-01,-6.951141661473737854e-02,8.381307560190416617e-02,5.558899323941943749e-01,-1.898355182953136988e-01,2.843028952294934103e-02,-2.346629736825565360e-01,-1.746891845273640040e-02,9.127029153702276298e-02,1.356931359704220297e+00,-2.007396896899510674e-01,1.232953118019279454e-01,1.474946108041069216e-02,-3.212532608234654197e-02,1.044283636743930654e-01,3.913514955299668419e-01,3.541035862051148397e-01,-3.668513314353412658e-01,-9.314739663820117976e-02,-1.263707809114766878e-01,-8.060281296889464098e-02,-1.097822047881169688e-01,3.709244412173055006e-01,-3.981931163846145205e-01,3.064819983117692548e-01,-6.789905701713548902e-01,-2.604002271509956584e-02,2.058270103002491497e-02,-1.423435734588062440e-01
-2.302761077880859097e-02,5.015710449218744316e-01,7.704520599336103226e-01,7.075947532774562454e-01,1.467742307252202331e-02,-1.115644352170598076e-02,-7.063779244527060852e-01,-2.461233727831582119e-01,-6.618041035874565325e-02,8.136999862154753460e-02,5.254392252945269126e-01,-1.459275896244840720e-01,2.125343455222484385e-02,-2.181979389449699991e-01,-1.123165275817678520e-02,9.239368841803219379e-02,1.309521934034747037e+00,-1.900190222128683992e-01,1.250282492162331227e-01,1.845062077842266057e-02,-2.736009027754071274e-02,1.002490820233715302e-01,4.043090118829903989e-01,3.516044317958916809e-01,-3.662776591635032442e-01,-9.808460671552300669e-02,-1.201087158335754773e-01,-8.028398669311583025e-02,-1.112968975061065097e-01,3.645358903831830144e-01,-4.036606918790445753e-01,3.059002975253720669e-01,-6.918543623435464696e-01,-2.333254057037056906e-02,1.458780746336050052e-02,-1.388155579275079099e-01
-2.402633666992187722e-02,5.089901733398436434e-01,7.753165618867352560e-01,7.085169669199891107e-01,1.494612909053287010e-02,-9.115723274705956822e-03,-7.054765938008766835e-01,-2.495070862372309184e-01,-6.267668108398880000e-02,7.785079525764250497e-02,4.950489589468559104e-01,-9.875730896911917578e-02,1.336896550687652167e-02,-2.020599789092072107e-01,-6.584099268845180868e-03,9.115183953134842199e-02,1.258555003750933654e+00,-1.786644686047539343e-01,1.261095679543061954e-01,2.136108995114635589e-02,-2.236940854792552821e-02,9.623480205450431202e-02,4.148640650673513508e-01,3.492212196088784193e-01,-3.662107432399818174e-01,-1.023125970153091896e-01,-1.134150849368628783e-01,-8.003315146367770416e-02,-1.136499940368765615e-01,3.582679243470807684e-01,-4.096446579392623022e-01,3.049784146144686736e-01,-7.040165496097287035e-01,-1.928361930650974998e-02,7.563901280041867778e-03,-1.334054875412724883e-01
-2.516065597534179743e-02,5.163958740234377842e-01,7.800781433076336979e-01,7.096951010880708788e-01,1.535646059276324707e-02,-6.957894194123992980e-03,-7.043071988259378413e-01,-2.539965966721359214e-01,-5.933751192308549943e-02,7.340091426873328329e-02,4.651404907391980537e-01,-5.006777330510002455e-02,3.181232571561088372e-03,-1.867769684075338277e-01,-3.071190085821621629e-03,8.869464109201390112e-02,1.206087962975031624e+00,-1.663553420688461959e-01,1.267853350060688666e-01,2.377231292732483181e-02,-1.754806738898509119e-02,9.243467922084451505e-02,4.232003335335293714e-01,3.469694132612478610e-01,-3.664705704057261704e-01,-1.062194292794358952e-01,-1.075058591112033612e-01,-7.984870157766844889e-02,-1.163364746347163026e-01,3.525972623408886730e-01,-4.160180593154774731e-01,3.040978087403749530e-01,-7.154843925395901749e-01,-1.444792805045941493e-02,1.008493827836072298e-04,-1.280930386560888978e-01
-2.642401695251464511e-02,5.239871215820315342e-01,7.845967285127118940e-01,7.109583517725729385e-01,1.601059153838855706e-02,-4.780338079542274972e-03,-7.030355832895391899e-01,-2.595788926582996425e-01,-5.653115338557251207e-02,6.804222288501808602e-02,4.359226493165542227e-01,-1.462422724886186564e-03,-1.094458972945501832e-02,-1.729022553526483874e-01,-3.038679837844723256e-04,8.618710910238114309e-02,1.154129057357554666e+00,-1.527039526183997242e-01,1.271972222375640227e-01,2.597278914165424002e-02,-1.328387372452478898e-02,8.888257640053941200e-02,4.294917567947784121e-01,3.448394134421139956e-01,-3.668751900862160520e-01,-1.101547016837238629e-01,-1.035867397291426045e-01,-7.971897823568473151e-02,-1.188566375721457624e-01,3.479128684417059358e-01,-4.226115118037840901e-01,3.036530639403817178e-01,-7.261371667087702653e-01,-9.441650931313036454e-03,-7.235958800514039405e-03,-1.248468746003658647e-01
-2.771745681762695368e-02,5.319088745117186434e-01,7.887484161347821932e-01,7.123312129075642929e-01,1.704170687309258109e-02,-2.587181899928727054e-03,-7.016317622758440065e-01,-2.665987988960385469e-01,-5.473240833182090037e-02,6.091609765433204926e-02,4.062836773986968075e-01,5.042549075260102653e-02,-2.951391907695206929e-02,-1.606804389125716659e-01,1.252752307586828175e-03,8.323134165425118136e-02,1.102359729403429744e+00,-1.375173087260459504e-01,1.272175832486177882e-01,2.784577352046868626e-02,-9.817969225317167009e-03,8.557091013798902301e-02,4.337290147928926642e-01,3.428005023566417231e-01,-3.672578709780083273e-01,-1.142493697726087026e-01,-1.019625886871142473e-01,-7.958676954484615595e-02,-1.212917907576983312e-01,3.438964295005539906e-01,-4.292691051421014814e-01,3.038126044873065146e-01,-7.357016582761617407e-01,-3.938687315502406930e-03,-1.484232114873012577e-02,-1.244606035663022303e-01
-2.915605545043944979e-02,5.396365356445311789e-01,7.926007263154462024e-01,7.138689508811136841e-01,1.830292057098168931e-02,-3.116000335628369561e-04,-7.000400181217422135e-01,-2.746671767753280369e-01,-5.355717342669799597e-02,5.170763056506708782e-02,3.761726986379300142e-01,1.052681497879411482e-01,-5.195475173385696172e-02,-1.496996475637717983e-01,1.774005709736297233e-03,7.931862413988674532e-02,1.049874833909279381e+00,-1.209829146039851366e-01,1.268758547623943245e-01,2.930939615921562130e-02,-6.840533514523699891e-03,8.251074756598027193e-02,4.358499563532087229e-01,3.408695398854052483e-01,-3.677138731516769177e-01,-1.182655242250925803e-01,-1.019694251417943148e-01,-7.945973924589824766e-02,-1.238436069864419647e-01,3.402840691878237789e-01,-4.359516741420149111e-01,3.043982846243982743e-01,-7.441014043672349310e-01,2.131372171524723112e-03,-2.285010887583905498e-02,-1.257317303511882034e-01
-3.053803443908691129e-02,5.477227783203124645e-01,7.959650604218915237e-01,7.154410524578309616e-01,1.950659824654825750e-02,2.019134659735598303e-03,-6.983978208572136914e-01,-2.826557931078013675e-01,-5.211031293008722143e-02,4.140242998977542582e-02,3.471871256321416577e-01,1.559771780041749045e-01,-7.816605408043024450e-02,-1.395914440464819939e-01,2.572826153213282618e-03,7.557784773678254131e-02,9.978714049425844168e-01,-1.033257606460919048e-01,1.265398910986901548e-01,3.074210203559272700e-02,-3.860803044829711015e-03,7.979091198080566494e-02,4.359375195217812804e-01,3.391113824634087726e-01,-3.684962518954683630e-01,-1.220492270011495906e-01,-1.033871002426532404e-01,-7.941495933327982759e-02,-1.261776602297434990e-01,3.376350957156093457e-01,-4.426915946611489350e-01,3.052490628215754342e-01,-7.515712390328453951e-01,7.772078568166145181e-03,-3.031397975139552697e-02,-1.276800396498602164e-01
-3.197672843933105358e-02,5.558374023437497868e-01,7.988057128877118496e-01,7.169202735254197600e-01,2.037384984756733172e-02,4.377892911492880720e-03,-6.968436422213248882e-01,-2.895094567342877956e-01,-4.951075321965529158e-02,3.146635433397580034e-02,3.209763992442214997e-01,1.955589241515011678e-01,-1.076962919858884676e-01,-1.299580835321360039e-01,4.855753117670306637e-03,7.319766544135078434e-02,9.474385977697590278e-01,-8.471464637097285422e-02,1.264944758862240337e-01,3.253269116574977055e-02,-3.972789652822974397e-04,7.749005315454780829e-02,4.341022185468466632e-01,3.376184103679603088e-01,-3.698675570887602904e-01,-1.254851292905154181e-01,-1.060141436528163339e-01,-7.953714459822419647e-02,-1.279579763519232971e-01,3.366119138949202338e-01,-4.495530424560992833e-01,3.061822729193242609e-01,-7.585110870177953490e-01,1.203127535497798724e-02,-3.627698266196749399e-02,-1.293760336798884247e-01
-3.348295211791992021e-02,5.639227294921873579e-01,8.009597198457196754e-01,7.182652814276363484e-01,2.069985641084927733e-02,6.973930968161368496e-03,-6.954263913075918735e-01,-2.937091203403141004e-01,-4.496540272066196914e-02,2.162303943726117533e-02,2.937891087799329726e-01,2.246324792048825514e-01,-1.458962871443495735e-01,-1.205348990569737044e-01,9.488908338804658699e-03,7.248100008922611637e-02,8.972744665819856191e-01,-6.257645380636377153e-02,1.284191447001777620e-01,3.501214953436421889e-02,4.122604352491037426e-03,7.560741885029907683e-02,4.301547201111484142e-01,3.364963381918531504e-01,-3.721004266140067185e-01,-1.283538117902878750e-01,-1.107938936156817322e-01,-8.000051031600691198e-02,-1.289981960767704328e-01,3.379155526731123516e-01,-4.566483294642317836e-01,3.068667910519564668e-01,-7.655843828773527537e-01,1.481383632814002593e-02,-4.031147528890207526e-02,-1.306657604386129157e-01
-3.504523277282714511e-02,5.719317626953124289e-01,8.024646942109540104e-01,7.195301441673178644e-01,2.061511888457377706e-02,9.765152534069721640e-03,-6.940864717770547365e-01,-2.963207088599508210e-01,-3.896285239456905025e-02,1.178544223917608186e-02,2.663464766460777455e-01,2.461497883413871490e-01,-1.909472057623715080e-01,-1.114287065165463775e-01,1.575904975328654145e-02,7.292376568584756080e-02,8.470077623940724942e-01,-3.753794988527760917e-02,1.315818209311316600e-01,3.804482666131255714e-02,9.410867686630984552e-03,7.418393354836025355e-02,4.241225829635757449e-01,3.357730213899491334e-01,-3.750752181509834360e-01,-1.308910021598997664e-01,-1.175570357405135019e-01,-8.070877714377099055e-02,-1.294858969203137311e-01,3.413244774082300759e-01,-4.640291174314055689e-01,3.072831218917271845e-01,-7.727085376313133080e-01,1.661076711213419627e-02,-4.299125207708492241e-02,-1.320478063881216080e-01
-3.660834312438965288e-02,5.800457763671875711e-01,8.033786193818525101e-01,7.207731129372537682e-01,2.053701369665043158e-02,1.225720451427094078e-02,-6.927583356933785241e-01,-3.007058136990015118e-01,-3.285188221534224989e-02,4.467803774997960130e-03,2.477010195272671966e-01,2.564529207015152079e-01,-2.312732999290882940e-01,-1.032861591253641520e-01,2.194967431611340863e-02,7.449962346747322772e-02,7.997486095731960454e-01,-1.474202999205447701e-02,1.326961700252987375e-01,4.112278984636238977e-02,1.424865857377146695e-02,7.323633146559946350e-02,4.164342679822005677e-01,3.353773377952294910e-01,-3.783797023836618645e-01,-1.336178068447776146e-01,-1.244238678762062539e-01,-8.133896492211782625e-02,-1.296703886942250361e-01,3.458695242199335551e-01,-4.715788881767575269e-01,3.078802688420044786e-01,-7.788644360761448615e-01,1.737361719239220378e-02,-4.484568884193842336e-02,-1.336097015357313456e-01
-3.809527397155762496e-02,5.882763671874995381e-01,8.038089935273603492e-01,7.220911333015149758e-01,2.104706116169279342e-02,1.389332012779643036e-02,-6.913381170452099767e-01,-3.103319328422809442e-01,-2.835409717445352973e-02,2.172754538954746548e-03,2.469717686059063888e-01,2.517460644148593607e-01,-2.553033421363966049e-01,-9.712120765770242137e-02,2.591118774570510055e-02,7.701675476799196840e-02,7.591768079543835812e-01,3.566032293065286136e-04,1.285226723954183137e-01,4.354139207461829586e-02,1.704505913523719426e-02,7.265097595974860656e-02,4.075076593498279665e-01,3.351821576249789381e-01,-3.815027247340104233e-01,-1.369416659774824185e-01,-1.294856630461939384e-01,-8.157901052612012704e-02,-1.298140397636396715e-01,3.502985240896719921e-01,-4.790527720062326411e-01,3.092903203446907279e-01,-7.827417722759129060e-01,1.699625449336367861e-02,-4.640576884712607764e-02,-1.354177579210423532e-01
-3.962982177734375444e-02,5.965765380859373579e-01,8.037137786836102693e-01,7.235431989188982893e-01,2.225905757555263209e-02,1.465699299734154332e-02,-6.897644135575070612e-01,-3.270895371223792591e-01,-2.578777202363807808e-02,5.076051542916759120e-03,2.687481195099920006e-01,2.245809396320711526e-01,-2.565921107093617204e-01,-9.391617577646113602e-02,2.771136920543110574e-02,8.116645832417995754e-02,7.269004340972524680e-01,7.735780257580718300e-03,1.159818237307110589e-01,4.516326371664355216e-02,1.753490760642505489e-02,7.215943364652167846e-02,3.972347735456369100e-01,3.351083825574971975e-01,-3.844842881484848429e-01,-1.407302609114327863e-01,-1.319370373218145542e-01,-8.126026104482839130e-02,-1.299631327696620375e-01,3.542355505498581691e-01,-4.863314058522872352e-01,3.119445123513686080e-01,-7.839551949850694923e-01,1.479644586747315416e-02,-4.772827463453226116e-02,-1.380915429939030825e-01
-4.111182212829589400e-02,6.049902343750002132e-01,8.030121795625165815e-01,7.250875298236713062e-01,2.386661629965917963e-02,1.487088466766018323e-02,-6.880823464599367112e-01,-3.489568545870788685e-01,-2.413898391388856132e-02,1.161891164859704326e-02,3.076182774679876442e-01,1.790157161167177935e-01,-2.425974149950479719e-01,-9.322893842085434868e-02,2.839180152228436629e-02,8.653837057697900959e-02,7.011885402628448283e-01,9.556784717013494176e-03,9.748536886080177988e-02,4.619247564989834715e-02,1.659267537817387186e-02,7.177846317739636217e-02,3.854865783780276334e-01,3.351259405697721849e-01,-3.874446283592550277e-01,-1.447574510807770054e-01,-1.328471968561323047e-01,-8.058036803471399501e-02,-1.300022805047842678e-01,3.580196687142771506e-01,-4.933780854407516792e-01,3.156242772798108498e-01,-7.828379399176977893e-01,1.098766166286743555e-02,-4.853690487560300554e-02,-1.413593299337290721e-01
-4.259235382080078791e-02,6.134521484375001776e-01,8.017640869111493096e-01,7.266690032363978258e-01,2.579119392563567620e-02,1.451204789794030905e-02,-6.863500378940168289e-01,-3.732364265175448503e-01,-2.295740648226391248e-02,2.151326346329849107e-02,3.572112671113384375e-01,1.287133635788327291e-01,-2.227064385621367326e-01,-9.389750948011105214e-02,2.741503847838125396e-02,9.137125883425065154e-02,6.805993448626731501e-01,3.780909900187969571e-03,7.808959993254663279e-02,4.646452186573596377e-02,1.438817199112841019e-02,7.182208419139145261e-02,3.726035003176015881e-01,3.351963471517976911e-01,-3.900167200779190990e-01,-1.492422665799941761e-01,-1.330895358227717207e-01,-7.976047692930939015e-02,-1.299502173331972821e-01,3.613853267372379441e-01,-5.000653493763530522e-01,3.199582963316556783e-01,-7.791287661913595120e-01,6.774416079135024173e-03,-4.885105017832796354e-02,-1.438804580382349041e-01
-4.404963493347167913e-02,6.220568847656249289e-01,7.999951354951336802e-01,7.282337545346915242e-01,2.804481982799068504e-02,1.346885599010701901e-02,-6.846222876560770221e-01,-3.970913074811230348e-01,-2.165444140116305760e-02,3.543229566387980090e-02,4.109901671662097855e-01,8.737013515728493662e-02,-2.059579972606113141e-01,-9.468016747658287990e-02,2.393328115357776231e-02,9.415732617387993775e-02,6.635259232544263863e-01,-1.149182619724477619e-02,6.296567095620476950e-02,4.577423367459668851e-02,1.081240494962720095e-02,7.258444749932108087e-02,3.589410105731124512e-01,3.352922355409022614e-01,-3.917858207143256055e-01,-1.543795210601918433e-01,-1.335321862276625249e-01,-7.902584341253544864e-02,-1.298327479478917912e-01,3.639618864987871349e-01,-5.061940032315610516e-01,3.246468266611655662e-01,-7.724139609601616829e-01,3.354001667018455778e-03,-4.870921599666464680e-02,-1.443056726038982607e-01
-4.556825637817382701e-02,6.307312011718746447e-01,7.977247039765790193e-01,7.297824560026563434e-01,3.106640066987147869e-02,1.146519453898627028e-02,-6.828769984223609368e-01,-4.201164938248881375e-01,-2.006928625061200552e-02,5.612457020967417942e-02,4.683996662244946374e-01,5.895881038198776819e-02,-1.936398997323483528e-01,-9.508405411878688429e-02,1.655906016224753530e-02,9.509653322293863675e-02,6.495445967621829020e-01,-3.953952488739124332e-02,5.340406616339604673e-02,4.396214383338432896e-02,4.776424063442811369e-03,7.392827771952811822e-02,3.444629459224588519e-01,3.354216691582301846e-01,-3.925826333310311056e-01,-1.600306353787616653e-01,-1.340008298211032844e-01,-7.843719097972755294e-02,-1.297381319038119485e-01,3.654605658208895935e-01,-5.116136519847314101e-01,3.297664533159181399e-01,-7.625018347123578843e-01,1.181932780660355274e-03,-4.822310165741142823e-02,-1.414727239752311683e-01
-4.716058731079102173e-02,6.394671630859374289e-01,7.950425903291180596e-01,7.313027789390581512e-01,3.459199428776280755e-02,8.678683787337966929e-03,-6.811199012618305293e-01,-4.430312357335870477e-01,-1.750466454114649531e-02,8.238005382093242790e-02,5.316804354331959859e-01,3.638373223500722398e-02,-1.809663484486242202e-01,-9.556169313919241071e-02,6.404958150821707212e-03,9.497730978173489491e-02,6.389683203741177708e-01,-7.805952441887627213e-02,4.679953083433926325e-02,4.127768607214763602e-02,-3.122267495447085886e-03,7.580408255041379273e-02,3.290409024925715631e-01,3.356051381691997904e-01,-3.926396881442787978e-01,-1.661465134238450936e-01,-1.341458963525412884e-01,-7.786823109686993871e-02,-1.296240903451573723e-01,3.660283912397334638e-01,-5.162838389038028053e-01,3.354920582869631018e-01,-7.494714334097709596e-01,-4.721824230320971179e-04,-4.734780856556076306e-02,-1.363034147779913774e-01
-4.870607376098633201e-02,6.482647705078123934e-01,7.918781463593915770e-01,7.327533302146638228e-01,3.774485398042153050e-02,5.575992597455049077e-03,-6.794238672315461303e-01,-4.650006025996507031e-01,-1.290866633258955232e-02,1.096858800666994094e-01,5.992472794991898777e-01,1.654912470094763166e-02,-1.675313623721324807e-01,-9.635628918774787055e-02,-4.234135429549530476e-03,9.313421416636084860e-02,6.315029362980999483e-01,-1.206765499790655727e-01,4.229118480614672826e-02,3.806968887650721833e-02,-1.088365504928013976e-02,7.858008806690534864e-02,3.127879950722723956e-01,3.358501474895947414e-01,-3.921443462492703036e-01,-1.729314459843879770e-01,-1.345748686120842030e-01,-7.726473114811532872e-02,-1.293196909609755363e-01,3.659767644004594533e-01,-5.201899032230586917e-01,3.416520058956593608e-01,-7.333868280892417157e-01,-2.207594016084894056e-03,-4.589030679650057953e-02,-1.305716592666623932e-01
-5.006093025207519753e-02,6.570806884765625355e-01,7.882510559052899879e-01,7.341077501868328303e-01,3.967121760536519715e-02,2.619104542187312978e-03,-6.778680888644424973e-01,-4.853669892675127051e-01,-5.721601185740882514e-03,1.334581720500732094e-01,6.696842826135034343e-01,-3.637525866148879575e-03,-1.531295860630835781e-01,-9.784443893847306895e-02,-1.316737893107362486e-02,8.887995491600290954e-02,6.272306669951904778e-01,-1.612372862104204663e-01,3.872861175565889269e-02,3.467822965121415690e-02,-1.654842656924683519e-02,8.261828428251266621e-02,2.958118406632393449e-01,3.361566796661225598e-01,-3.913093807351161746e-01,-1.805975778309703295e-01,-1.359009697777495140e-01,-7.657021227886923187e-02,-1.286543627234690568e-01,3.656733563632927897e-01,-5.233323336346894505e-01,3.480437332290204910e-01,-7.143508710035899600e-01,-4.603572588444748877e-03,-4.365727844629221921e-02,-1.260579009724594191e-01
-5.133655548095703014e-02,6.658911132812495026e-01,7.843014709443524302e-01,7.354357156704419696e-01,4.009916586542115052e-02,-3.673798885602541642e-04,-6.764068524528856763e-01,-5.039400152223654228e-01,4.799953894286497318e-03,1.543644763220396454e-01,7.448153836576407727e-01,-2.479280694096591686e-02,-1.363311585317810715e-01,-9.987231256175575778e-02,-2.070712380707033853e-02,8.072423552495588961e-02,6.272413135036276621e-01,-1.999815012095921829e-01,3.613123894277971149e-02,3.093773424611951858e-02,-1.986511938004295943e-02,8.856477114237300274e-02,2.780091855869243345e-01,3.365306513649473641e-01,-3.902066991669986828e-01,-1.893302454768613363e-01,-1.387050157540035966e-01,-7.579882387337753824e-02,-1.275272168752263624e-01,3.651968465709132250e-01,-5.257081805322592061e-01,3.546913956438940696e-01,-6.919905154784945500e-01,-7.930586752838392206e-03,-4.097293064079840508e-02,-1.228381228043680246e-01
-5.262315750122070757e-02,6.747454833984374289e-01,7.800621978730634121e-01,7.367222251384234477e-01,3.950401364604618631e-02,-3.541351268258181167e-03,-6.750312990700043647e-01,-5.206521536754493695e-01,1.837369364631175755e-02,1.739973185585809434e-01,8.242835057199363602e-01,-4.526784210009380388e-02,-1.172732225148589574e-01,-1.024654965844301602e-01,-2.776933857120684676e-02,6.933301953057403877e-02,6.314686754848831685e-01,-2.397103960661540745e-01,3.456045483328958057e-02,2.680955932625489133e-02,-2.184791114874663071e-02,9.605396849070516052e-02,2.593551763547790046e-01,3.369839133716903135e-01,-3.887363116320710632e-01,-1.989508668329970087e-01,-1.425221206412852770e-01,-7.497510875158180932e-02,-1.260397076603366195e-01,3.644570887674554727e-01,-5.273230987825444638e-01,3.616221504634410389e-01,-6.664284930669556184e-01,-1.184378510541174781e-02,-3.782119064293752025e-02,-1.200724391650727640e-01
-5.387619018554687389e-02,6.835699462890625355e-01,7.756170837373211890e-01,7.378404266737474959e-01,3.821478168242610496e-02,-6.439360379961976688e-03,-6.738617587196675807e-01,-5.354875570371563365e-01,3.314078831175412687e-02,1.893568792012467750e-01,9.038352639599874783e-01,-6.484945368710130775e-02,-9.864483995212065814e-02,-1.062488555306245197e-01,-3.318869759972136596e-02,5.737539532470094933e-02,6.382447417728259742e-01,-2.782659933330627888e-01,3.300186533928312765e-02,2.278269553348077556e-02,-2.251534425333103287e-02,1.039222792778385224e-01,2.399444272655539834e-01,3.375048417935330725e-01,-3.869180276173432853e-01,-2.090053421345934304e-01,-1.463942906664673638e-01,-7.407257630609526133e-02,-1.243155963760587956e-01,3.636141994584973225e-01,-5.281661975310129042e-01,3.686299615694636489e-01,-6.385015320656719506e-01,-1.600272494400128281e-02,-3.349955644746482886e-02,-1.181649077390443531e-01
-5.512201309204101118e-02,6.923321533203123934e-01,7.710218231172040193e-01,7.386797099941387890e-01,3.657031818897340386e-02,-8.591233786906056144e-03,-6.730089810489537916e-01,-5.489716043189215577e-01,4.664742189936945532e-02,1.977030087776986411e-01,9.796825608626805737e-01,-8.337813082566090939e-02,-8.361872446304834117e-02,-1.118937791663375397e-01,-3.592527787373961390e-02,4.761951269686497817e-02,6.459183610818993726e-01,-3.134933000762958333e-01,3.067413716919081129e-02,1.912704581931333817e-02,-2.186933331998560867e-02,1.109795181082775944e-01,2.200771000440072678e-01,3.381160037377038963e-01,-3.845889904503120293e-01,-2.192016254379144102e-01,-1.493768489186154402e-01,-7.305571781328608350e-02,-1.225054682849256726e-01,3.625913143437810016e-01,-5.282995930457428102e-01,3.757337134244683741e-01,-6.089751338845681428e-01,-2.003802391305028324e-02,-2.729184615845848400e-02,-1.175885214802194906e-01
-5.633712768554687000e-02,7.010601806640623934e-01,7.664709655732587779e-01,7.391873005844998845e-01,3.430795767201499230e-02,-9.827883126680612980e-03,-6.725537238081608082e-01,-5.619799621130557865e-01,5.788150066520651033e-02,1.971619741628729272e-01,1.052818034986795048e+00,-1.011651599691828080e-01,-7.380083726820600709e-02,-1.193884271779236811e-01,-3.508901557995129650e-02,4.086458060083459493e-02,6.542894837732396995e-01,-3.452702130613837794e-01,2.754633261669177727e-02,1.606865126583686271e-02,-1.924106817934612829e-02,1.174466785719099071e-01,1.991432893830293871e-01,3.388167010725020023e-01,-3.818701339948477602e-01,-2.291672983871693436e-01,-1.514100004175561454e-01,-7.179095973484063420e-02,-1.203721121976401992e-01,3.609973400445196101e-01,-5.276829333144281708e-01,3.829325333638292639e-01,-5.764400847789987736e-01,-2.287033026055266399e-02,-1.812282176495934316e-02,-1.185967981890966028e-01
