0.000000000000000000e+00,0.000000000000000000e+00,1.598119733302663381e-01,6.637130160529015610e-01,0.000000000000000000e+00,7.479873209633709497e-01,0.000000000000000000e+00,-2.941297420986618283e-01,4.737286330882503095e-03,-1.326690936689396347e-03,2.641296120774659917e-01,4.300042254408407982e-02,-4.824476482933573625e-03,-2.651934179746755493e-01,6.154305126327436030e-03,-3.144276505901493542e-03,1.809080933502985045e-01,7.750472236411277971e-02,-6.836346140805756900e-03,1.849534514881427108e-03,3.894717071273974367e-03,-3.242895019816425806e-01,3.870620555221654935e-01,1.693457734285187255e-01,-1.565786096964217888e-01,-5.902451051907594559e-01,1.299651891550602789e+00,1.513832238262359797e-01,1.248698695255016533e+00,3.491489997152485980e-01,-1.073087094500915217e-01,6.960361737615258781e-02,-5.908880536715338527e-01,-1.656898832415713452e+00,1.004484344845384541e-01,-1.229791480961182515e+00
0.000000000000000000e+00,0.000000000000000000e+00,1.598119733302663381e-01,6.637130160529026712e-01,5.160312887948598507e-18,7.479873209633700615e-01,5.160312887948598507e-18,-2.941297420986618283e-01,4.737286330882503095e-03,-1.326690936689396347e-03,2.641296120774659917e-01,4.300042254408407982e-02,-4.824476482933573625e-03,-2.651934179746755493e-01,6.154305126327436030e-03,-3.144276505901493542e-03,1.809080933502985045e-01,7.750472236411277971e-02,-6.836346140805756900e-03,1.849534514881427108e-03,3.894717071273974367e-03,-3.242895019816425806e-01,3.870620555221654935e-01,1.693457734285187255e-01,-1.565786096964217888e-01,-5.902451051907594559e-01,1.299651891550602789e+00,1.513832238262359797e-01,1.248698695255016533e+00,3.491489997152485980e-01,-1.073087094500915217e-01,6.960361737615258781e-02,-5.908880536715338527e-01,-1.656898832415713452e+00,1.004484344845384541e-01,-1.229791480961182515e+00
0.000000000000000000e+00,0.000000000000000000e+00,1.598119733302663381e-01,6.637130160529026712e-01,5.160312887948598507e-18,7.479873209633700615e-01,5.160312887948598507e-18,-2.941297420986618283e-01,4.737286330882503095e-03,-1.326690936689396347e-03,2.641296120774659917e-01,4.300042254408407982e-02,-4.824476482933573625e-03,-2.651934179746755493e-01,6.154305126327436030e-03,-3.144276505901493542e-03,1.809080933502985045e-01,7.750472236411277971e-02,-6.836346140805756900e-03,1.849534514881427108e-03,3.894717071273974367e-03,-3.242895019816425806e-01,3.870620555221654935e-01,1.693457734285187255e-01,-1.565786096964217888e-01,-5.902451051907594559e-01,1.299651891550602789e+00,1.513832238262359797e-01,1.248698695255016533e+00,3.491489997152485980e-01,-1.073087094500915217e-01,6.960361737615258781e-02,-5.908880536715338527e-01,-1.656898832415713452e+00,1.004484344845384541e-01,-1.229791480961182515e+00
0.000000000000000000e+00,0.000000000000000000e+00,1.598119733302663381e-01,6.637130160529026712e-01,5.160312887948598507e-18,7.479873209633700615e-01,5.160312887948598507e-18,-2.941297420986618283e-01,4.737286330882503095e-03,-1.326690936689396347e-03,2.641296120774659917e-01,4.300042254408407982e-02,-4.824476482933573625e-03,-2.651934179746755493e-01,6.154305126327436030e-03,-3.144276505901493542e-03,1.809080933502985045e-01,7.750472236411277971e-02,-6.836346140805756900e-03,1.849534514881427108e-03,3.894717071273974367e-03,-3.242895019816425806e-01,3.870620555221654935e-01,1.693457734285187255e-01,-1.565786096964217888e-01,-5.902451051907594559e-01,1.299651891550602789e+00,1.513832238262359797e-01,1.248698695255016533e+00,3.491489997152485980e-01,-1.073087094500915217e-01,6.960361737615258781e-02,-5.908880536715338527e-01,-1.656898832415713452e+00,1.004484344845384541e-01,-1.229791480961182515e+00
0.000000000000000000e+00,0.000000000000000000e+00,1.598119733302663381e-01,6.637130160529026712e-01,5.160312887948598507e-18,7.479873209633700615e-01,5.160312887948598507e-18,-2.941297420986618283e-01,4.737286330882503095e-03,-1.326690936689396347e-03,2.641296120774659917e-01,4.300042254408407982e-02,-4.824476482933573625e-03,-2.651934179746755493e-01,6.154305126327436030e-03,-3.144276505901493542e-03,1.809080933502985045e-01,7.750472236411277971e-02,-6.836346140805756900e-03,1.849534514881427108e-03,3.894717071273974367e-03,-3.242895019816425806e-01,3.870620555221654935e-01,1.693457734285187255e-01,-1.565786096964217888e-01,-5.902451051907594559e-01,1.299651891550602789e+00,1.513832238262359797e-01,1.248698695255016533e+00,3.491489997152485980e-01,-1.073087094500915217e-01,6.960361737615258781e-02,-5.908880536715338527e-01,-1.656898832415713452e+00,1.004484344845384541e-01,-1.229791480961182515e+00
0.000000000000000000e+00,0.000000000000000000e+00,1.598119733302663381e-01,6.637130160529026712e-01,5.160312887948598507e-18,7.479873209633700615e-01,5.160312887948598507e-18,-2.941297420986618283e-01,4.737286330882503095e-03,-1.326690936689396347e-03,2.641296120774659917e-01,4.300042254408407982e-02,-4.824476482933573625e-03,-2.651934179746755493e-01,6.154305126327436030e-03,-3.144276505901493542e-03,1.809080933502985045e-01,7.750472236411277971e-02,-6.836346140805756900e-03,1.849534514881427108e-03,3.894717071273974367e-03,-3.242895019816425806e-01,3.870620555221654935e-01,1.693457734285187255e-01,-1.565786096964217888e-01,-5.902451051907594559e-01,1.299651891550602789e+00,1.513832238262359797e-01,1.248698695255016533e+00,3.491489997152485980e-01,-1.073087094500915217e-01,6.960361737615258781e-02,-5.908880536715338527e-01,-1.656898832415713452e+00,1.004484344845384541e-01,-1.229791480961182515e+00
0.000000000000000000e+00,0.000000000000000000e+00,1.598119733302663381e-01,6.637130160529026712e-01,5.160312887948598507e-18,7.479873209633700615e-01,5.160312887948598507e-18,-2.941297420986618283e-01,4.737286330882503095e-03,-1.326690936689396347e-03,2.641296120774659917e-01,4.300042254408407982e-02,-4.824476482933573625e-03,-2.651934179746755493e-01,6.154305126327436030e-03,-3.144276505901493542e-03,1.809080933502985045e-01,7.750472236411277971e-02,-6.836346140805756900e-03,1.849534514881427108e-03,3.894717071273974367e-03,-3.242895019816425806e-01,3.870620555221654935e-01,1.693457734285187255e-01,-1.565786096964217888e-01,-5.902451051907594559e-01,1.299651891550602789e+00,1.513832238262359797e-01,1.248698695255016533e+00,3.491489997152485980e-01,-1.073087094500915217e-01,6.960361737615258781e-02,-5.908880536715338527e-01,-1.656898832415713452e+00,1.004484344845384541e-01,-1.229791480961182515e+00
0.000000000000000000e+00,0.000000000000000000e+00,1.598119733302663381e-01,6.637130160529026712e-01,5.160312887948598507e-18,7.479873209633700615e-01,5.160312887948598507e-18,-2.941297420986618283e-01,4.737286330882503095e-03,-1.326690936689396347e-03,2.641296120774659917e-01,4.300042254408407982e-02,-4.824476482933573625e-03,-2.651934179746755493e-01,6.154305126327436030e-03,-3.144276505901493542e-03,1.809080933502985045e-01,7.750472236411277971e-02,-6.836346140805756900e-03,1.849534514881427108e-03,3.894717071273974367e-03,-3.242895019816425806e-01,3.870620555221654935e-01,1.693457734285187255e-01,-1.565786096964217888e-01,-5.902451051907594559e-01,1.299651891550602789e+00,1.513832238262359797e-01,1.248698695255016533e+00,3.491489997152485980e-01,-1.073087094500915217e-01,6.960361737615258781e-02,-5.908880536715338527e-01,-1.656898832415713452e+00,1.004484344845384541e-01,-1.229791480961182515e+00
0.000000000000000000e+00,0.000000000000000000e+00,1.598119733302663381e-01,6.637130160529026712e-01,5.160312887948598507e-18,7.479873209633700615e-01,5.160312887948598507e-18,-2.941297420986618283e-01,4.737286330882503095e-03,-1.326690936689396347e-03,2.641296120774659917e-01,4.300042254408407982e-02,-4.824476482933573625e-03,-2.651934179746755493e-01,6.154305126327436030e-03,-3.144276505901493542e-03,1.809080933502985045e-01,7.750472236411277971e-02,-6.836346140805756900e-03,1.849534514881427108e-03,3.894717071273974367e-03,-3.242895019816425806e-01,3.870620555221654935e-01,1.693457734285187255e-01,-1.565786096964217888e-01,-5.902451051907594559e-01,1.299651891550602789e+00,1.513832238262359797e-01,1.248698695255016533e+00,3.491489997152485980e-01,-1.073087094500915217e-01,6.960361737615258781e-02,-5.908880536715338527e-01,-1.656898832415713452e+00,1.004484344845384541e-01,-1.229791480961182515e+00
0.000000000000000000e+00,0.000000000000000000e+00,1.598119733302663381e-01,6.637130160529026712e-01,5.160312887948598507e-18,7.479873209633700615e-01,5.160312887948598507e-18,-2.941297420986618283e-01,4.737286330882503095e-03,-1.326690936689396347e-03,2.641296120774659917e-01,4.300042254408407982e-02,-4.824476482933573625e-03,-2.651934179746755493e-01,6.154305126327436030e-03,-3.144276505901493542e-03,1.809080933502985045e-01,7.750472236411277971e-02,-6.836346140805756900e-03,1.849534514881427108e-03,3.894717071273974367e-03,-3.242895019816425806e-01,3.870620555221654935e-01,1.693457734285187255e-01,-1.565786096964217888e-01,-5.902451051907594559e-01,1.299651891550602789e+00,1.513832238262359797e-01,1.248698695255016533e+00,3.491489997152485980e-01,-1.073087094500915217e-01,6.960361737615258781e-02,-5.908880536715338527e-01,-1.656898832415713452e+00,1.004484344845384541e-01,-1.229791480961182515e+00
0.000000000000000000e+00,0.000000000000000000e+00,1.598119733302663381e-01,6.637130160529015610e-01,0.000000000000000000e+00,7.479873209633709497e-01,0.000000000000000000e+00,-2.941297420986618283e-01,4.737286330882503095e-03,-1.326690936689396347e-03,2.641296120774659917e-01,4.300042254408407982e-02,-4.824476482933573625e-03,-2.651934179746755493e-01,6.154305126327436030e-03,-3.144276505901493542e-03,1.809080933502985045e-01,7.750472236411277971e-02,-6.836346140805756900e-03,1.849534514881427108e-03,3.894717071273974367e-03,-3.242895019816425806e-01,3.870620555221654935e-01,1.693457734285187255e-01,-1.565786096964217888e-01,-5.902451051907594559e-01,1.299651891550602789e+00,1.513832238262359797e-01,1.248698695255016533e+00,3.491489997152485980e-01,-1.073087094500915217e-01,6.960361737615258781e-02,-5.908880536715338527e-01,-1.656898832415713452e+00,1.004484344845384541e-01,-1.229791480961182515e+00
0.000000000000000000e+00,0.000000000000000000e+00,1.923184853585028498e-01,6.794097727018248989e-01,3.327934145818027278e-18,7.337590617888508637e-01,3.327934145818027278e-18,-3.156129930333047007e-01,4.719570401405374406e-03,-1.435122476562795350e-03,3.100754796582311790e-01,1.853207905138183273e-02,-4.839193632712713265e-03,-2.912864143588083099e-01,6.081558009332775801e-03,-3.309512257484827427e-03,2.366111191701391059e-01,4.787445086509124759e-02,-6.850919826023338724e-03,1.780402172995941079e-03,3.877695552779894788e-03,-3.232675885696901230e-01,2.115068675400574583e-01,1.639168594484735064e-01,-1.408856561079555036e-01,-3.928853726209109443e-01,1.279280169256904687e+00,1.636288227373706439e-01,1.218119814032690540e+00,1.837651811055470708e-01,-1.069391404178759303e-01,5.047165661303038703e-02,-3.947710257754483143e-01,-1.654120711589592840e+00,1.035260541449768146e-01,-1.194522658079528510e+00
0.000000000000000000e+00,0.000000000000000000e+00,2.248249973867392781e-01,6.948015888240289817e-01,1.494061721918789319e-18,7.192014684131319280e-01,1.494061721918789319e-18,-3.342771660978347548e-01,4.702573865315719942e-03,-1.528606127051015603e-03,3.498687444518630563e-01,-2.596109133564281253e-03,-4.850391336235093491e-03,-3.152870228856327062e-01,6.013128183354908909e-03,-3.460953307991604562e-03,2.877093773971660662e-01,2.077779272453300283e-02,-6.863518668995498631e-03,1.751676840516342261e-03,3.856888301340632725e-03,-3.227030347163618029e-01,3.463275873279535871e-02,1.593884059671777931e-01,-1.250915265129400877e-01,-1.782830674032298834e-01,1.255613581203159246e+00,1.698177580995394453e-01,1.202199885594146478e+00,1.784842728145264248e-02,-1.069707477791727729e-01,3.124513298126768354e-02,-1.835925182284876556e-01,-1.649487239088055723e+00,1.068864066253547990e-01,-1.172601684678360900e+00
0.000000000000000000e+00,0.000000000000000000e+00,2.573315094149757898e-01,7.098815560871583052e-01,1.264273545269088229e-18,7.043210747430994623e-01,1.264273545269088229e-18,-3.247435939032597418e-01,4.723015010402208287e-03,-1.486899412807436965e-03,3.291921725320643421e-01,8.495029435457959049e-03,-4.858245598739404161e-03,-2.972448201828892800e-01,6.072842180178930106e-03,-3.350503051193836398e-03,2.489854689883764238e-01,4.134469906080212587e-02,-6.861726686268614268e-03,2.130512084649354571e-03,4.046947006445836444e-03,-3.224310917974337887e-01,-1.225915612269966593e-01,1.496775707363494079e-01,-1.010432325524366209e-01,1.017269171553782936e-01,1.230402647715419073e+00,1.376491746388339432e-01,1.252002834365092854e+00,-1.258490650105330566e-01,-1.077026351295396756e-01,1.226155318508051657e-02,7.336368709550976364e-02,-1.639628265590421741e+00,1.104667412894543010e-01,-1.210444394431428039e+00
0.000000000000000000e+00,0.000000000000000000e+00,2.898380214432121904e-01,7.246429061264776372e-01,1.033917922799060641e-18,6.891245595685682179e-01,1.033917922799060641e-18,-3.106504482274927703e-01,4.734919884597025598e-03,-1.415521793027379755e-03,2.989901834902368716e-01,2.460123521955035614e-02,-4.848402742514511601e-03,-2.812031435489674713e-01,6.116991455874599797e-03,-3.248546876891727359e-03,2.146691926895797908e-01,5.963315675937509025e-02,-6.852000646581762541e-03,2.755183152309651461e-03,4.419925218273424404e-03,-3.260619599505575894e-01,-3.518373769494336223e-01,1.483154175008668807e-01,-7.981137819606459738e-02,5.207127966466902347e-01,1.189986515990880678e+00,7.327598671129659236e-02,1.384757452628740726e+00,-3.328811592137901898e-01,-1.092521574826561814e-01,-1.743543656941490272e-02,4.486302747340073505e-01,-1.623967321419774290e+00,1.127014812943125943e-01,-1.318343368177598895e+00
0.000000000000000000e+00,0.000000000000000000e+00,3.060912774573304462e-01,7.223535614074212408e-01,1.321819697082411752e-18,6.915239202818763697e-01,1.321819697082411752e-18,-3.251492477589095764e-01,4.717250172561491227e-03,-1.486016061679789474e-03,3.295608075910053114e-01,8.552500894026048711e-03,-4.851983034084463367e-03,-3.019629294210017800e-01,6.055180474764530058e-03,-3.378496952575867074e-03,2.585059462762385185e-01,3.659957975999677399e-02,-6.859763741421819397e-03,2.926722468675493904e-03,4.504420588748758378e-03,-3.271269897990134456e-01,-3.215849591632798377e-01,1.464930397606795665e-01,-8.034424881982410449e-02,4.540391372874358900e-01,1.197388187481723154e+00,9.200095154698108291e-02,1.313450300679659843e+00,-2.947843451868424336e-01,-1.115268117783301538e-01,-1.004620056754759391e-02,3.667706871656626899e-01,-1.628419710976528600e+00,1.040653782215980871e-01,-1.234348701572989260e+00
0.000000000000000000e+00,0.000000000000000000e+00,3.223445334714486465e-01,7.200562722214551847e-01,1.609706933952105760e-18,6.939156755936138898e-01,1.609706933952105760e-18,-3.381792829736168793e-01,4.700808369815470678e-03,-1.549389439124243886e-03,3.570830680566682847e-01,-5.916279764219784659e-03,-4.855549362767471247e-03,-3.198998102187560755e-01,6.001207281608985852e-03,-3.490759316308418223e-03,2.964305197264872072e-01,1.665883780179060886e-02,-6.868326977606867972e-03,2.511180301645809035e-03,4.237227386943472583e-03,-3.269636348555682304e-01,-2.874247976561007389e-01,1.430764953020632613e-01,-7.889541006197256512e-02,3.758080208962051860e-01,1.209725889637559115e+00,1.113083715815454400e-01,1.235715958129088188e+00,-2.582720823261113186e-01,-1.168610920460031871e-01,1.219134311591800945e-03,2.860723425141960541e-01,-1.627552908056863590e+00,9.831226371425999533e-02,-1.151233296750617585e+00
0.000000000000000000e+00,0.000000000000000000e+00,3.223445334714486465e-01,7.004763296152600738e-01,3.739058835703485124e-18,7.136756347590504923e-01,3.739058835703485124e-18,-3.577109879028970707e-01,4.681629917160019458e-03,-1.648206080105559055e-03,3.992189372739828879e-01,-2.851393431054249569e-02,-4.869462026417694170e-03,-3.436529336801895096e-01,5.932480209207590012e-03,-3.641311190335356791e-03,3.475045336271121443e-01,-1.064721952297196378e-02,-6.886563367246352312e-03,2.095141615841417376e-03,4.035604103615158915e-03,-3.253269793330333393e-01,-4.025418863009368187e-02,1.453231179083640245e-01,-1.074680903920159358e-01,-7.787686595976908710e-02,1.260113102907529425e+00,1.773579137479890933e-01,1.042732210233572765e+00,-1.647651819081807217e-02,-1.293213180303908472e-01,3.711706143866110724e-02,-1.506500062263349260e-01,-1.637324658528719779e+00,8.399959009954437172e-02,-9.582760830992399503e-01
0.000000000000000000e+00,0.000000000000000000e+00,3.223445334714486465e-01,6.803543373137681538e-01,3.216473150583554191e-18,7.328833302090745905e-01,3.216473150583554191e-18,-3.562764068892584346e-01,4.682545312111831802e-03,-1.640862242603919902e-03,3.969613848225050923e-01,-2.768848012034889547e-02,-4.868193167799579613e-03,-3.415042659686172155e-01,5.938399184204647650e-03,-3.627670627575203983e-03,3.437298310040096672e-01,-9.019429227936871449e-03,-6.885231017000889749e-03,1.975500834336649074e-03,3.975768908053386140e-03,-3.246892170195013194e-01,1.913932567507280191e-01,1.528339443572165612e-01,-1.374088507141873472e-01,-4.158003168690014850e-01,1.300707147814668563e+00,2.041695616770849986e-01,9.390624539311747121e-01,2.198769248033913548e-01,-1.421923696171882856e-01,6.218241900942517164e-02,-4.896762392055531987e-01,-1.641094093923936015e+00,6.914097212471444209e-02,-8.580286728835458954e-01
0.000000000000000000e+00,0.000000000000000000e+00,3.223445334714486465e-01,6.597058663210817464e-01,5.622232957537079726e-18,7.515238984500433039e-01,5.622232957537079726e-18,-3.340157249865055578e-01,4.708029895561465124e-03,-1.530305480667104243e-03,3.499722105250834270e-01,-2.977907601051242754e-03,-4.856930006177755110e-03,-3.139588083420511433e-01,6.019494145396838899e-03,-3.453777250385728533e-03,2.855474469494929113e-01,2.158177302408213066e-02,-6.866220254640260402e-03,1.956557434716155695e-03,3.875329157022495974e-03,-3.240102181011847993e-01,4.372851390047409748e-01,1.722813871672038699e-01,-1.728853866165951381e-01,-6.900368547187381019e-01,1.324924161481186191e+00,2.068359572209653441e-01,9.143534083854096828e-01,4.806669914421395351e-01,-1.562926654827392348e-01,8.340572058284224932e-02,-7.676389946665923558e-01,-1.638124917510225487e+00,5.519131580925350222e-02,-8.432380286393528213e-01
0.000000000000000000e+00,0.000000000000000000e+00,3.223445334714486465e-01,6.385468950463700777e-01,0.000000000000000000e+00,7.695829148484523152e-01,0.000000000000000000e+00,-2.941297420986618283e-01,4.737286330882503095e-03,-1.326690936689396347e-03,2.641296120774659917e-01,4.300042254408407982e-02,-4.824476482933573625e-03,-2.651934179746755493e-01,6.154305126327436030e-03,-3.144276505901493542e-03,1.809080933502985045e-01,7.750472236411277971e-02,-6.836346140805756900e-03,1.849534514881427108e-03,3.894717071273974367e-03,-3.242895019816425806e-01,7.292150829195103157e-01,2.064092488062199970e-01,-2.053153503781462164e-01,-8.971430375196013385e-01,1.327856592423251048e+00,1.759101567494830431e-01,9.987578950189685001e-01,8.035349275531427082e-01,-1.735876427908656927e-01,1.015595586069009681e-01,-9.772888223145275166e-01,-1.625924607274332079e+00,4.047138630950158911e-02,-9.581684928504289323e-01
0.000000000000000000e+00,0.000000000000000000e+00,2.969148064044720980e-01,6.118930568768083944e-01,1.096349438602373769e-17,7.909405078423756841e-01,1.096349438602373769e-17,-3.467115158120823160e-01,1.357700038094553866e-03,3.370058753866776182e-04,4.051435114352938682e-01,-4.544969769907926394e-02,-1.039034309706618952e-03,-3.447465086963082959e-01,1.127572723455779607e-02,-6.651301826220966731e-03,4.000388816231935651e-01,-6.225700837453844450e-02,-1.297563341157696032e-02,1.942092265634416887e-03,3.792829301708587099e-03,-3.541080589201025530e-01,6.865886578836376541e-01,2.008787607024264121e-01,-1.966330080319216300e-01,-8.610440064581980080e-01,1.318421558678696037e+00,1.598077685501536616e-01,1.089409036423696575e+00,7.496819656636377616e-01,-1.562803266375518418e-01,1.004678376322355737e-01,-9.391059241137862390e-01,-1.634202478607449605e+00,5.283146966921798554e-02,-1.051841862011755335e+00
0.000000000000000000e+00,0.000000000000000000e+00,2.714850793374955495e-01,5.845254002572886076e-01,1.389055693481709831e-17,8.113754103089744207e-01,1.389055693481709831e-17,-3.785144889732392492e-01,-1.914270577649880437e-03,2.410460522641878246e-03,5.048635359848069326e-01,-1.143831882223926705e-01,2.837328314625186653e-03,-3.868160339839330497e-01,1.628317301848738324e-02,-1.051549086276283226e-02,5.418872008414489239e-01,-1.657708574313227212e-01,-1.922110320403153799e-02,2.066720270317493405e-03,3.756233142397221933e-03,-3.838044633337657219e-01,6.425261295907429560e-01,1.956299862355503072e-01,-1.874702619623595801e-01,-8.267315597259072835e-01,1.309993035840939957e+00,1.441567753924607731e-01,1.176929453155534766e+00,6.944798494930850552e-01,-1.397185790552053219e-01,9.826528011798650597e-02,-9.032332181841189467e-01,-1.640959716698471516e+00,6.553685569625247731e-02,-1.142248923360662971e+00
0.000000000000000000e+00,0.000000000000000000e+00,2.460553522705190566e-01,5.564758515808437833e-01,1.680141512288295959e-17,8.308637834250417464e-01,1.680141512288295959e-17,-3.616313420374734355e-01,-5.279329221035996070e-03,4.404427041717759277e-03,5.020462315610789705e-01,-1.298716228018627072e-01,6.702294913681816103e-03,-3.665509409287667775e-01,2.178257290704520982e-02,-1.336887999101166700e-02,5.535330516679050072e-01,-2.021079032604395920e-01,-2.534746791902123611e-02,2.177867373347693904e-03,3.692506784578661067e-03,-4.135439655696694361e-01,5.956084053804510114e-01,1.906485343778036023e-01,-1.776759405978071138e-01,-7.970896472208426342e-01,1.303870869567429702e+00,1.301840780616382032e-01,1.256865145153941432e+00,6.361699928690346395e-01,-1.252496820063625227e-01,9.334558763871517173e-02,-8.726594480405124310e-01,-1.644503292494943203e+00,7.815583532256573096e-02,-1.224779873325734902e+00
0.000000000000000000e+00,0.000000000000000000e+00,2.206256252035424525e-01,5.277771327179588967e-01,1.969267321912672164e-17,8.493828925637777472e-01,1.969267321912672164e-17,-3.101936312203297241e-01,-8.860039304192853307e-03,5.939371931981341640e-03,4.272563466454606940e-01,-1.046934532356919856e-01,1.049291253639093348e-02,-3.086781920602905682e-01,2.777034697479753567e-02,-1.484150549335356770e-02,4.943947046879603735e-01,-1.950755671459629970e-01,-3.122433232426054250e-02,2.284820948875212251e-03,3.620878451549383939e-03,-4.432873834591218309e-01,5.467685352111470998e-01,1.860706670942632035e-01,-1.672744381915450274e-01,-7.714702543041292992e-01,1.299324624947647111e+00,1.176146544954356082e-01,1.330916658892634441e+00,5.757249697874677885e-01,-1.124480763220642165e-01,8.641946522669761988e-02,-8.466305720537388169e-01,-1.645891931508105754e+00,9.042034801221349172e-02,-1.301130093498348295e+00
0.000000000000000000e+00,0.000000000000000000e+00,2.093165503715020692e-01,5.358044329523069527e-01,1.889248432622007095e-17,8.443421164602988860e-01,1.889248432622007095e-17,-2.817338395022431219e-01,-1.095094770955365275e-02,6.561257905324757028e-03,3.853828122338710527e-01,-8.871514510479924787e-02,1.263376035977671272e-02,-2.850270629013352264e-01,3.113784570065925711e-02,-1.592166413970863906e-02,4.665509990688576636e-01,-1.917025107036003928e-01,-3.526184384115856052e-02,2.457237198049466720e-03,3.540443236750178812e-03,-4.625743117216477018e-01,4.667382167620437450e-01,1.807283278612472344e-01,-1.593314567622241273e-01,-7.097145274466513110e-01,1.295121489877985921e+00,1.261388967232024427e-01,1.320598619312952859e+00,4.799528702185858475e-01,-1.064359110788585944e-01,7.634909794625478752e-02,-7.760039590310308100e-01,-1.650383486995767202e+00,9.602107114434631219e-02,-1.290094086231221127e+00
0.000000000000000000e+00,0.000000000000000000e+00,1.980074755394616859e-01,5.437835927803528202e-01,1.809059800078851508e-17,8.392254787736675992e-01,1.809059800078851508e-17,-3.037061857258422926e-01,-1.243354931413920977e-02,7.514492071143196589e-03,4.545360279202713127e-01,-1.265519633258618271e-01,1.442584697984426907e-02,-3.018796522054271736e-01,3.340465717996107808e-02,-1.798600787367710119e-02,5.301868174175630166e-01,-2.273545216755983034e-01,-3.890886489294207579e-02,2.480925990807023376e-03,3.450939469991361891e-03,-4.824161195593094087e-01,3.774558832425765065e-01,1.744397027936543110e-01,-1.513528948000520680e-01,-6.308134239674714205e-01,1.290970946329494717e+00,1.372370063118585615e-01,1.295971245757830737e+00,3.750161509396565118e-01,-1.032907801197314734e-01,6.501534572491986241e-02,-6.842371526542025961e-01,-1.653230551628570799e+00,1.009315982754596108e-01,-1.266632177298172568e+00
0.000000000000000000e+00,0.000000000000000000e+00,2.008190529423574955e-01,5.875707337378154316e-01,1.356921353316909172e-17,8.091728077826176868e-01,1.356921353316909172e-17,-3.470486568011003636e-01,-1.231282835804896683e-02,7.908489990084656071e-03,5.584486402205863786e-01,-1.707923785111416515e-01,1.457539543304606916e-02,-3.518868195788253384e-01,3.283458389155499008e-02,-2.021946360571171344e-02,6.297600981374200657e-01,-2.644050359327012045e-01,-4.077072501150276473e-02,2.545269694658452465e-03,3.427314253951167268e-03,-4.919065414622196264e-01,2.648353384620300011e-01,1.684400421500752143e-01,-1.467543484528965603e-01,-4.966378067070095215e-01,1.283180630892483354e+00,1.620878323580822733e-01,1.212939320286398281e+00,2.475811586640960515e-01,-1.049342233927190310e-01,5.332245222769414761e-02,-5.263871002311655278e-01,-1.656416092459495282e+00,9.894249905293922565e-02,-1.189313941884166725e+00
0.000000000000000000e+00,0.000000000000000000e+00,2.036306303452532773e-01,6.297006451035953578e-01,9.009557414305502286e-18,7.768378837029744632e-01,9.009557414305502286e-18,-3.326645338251241757e-01,-1.248383951430184248e-02,7.498091274001451000e-03,5.365238984138781531e-01,-1.482653910249883411e-01,1.451886639538686220e-02,-3.473296582112196385e-01,3.292032085394579199e-02,-2.028892903712778764e-02,6.088523270431833723e-01,-2.377131975692891308e-01,-4.212704787903773229e-02,2.618722962991925328e-03,3.405814607913440571e-03,-5.013855294496036841e-01,1.599018669762094225e-01,1.637191063158602577e-01,-1.428393030845857004e-01,-3.372700612650479934e-01,1.269347417181023951e+00,1.760933639567611453e-01,1.161557936520770218e+00,1.322869307799999505e-01,-1.044969689116228145e-01,4.235632339375373923e-02,-3.414016210201420987e-01,-1.655710965580583505e+00,9.660517005078132768e-02,-1.151316770843497483e+00
0.000000000000000000e+00,0.000000000000000000e+00,2.064422077481490869e-01,6.700545004423377193e-01,4.424490048254681759e-18,7.423119064362158070e-01,4.424490048254681759e-18,-2.746810628335632498e-01,-1.286794377436673888e-02,6.471691522445167759e-03,4.189931027311846190e-01,-7.727130679204774477e-02,1.427037087177662582e-02,-3.000582792030452306e-01,3.353904729435660398e-02,-1.863257423345546573e-02,4.962681112127927396e-01,-1.636899133077230895e-01,-4.300130876538200975e-02,2.691562577092613488e-03,3.355646371606128570e-03,-5.107644639709438827e-01,6.062448507168208267e-02,1.601199590407300921e-01,-1.402295625577483495e-01,-1.555652056918647164e-01,1.249889583954258310e+00,1.809463275298187068e-01,1.137348534779782039e+00,2.564117205063987798e-02,-1.023661189686929790e-01,3.181431548511311908e-02,-1.324259645211755265e-01,-1.652112211819433574e+00,9.445254405071706882e-02,-1.146100289449272447e+00
0.000000000000000000e+00,0.000000000000000000e+00,2.092537851510448688e-01,7.085184826434104410e-01,0.000000000000000000e+00,7.056922556983882266e-01,0.000000000000000000e+00,-8.340446436061683955e-02,-1.366728076162540551e-02,3.598374699335629007e-03,3.831561436466510845e-02,1.344358763852040728e-01,1.386891091961903882e-02,-1.331417831005244079e-01,3.549335492707168804e-02,-1.251667658792370366e-02,1.464505146147534187e-01,3.334616284606874148e-02,-4.342755427260490408e-02,2.772350811154953784e-03,3.302291370934841604e-03,-5.200000000000000178e-01,-3.954295997332802487e-02,1.557411953782796843e-01,-1.391004587872893827e-01,5.765694808075499944e-02,1.224351668182090735e+00,1.737792260414495193e-01,1.142160932612217517e+00,-8.297142987089012323e-02,-9.853699412388450263e-02,1.949106282012959962e-02,1.124127595514632649e-01,-1.646649884816861142e+00,9.326072543763837264e-02,-1.175118057781529668e+00
0.000000000000000000e+00,0.000000000000000000e+00,2.363648797164726867e-01,7.251514412024901990e-01,0.000000000000000000e+00,6.885894185376010279e-01,0.000000000000000000e+00,-8.810904058433996489e-02,-1.366291524493393715e-02,3.667286385719380551e-03,4.840848027443424295e-02,1.289516201106717941e-01,1.388375697670240008e-02,-1.434990558255803128e-01,3.539431667330449061e-02,-1.289560539731063327e-02,1.685325406057320008e-01,2.158071816056884168e-02,-4.346422847542691370e-02,2.704436046437431757e-03,3.263319079730139793e-03,-5.173686776731449832e-01,-2.141295607341026364e-01,1.470016010922925442e-01,-1.190646014187209667e-01,3.673908746317839369e-01,1.189520467988690156e+00,1.233852311835602483e-01,1.274659640377199921e+00,-2.541990105424309920e-01,-9.365564120454936137e-02,-9.237516518307292354e-03,4.185161704238447578e-01,-1.635675804328349692e+00,1.065992785171828855e-01,-1.314436518975895751e+00
0.000000000000000000e+00,0.000000000000000000e+00,2.634759742819005046e-01,7.413716708636435282e-01,0.000000000000000000e+00,6.710946622056007671e-01,0.000000000000000000e+00,-8.340446436061683955e-02,-1.366728076162540551e-02,3.598374699335629007e-03,3.831561436466510845e-02,1.344358763852040728e-01,1.386891091961903882e-02,-1.331417831005244079e-01,3.549335492707168804e-02,-1.251667658792370366e-02,1.464505146147534187e-01,3.334616284606874148e-02,-4.342755427260490408e-02,2.772350811154953784e-03,3.302291370934841604e-03,-5.200000000000000178e-01,-4.878395059213137541e-01,1.383535984796937512e-01,-9.452065237022172495e-02,9.245293887543760691e-01,1.146672667756386987e+00,1.252580282533725768e-02,1.525961414478872236e+00,-5.307041354517125775e-01,-9.670256074573610472e-02,-6.411514444157552506e-02,9.729141305313480093e-01,-1.612242473446188207e+00,1.220776568248759519e-01,-1.586270308949261576e+00
0.000000000000000000e+00,0.000000000000000000e+00,2.634759742819005046e-01,7.251338909802589328e-01,1.208957725286945064e-18,6.886079001520604148e-01,1.208957725286945064e-18,-1.028718906173882869e-01,-1.364584375127214123e-02,3.883145000364382309e-03,7.947839491554990754e-02,1.123818552885579580e-01,1.392856504556968036e-02,-1.708058338763496220e-01,3.513342377094601926e-02,-1.389881314225091709e-02,2.262179937068679314e-01,-8.892509574152565599e-03,-4.358117823512101113e-02,2.599629084564728486e-03,3.229950623175968389e-03,-5.175779106861226886e-01,-1.716311747041057434e-01,1.459506521711356475e-01,-1.247114136354738334e-01,3.127308959881491823e-01,1.195694704504518535e+00,1.313845900733340566e-01,1.261176491124612609e+00,-2.072734509562585703e-01,-9.152999856760271613e-02,-1.370767653587811425e-03,3.564229093529580616e-01,-1.639344618318510527e+00,1.049905729373069169e-01,-1.295127686551294177e+00
0.000000000000000000e+00,0.000000000000000000e+00,2.634759742819005046e-01,7.084825099540617011e-01,2.417225886476875397e-18,7.057283706137885693e-01,2.417225886476875397e-18,-1.073922912291435106e-01,-1.365597535484482615e-02,3.955401941015024465e-03,8.957873924610774974e-02,1.066212335061715449e-01,1.396062751136730937e-02,-1.818127429370346992e-01,3.505678423651056863e-02,-1.431657493457006922e-02,2.500851934982159519e-01,-2.183636481310839705e-02,-4.366924575909976458e-02,2.738765995355636664e-03,3.293936640271134201e-03,-5.200000000000000178e-01,3.607023573582979203e-02,1.539604835817572348e-01,-1.497301736033826991e-01,-1.697938385876654119e-02,1.235092607491260708e+00,1.782721821302197807e-01,1.137137346625106016e+00,7.586045874040390005e-04,-9.616529087087263838e-02,3.316638049582534831e-02,2.141034037840130674e-02,-1.651760483317854966e+00,9.074500640599357515e-02,-1.161339053714273595e+00
0.000000000000000000e+00,0.000000000000000000e+00,2.634759742819005046e-01,6.914270253830915314e-01,1.899383285006011369e-18,7.224463084339831642e-01,1.899383285006011369e-18,-1.358462775914336673e-01,-1.352750963933669996e-02,4.337455446802258863e-03,1.505156857787570412e-01,7.429911041411885186e-02,1.394702248735444489e-02,-1.974926088297919435e-01,3.480645294085716462e-02,-1.485651619824252326e-02,2.839487307734325228e-01,-3.989482754006492410e-02,-4.364008074458938097e-02,2.640695647155766670e-03,3.246897625677453315e-03,-5.200000000000000178e-01,2.402478864504424272e-01,1.637222784750292370e-01,-1.745868162590360484e-01,-2.856094431406732692e-01,1.271191173024003529e+00,1.973480523877909343e-01,1.068714469760437380e+00,2.012259005743917417e-01,-1.048629507042252718e-01,6.413434271565293665e-02,-2.466152563337044301e-01,-1.658326315645293647e+00,7.933328184839065489e-02,-1.087434592871130201e+00
0.000000000000000000e+00,0.000000000000000000e+00,2.634759742819005046e-01,6.739771653575620247e-01,3.966325598049111291e-18,7.387521780520078796e-01,3.966325598049111291e-18,-9.742490349406698891e-02,-1.366829483464859427e-02,3.809392894745737123e-03,6.908028858325034050e-02,1.173172206161562925e-01,1.393035390047753751e-02,-1.649237004576371568e-01,3.521946287186129149e-02,-1.369361755440025134e-02,2.148938580946739840e-01,-3.485266198043901476e-03,-4.358814735632246529e-02,2.720901907333182941e-03,3.308371540998597538e-03,-5.200000000000000178e-01,4.548287080777048130e-01,1.787580935387632908e-01,-1.987065378565227303e-01,-4.997698243695905540e-01,1.295191568250708025e+00,1.898036263171967719e-01,1.064925359816750960e+00,4.102006084030201949e-01,-1.155587661033469354e-01,9.092159568753323262e-02,-4.668115072089411566e-01,-1.661034267159691602e+00,6.867992564799577093e-02,-1.075548650302894815e+00
0.000000000000000000e+00,0.000000000000000000e+00,2.547107948823481571e-01,6.533725544399853202e-01,6.347587685656587459e-18,7.570365282498384696e-01,6.347587685656587459e-18,-9.126459393037154866e-02,-1.372713218711433397e-02,3.738147348088141034e-03,5.485212365224862580e-02,1.251427429493391086e-01,1.397112363427708247e-02,-1.597627248717292392e-01,3.540192303159492987e-02,-1.355273109799483636e-02,2.029340829362237530e-01,3.077695391331980793e-03,-4.371746857981161083e-02,2.732907375492998371e-03,3.592143730821958404e-03,-5.186849523909595749e-01,5.937876541189625046e-01,2.043953366358947643e-01,-2.017763304472059704e-01,-6.189630662905958314e-01,1.330844693807864410e+00,1.751200053108603050e-01,1.105248156193020748e+00,5.539502794333827085e-01,-1.193802937506365097e-01,1.047576603869655038e-01,-5.896815404568441776e-01,-1.663019623683832604e+00,6.075123182885300288e-02,-1.106997536235247770e+00
0.000000000000000000e+00,0.000000000000000000e+00,2.459456154827958652e-01,6.322721203560149883e-01,8.724032795563031005e-18,7.747463880654810175e-01,8.724032795563031005e-18,-1.988408996225645708e-01,-1.322243911609648735e-02,5.178805855304202330e-03,2.826943410815546120e-01,5.483871739879567740e-03,1.393657458982968181e-02,-2.131278682671723379e-01,3.458986885748798618e-02,-1.540928999111461709e-02,3.156404238467167001e-01,-5.590197459207254388e-02,-4.365845447343744828e-02,2.764506431560026338e-03,3.286495780193336106e-03,-5.199973626475826727e-01,6.994907061919949376e-01,1.718035596501480688e-01,-1.503519980127352995e-01,-6.902302053237104884e-01,1.383408956554064595e+00,8.884107317005138227e-02,1.153279975938542146e+00,6.651235748383906854e-01,-1.566163003613735283e-01,1.416035456532584169e-01,-6.619565102292096492e-01,-1.651846621414252647e+00,9.787098112960514185e-02,-1.164057487986133843e+00
0.000000000000000000e+00,0.000000000000000000e+00,2.284152566836911702e-01,6.077853896352992669e-01,1.140856091653699250e-17,7.941013286387748060e-01,1.140856091653699250e-17,-2.278943276366990900e-01,-1.311139288608690126e-02,5.584816017654708684e-03,3.454093546227632316e-01,-2.818010992311073201e-02,1.398759247744303658e-02,-2.394879899196782347e-01,3.429495286859866182e-02,-1.637654601033195975e-02,3.726618046681299257e-01,-8.657751719759987363e-02,-4.379580651066838914e-02,2.753554538970462082e-03,3.269722478038639135e-03,-5.199989284699988445e-01,6.997239567900883639e-01,1.782573711969641095e-01,-1.084505111690817758e-01,-7.169050583045172287e-01,1.446418783480310166e+00,7.422192849468206566e-02,1.182419696656429542e+00,6.853919903493909116e-01,-1.706660858303997719e-01,1.558263391629880479e-01,-6.711532037356974234e-01,-1.647703027870682346e+00,1.197594521137065326e-01,-1.194097885096313094e+00
0.000000000000000000e+00,0.000000000000000000e+00,2.108848978845864752e-01,5.827065460577030009e-01,1.408197466110057355e-17,8.126826448137686176e-01,1.408197466110057355e-17,-2.262856976343927684e-01,-1.312015734163079518e-02,5.563515356939378008e-03,3.433042236933399050e-01,-2.768852002251681252e-02,1.398747298048791735e-02,-2.386893583275034592e-01,3.430659847777004640e-02,-1.634843108552270358e-02,3.722768875803442179e-01,-8.699132588499818020e-02,-4.379427219647559488e-02,2.753186613749747554e-03,3.267648265127219825e-03,-5.200000000000000178e-01,7.015137034688730955e-01,1.884335599239912451e-01,-6.810323420744580913e-02,-7.493323421699359388e-01,1.505561874118809929e+00,7.119137620976025149e-02,1.209932499934082140e+00,7.035919908814618484e-01,-1.828581130708371028e-01,1.681542731956933157e-01,-6.800763932293599767e-01,-1.644000053184119015e+00,1.391475545182766504e-01,-1.222397920012314065e+00
0.000000000000000000e+00,0.000000000000000000e+00,1.933545390854818358e-01,5.570600217763711504e-01,1.674166955294190627e-17,8.304722344175686777e-01,1.674166955294190627e-17,-1.566479877677915411e-01,-1.343950691994108722e-02,4.619895697736719695e-03,1.957437107791414332e-01,4.994761623156970809e-02,1.395143057153267786e-02,-2.069551387054365532e-01,3.468766354317694839e-02,-1.519612133388886441e-02,3.051393704337699297e-01,-5.160527055664724388e-02,-4.366447553752533794e-02,2.763185162932362514e-03,3.275102736566139032e-03,-5.200000000000000178e-01,7.051780318085673072e-01,2.021702807482209929e-01,-2.851233096477866213e-02,-7.861040761646527208e-01,1.560509054418761199e+00,7.885469866763523961e-02,1.234785977970958237e+00,7.193028503263959594e-01,-1.935213844626611224e-01,1.788556316674517199e-01,-6.884529621498867158e-01,-1.640652369345183770e+00,1.564629029524173820e-01,-1.248429567271945428e+00
0.000000000000000000e+00,0.000000000000000000e+00,1.758241802863770575e-01,5.308708019867681704e-01,0.000000000000000000e+00,8.474527665881594896e-01,0.000000000000000000e+00,-8.340446436061683955e-02,-1.366728076162540551e-02,3.598374699335629007e-03,3.831561436466510845e-02,1.344358763852040728e-01,1.386891091961903882e-02,-1.331417831005244079e-01,3.549335492707168804e-02,-1.251667658792370366e-02,1.464505146147534187e-01,3.334616284606874148e-02,-4.342755427260490408e-02,2.772350811154953784e-03,3.302291370934841604e-03,-5.200000000000000178e-01,7.141367251461595567e-01,2.195948062313173854e-01,1.102523517175153615e-02,-8.316534854797937859e-01,1.610750579435262786e+00,9.681462549043297339e-02,1.256418548212317354e+00,7.353555965614684276e-01,-2.032258784130019091e-01,1.885007698827934619e-01,-7.027459450265451935e-01,-1.637895730205300326e+00,1.720316081149590448e-01,-1.271483544240809671e+00
0.000000000000000000e+00,0.000000000000000000e+00,1.758241802863770575e-01,5.681872581813471879e-01,1.559661365501429967e-17,8.228992888807009631e-01,1.559661365501429967e-17,-2.509659879856667164e-01,-1.302861010225596188e-02,5.913712705287020414e-03,3.993347866841661653e-01,-5.904075882789690949e-02,1.404462085372488143e-02,-2.614947474342457223e-01,3.405889890691157079e-02,-1.719648044552427729e-02,4.243527769435899710e-01,-1.162745642694504866e-01,-4.394540745163984241e-02,2.670273956137174127e-03,3.282077706670271777e-03,-5.198993293538812788e-01,6.006273514205698882e-01,2.011968592806241130e-01,-1.131658028949515497e-02,-6.729849050400193988e-01,1.643609749088454475e+00,9.799914733369986808e-02,1.236777876141513799e+00,6.153979405966020222e-01,-1.803281333904941663e-01,1.817028737453203202e-01,-5.370394314534013835e-01,-1.633466065478480722e+00,1.762835252753838511e-01,-1.289527997646314317e+00
0.000000000000000000e+00,0.000000000000000000e+00,1.758241802863770575e-01,6.043699585377868555e-01,1.177705148400873876e-17,7.967038051980382951e-01,1.177705148400873876e-17,-2.945439500519238529e-01,-1.285922764640635464e-02,6.538534968462100805e-03,4.908331322404868580e-01,-1.069931378970632174e-01,1.416326570732164870e-02,-3.027075784109179990e-01,3.359592149361547569e-02,-1.874324737203640623e-02,5.109198360909298353e-01,-1.616541014252655672e-01,-4.426209047859740175e-02,2.608413559020149580e-03,3.223157482941354807e-03,-5.200000000000000178e-01,5.052325705827840352e-01,1.801074899172377120e-01,-2.583936227091316803e-02,-5.032027962493427209e-01,1.668960162998325059e+00,1.021238421417652725e-01,1.249860193854404500e+00,5.090533004873518674e-01,-1.595059132280732539e-01,1.753067411490094873e-01,-3.585595900490120558e-01,-1.624979222439775883e+00,1.835512089773887745e-01,-1.340776323075025145e+00
0.000000000000000000e+00,0.000000000000000000e+00,1.758241802863770575e-01,6.393467044152749690e-01,7.933989488457861054e-18,7.689185857770164390e-01,7.933989488457861054e-18,-2.869467577178082540e-01,-1.290654398656058445e-02,6.437414686843718863e-03,4.693644224703015233e-01,-9.457778510197509259e-02,1.416183228090840164e-02,-2.984643071150459570e-01,3.367895753969875339e-02,-1.859929271039334822e-02,4.980134075733517740e-01,-1.530488557580888809e-01,-4.426990294055267033e-02,2.572798005269986543e-03,3.166897142518089025e-03,-5.200000000000000178e-01,4.212540892221926514e-01,1.601870158672635547e-01,-3.478834133365980158e-02,-3.288396356039332558e-01,1.687066166979392490e+00,1.120784882759876394e-01,1.273890146314009986e+00,4.116343201331968404e-01,-1.380361693622467745e-01,1.659446589641579151e-01,-1.755631281679310707e-01,-1.613738728340907924e+00,1.898613040690236287e-01,-1.406859204874107094e+00
0.000000000000000000e+00,0.000000000000000000e+00,1.758241802863770575e-01,6.730477035239134098e-01,4.075096080335418686e-18,7.395990729991394064e-01,4.075096080335418686e-18,-2.280991431709723238e-01,-1.316336856860679701e-02,5.612892875588864836e-03,3.421596098656219942e-01,-2.588019833670096581e-02,1.404951422189899130e-02,-2.513195238401133569e-01,3.425218275196650897e-02,-1.685424412913946041e-02,3.947677355034879265e-01,-9.731348028270273010e-02,-4.397408410897863523e-02,2.688473849768399562e-03,3.243828259265355961e-03,-5.200000000000000178e-01,3.438205812762019642e-01,1.417265432306333006e-01,-3.806692201913317725e-02,-1.510131901845749025e-01,1.698723434183657677e+00,1.249016820007343570e-01,1.303438582652834077e+00,3.199489149017285539e-01,-1.171942104273018398e-01,1.534091251518799326e-01,9.878459268186865969e-03,-1.600732326325385202e+00,1.948268376045504124e-01,-1.479419758333153867e+00
0.000000000000000000e+00,0.000000000000000000e+00,2.101288059536818575e-01,7.009991606987809876e-01,7.447650548621014673e-19,7.131620970716296970e-01,7.447650548621014673e-19,-1.445986219960640473e-01,-1.355340787136436603e-02,4.481672601739461123e-03,1.657627331408180471e-01,6.703537602742207224e-02,1.402040227150070165e-02,-2.222897833491155328e-01,3.460312869828690435e-02,-1.579435099353702562e-02,3.335345779833474578e-01,-6.496610999620384963e-02,-4.383973982383767426e-02,1.429018325246758777e-03,1.432502232812759083e-02,-5.199834561441030178e-01,1.594606239104597589e-01,1.106228197318541162e-01,-2.002516854269536725e-02,8.664152651680877282e-02,1.699582152999782991e+00,1.531656051058101764e-01,1.275494187277088187e+00,1.397452922926605556e-01,-1.238601806850768150e-01,1.138890773592189931e-01,2.141445684712842967e-01,-1.565988286359291548e+00,1.822311524153369389e-01,-1.428900088338414642e+00
0.000000000000000000e+00,0.000000000000000000e+00,2.444334316209863522e-01,7.279130005602416631e-01,1.040898497163497258e-19,6.856695002808463890e-01,1.040898497163497258e-19,-9.453892416839945745e-02,-1.364848140026920544e-02,3.758532394574336504e-03,6.214150042706535759e-02,1.215790076216519827e-01,1.389477898297285068e-02,-1.539229414299881915e-01,3.528257789472320771e-02,-1.327325253610715620e-02,1.907374962620156100e-01,9.783977883753625093e-03,-4.349119931285081592e-02,-5.479937614898532528e-04,2.543056957954847527e-02,-5.200000000000000178e-01,-4.842148765020935774e-02,1.737474197555928870e-02,1.321916618155020429e-01,4.049929032613475699e-01,1.793429354590096336e+00,1.102463417518273897e-01,1.326460426164130624e+00,-6.641567018434794967e-02,-2.806817793858391516e-02,-1.243016173462072882e-01,5.054051288793017793e-01,-1.715299573509374564e+00,4.303815959349203968e-02,-1.447094726367264217e+00
0.000000000000000000e+00,0.000000000000000000e+00,2.501472842317526424e-01,7.261074599333448010e-01,1.142386586241530355e-18,6.875812363853059939e-01,1.142386586241530355e-18,-1.688316085701964120e-01,-1.335039797023302235e-02,4.769579365203258613e-03,2.184539674161225242e-01,3.990593759201697260e-02,1.391017849730359635e-02,-2.006973029330254843e-01,3.473140723141689840e-02,-1.495688719461783431e-02,2.890921491635135010e-01,-4.177618172820558862e-02,-4.360649396475527184e-02,-4.921951108271067823e-04,2.471221987382771212e-02,-5.200000000000000178e-01,-8.878617536146223010e-02,-6.633796720961079862e-02,2.726583189644089522e-01,3.627565490508758983e-01,1.911319823123621475e+00,2.417060634131927913e-02,1.276945390910354972e+00,-9.726583997475110599e-02,9.606633041657487715e-02,-3.364788071427241012e-01,4.022448572533108280e-01,-1.908395064501145155e+00,-9.789966831048219076e-02,-1.329509170581991473e+00
0.000000000000000000e+00,0.000000000000000000e+00,2.558611368425189325e-01,7.242968984825685075e-01,2.180675423493088063e-18,6.894882180636099367e-01,2.180675423493088063e-18,-2.137967518943763578e-01,-1.315779640143733067e-02,5.383215494612429361e-03,3.127003956741097324e-01,-8.987729107291834996e-03,1.394428008894710129e-02,-2.352043068931700953e-01,3.431879657931354022e-02,-1.620722795084805420e-02,3.615812952230678112e-01,-7.973029335927600547e-02,-4.374165224767828652e-02,-6.292920105408938329e-04,2.388165346074700573e-02,-5.200000000000000178e-01,-1.044023298910205233e-01,-2.053810408494675596e-02,1.788637271218800340e-01,3.413880275004397835e-01,1.827469739364051993e+00,1.002649790426159565e-01,1.197738074550944276e+00,-9.091589177660402976e-02,2.416659029878884951e-02,-1.738135612035946465e-01,3.405211210424113344e-01,-1.770448411141786416e+00,8.504533380398528533e-03,-1.177801643377832441e+00
0.000000000000000000e+00,0.000000000000000000e+00,2.358518977034835540e-01,6.979113872790825290e-01,5.176244249095238761e-18,7.161841212329316253e-01,5.176244249095238761e-18,-2.551589660211557309e-01,-1.296376099229758216e-02,5.945952348547474745e-03,4.009711715844909152e-01,-5.522555798524393655e-02,1.398080272310667574e-02,-2.676074743181535154e-01,3.392634105245993098e-02,-1.739079295436438480e-02,4.317321013823799403e-01,-1.174383122288585046e-01,-4.390816160362526199e-02,1.865096674259519860e-03,1.024473154242006023e-02,-5.198387802320796336e-01,1.652384806520902638e-01,4.350960987181318185e-02,3.665807905601684014e-02,-1.026994008000242514e-01,1.754371175756912260e+00,1.061242612602682628e-01,1.075986403279489689e+00,1.858421240766419957e-01,-3.959057097174943640e-02,3.432717108948232787e-02,-9.345792730385597824e-02,-1.673585317958194763e+00,1.069202302733628096e-01,-1.045061819710619178e+00
0.000000000000000000e+00,0.000000000000000000e+00,2.158426585644480089e-01,6.705426121387345617e-01,4.367605112035095455e-18,7.418710166236194281e-01,4.367605112035095455e-18,-2.568562892247256424e-01,-1.292710271387646076e-02,5.952322952431649515e-03,4.057588126415156982e-01,-5.762593545927269939e-02,1.394140824886089952e-02,-2.660965073653849267e-01,3.391684275350459465e-02,-1.732071051958967295e-02,4.303615922190177079e-01,-1.175184326076178370e-01,-4.386388489456283929e-02,2.710058652361729738e-03,2.707962256607757568e-03,-5.194221815059303360e-01,4.158878922261292077e-01,1.159168485874798454e-01,-3.953317920524364315e-02,-4.359985646474395793e-01,1.709641735606379775e+00,1.268215660308594228e-01,1.056545187021086463e+00,4.343645401550383367e-01,-1.290825938256537353e-01,1.692615866895442744e-01,-4.202302980896174822e-01,-1.642868714036473721e+00,2.006437971866865955e-01,-1.008922472678837945e+00
0.000000000000000000e+00,0.000000000000000000e+00,1.958334194254126304e-01,6.422291320105268930e-01,7.610174594359520799e-18,7.665127148306186688e-01,7.610174594359520799e-18,-1.824515087781565237e-01,-1.324662814048900919e-02,4.930129733292295917e-03,2.471326748527140627e-01,2.694893337288566809e-02,1.383911599151634204e-02,-2.291591746674790098e-01,3.431413774965074576e-02,-1.594988777338515740e-02,3.519208159530550772e-01,-7.595290355755925094e-02,-4.361816972816792010e-02,2.798524568593219967e-03,3.180285521674010990e-03,-5.197478602884566534e-01,6.945169836682033582e-01,1.514884779230315226e-01,-5.534176098241725544e-02,-6.866658960929254985e-01,1.682769358019438721e+00,1.142049632226807276e-01,1.153415765285345174e+00,7.130629337256122469e-01,-1.505222945396206546e-01,1.918585100595906201e-01,-6.722919665305301384e-01,-1.658018171522097406e+00,1.715571082540054693e-01,-1.059206927887393457e+00
0.000000000000000000e+00,0.000000000000000000e+00,1.758241802863770575e-01,6.130108368066252700e-01,0.000000000000000000e+00,7.900744989921147932e-01,0.000000000000000000e+00,-6.808384708136405727e-02,-1.359192194772222348e-02,3.340914047188103635e-03,3.032963166615072570e-06,1.607185441872170384e-01,1.369039433700318560e-02,-1.213835741562005743e-01,3.548085914688247494e-02,-1.204247664557503081e-02,1.192912664121487387e-01,4.903432598108474483e-02,-4.324261842638268960e-02,2.772350811154953784e-03,3.302291370934841604e-03,-5.200000000000000178e-01,1.022909465869927370e+00,1.834966983466188584e-01,-5.709779441179572979e-02,-8.370086867607848813e-01,1.640330310326524321e+00,1.107413749105913003e-01,1.405224499546945838e+00,1.038362293192126362e+00,-1.862389888556388318e-01,2.094435699787637328e-01,-8.212892986018384134e-01,-1.642744731125030055e+00,1.507228780078134767e-01,-1.278269849318846241e+00
0.000000000000000000e+00,0.000000000000000000e+00,1.758241802863770575e-01,5.906262808652861240e-01,1.324571513409943357e-17,8.069452251245062824e-01,1.324571513409943357e-17,-1.155755725188681859e-01,-1.348859580191858268e-02,4.013016305032038149e-03,1.018563887538214835e-01,1.053781616495524515e-01,1.378866071850808929e-02,-1.810927411915851382e-01,3.484342387430682669e-02,-1.420597783910834688e-02,2.463421680383583168e-01,-1.840647469711605144e-02,-4.344089813718722548e-02,2.772359801389146297e-03,3.302338885951973391e-03,-5.200000000000000178e-01,9.442589567686642260e-01,1.642229968923642480e-01,-5.924667655803117494e-02,-7.819844283328776235e-01,1.646038987735439774e+00,1.233180431327772775e-01,1.434178683405626265e+00,9.690315634342956397e-01,-1.492391773721106207e-01,1.952691233668492898e-01,-7.595439926958240662e-01,-1.638565153868175583e+00,1.431315554102860765e-01,-1.354908906299494564e+00
0.000000000000000000e+00,0.000000000000000000e+00,1.758241802863770575e-01,5.677776759119873562e-01,1.563900088861546796e-17,8.231819426688016250e-01,1.563900088861546796e-17,-1.626225802930893749e-01,-1.335182273335636279e-02,4.669288038233821228e-03,2.031993263174674824e-01,5.035596610922344479e-02,1.386185362780362543e-02,-2.135065640131038611e-01,3.454121258437001935e-02,-1.540008050863264991e-02,3.159197943191776603e-01,-5.568929050501481015e-02,-4.360478777409109580e-02,2.770007502026716317e-03,3.311992441274661057e-03,-5.200000000000000178e-01,8.654452988977437977e-01,1.462486860313879922e-01,-5.949536938938750075e-02,-7.295391274362356127e-01,1.650221874793905474e+00,1.358443336632265963e-01,1.460608022303387932e+00,8.987977255608059490e-01,-1.135473819360049708e-01,1.795637351215487731e-01,-7.006758742999019685e-01,-1.634211685928583346e+00,1.353199602892800890e-01,-1.428263132941255398e+00
0.000000000000000000e+00,0.000000000000000000e+00,1.758241802863770575e-01,5.444829738613272685e-01,1.801999924051243037e-17,8.387718946025345401e-01,1.801999924051243037e-17,-1.599161561879207105e-01,-1.339274561352236069e-02,4.646552606793385477e-03,1.995918684782049812e-01,5.057484632415737424e-02,1.390166877279255982e-02,-2.097170329722962689e-01,3.464124672608880767e-02,-1.528734359775112649e-02,3.092734196572260452e-01,-5.292838545330356276e-02,-4.365579704308549663e-02,2.770294813822264321e-03,3.311832263847163966e-03,-5.200000000000000178e-01,7.864259574568261968e-01,1.307667174248355602e-01,-5.621035462686016504e-02,-6.822620405415026346e-01,1.651718000164848821e+00,1.482701488395239686e-01,1.482250927961347164e+00,8.269912541269547335e-01,-8.046646775562996123e-02,1.608606260015870426e-01,-6.475144772897996059e-01,-1.629672481487483671e+00,1.270340430012004140e-01,-1.495510358697783593e+00
0.000000000000000000e+00,0.000000000000000000e+00,1.758241802863770575e-01,5.207604771218176110e-01,2.038683946380260429e-17,8.537028320603470277e-01,2.038683946380260429e-17,-9.965355243588105982e-02,-1.360074000769206232e-02,3.816669236078855647e-03,7.159898592472156709e-02,1.179203599936487212e-01,1.386040451794457069e-02,-1.557241455922585283e-01,3.521266859831722468e-02,-1.332110844077689579e-02,1.938879258040925313e-01,8.530436945946275051e-03,-4.346068290602807943e-02,2.772354719317603189e-03,3.302312026282774957e-03,-5.200000000000000178e-01,7.070164857531641145e-01,1.198510495910047602e-01,-4.760114568464086232e-02,-6.451468183116199073e-01,1.649890366298046862e+00,1.598516748235454810e-01,1.494409300241472449e+00,7.529139473295155538e-01,-5.232660357678209362e-02,1.375015184016966652e-01,-6.057937381561342427e-01,-1.625344604006563554e+00,1.178133022642121330e-01,-1.551287317278921885e+00
0.000000000000000000e+00,0.000000000000000000e+00,1.758241802863770575e-01,5.325441749414828729e-01,1.921826192431362378e-17,8.464022103798496399e-01,1.921826192431362378e-17,-1.760339725351436346e-01,-1.339926963601983934e-02,4.902900428755616914e-03,2.339335805675519520e-01,2.586224752547007164e-02,1.400790722156505276e-02,-2.371361483376195900e-01,3.436401215421219096e-02,-1.631011803063451074e-02,3.716013049971158555e-01,-8.847667787379698279e-02,-4.384441640960082265e-02,2.771224569527976512e-03,3.300773738230782395e-03,-5.199900358537312695e-01,6.250041222525586360e-01,1.154184886150225464e-01,-4.513958919937342135e-02,-5.738307969551122989e-01,1.661959386003701411e+00,1.633033850953218569e-01,1.455590535503113125e+00,6.804193048841059577e-01,-3.011575060255043679e-02,1.137885692684872940e-01,-5.450039791280595347e-01,-1.628594648230180075e+00,1.059025093952231655e-01,-1.530309318319282630e+00
0.000000000000000000e+00,0.000000000000000000e+00,1.758241802863770575e-01,5.442255419422512563e-01,1.804599150717610552e-17,8.389389486116751726e-01,1.804599150717610552e-17,-2.779299752613840768e-01,-1.295675414866663544e-02,6.316963430576725408e-03,4.490846130901143818e-01,-9.276545493941282250e-02,1.415428151663281585e-02,-2.950270172013000902e-01,3.372001981063247472e-02,-1.847302738238318712e-02,4.980582887201529529e-01,-1.576595460716836150e-01,-4.424304033383456153e-02,2.772618763599999769e-03,3.303146776595987464e-03,-5.199993788182518673e-01,5.472940002518476010e-01,1.104266961283389969e-01,-4.136973397194143587e-02,-4.949953385486552948e-01,1.671400591765387356e+00,1.662841662646321050e-01,1.428669747579704108e+00,6.095092616638182470e-01,-2.482746133368934904e-02,1.026729064010282466e-01,-4.775191303821017530e-01,-1.624734427617924304e+00,1.143292121720257404e-01,-1.518724179493454507e+00
0.000000000000000000e+00,0.000000000000000000e+00,1.758241802863770575e-01,5.901308913178662241e-01,1.329823692272105438e-17,8.073075814783240434e-01,1.329823692272105438e-17,-3.405961444955720729e-01,-1.268103218683909461e-02,7.217518375686446386e-03,5.851700474296707144e-01,-1.608955743159014851e-01,1.432983268890937988e-02,-3.473019567002431085e-01,3.310233791562435662e-02,-2.046169664271256516e-02,6.073410010983387730e-01,-2.141093551539952622e-01,-4.470772173447508380e-02,2.772393022431987424e-03,3.302360595141812412e-03,-5.199999978776513876e-01,4.749202265109193632e-01,1.142727163891891912e-01,-4.085268142712034090e-02,-3.788517950465759565e-01,1.686790855029825620e+00,1.596633966699519958e-01,1.362718646286543267e+00,5.435167903604617434e-01,-2.927002795557656981e-02,8.910287155388545155e-02,-3.894497053972078571e-01,-1.626543911405565979e+00,1.181367463530868384e-01,-1.436453461030974932e+00
0.000000000000000000e+00,0.000000000000000000e+00,1.758241802863770575e-01,6.342022056556870790e-01,8.509153485945361104e-18,7.731672279277373994e-01,8.509153485945361104e-18,-3.388705476086956159e-01,-1.267886762480514504e-02,7.185632782029553051e-03,5.755314318218293090e-01,-1.518106034449979713e-01,1.431204577915823686e-02,-3.460095782129475328e-01,3.309145126438538254e-02,-2.039511393543850387e-02,5.975520015824824505e-01,-2.054989756422574698e-01,-4.466343997743543043e-02,2.772392216012670683e-03,3.302349130168599420e-03,-5.200000000000000178e-01,4.087639731210226945e-01,1.170683591711151050e-01,-4.061823141003145787e-02,-2.539225647126216456e-01,1.698011164070257761e+00,1.525202701325297505e-01,1.311968390780726468e+00,4.816779460310411376e-01,-3.385972547785381231e-02,7.641971265413383119e-02,-2.930459412010344433e-01,-1.626857201534295028e+00,1.207192809903053637e-01,-1.366467848035756161e+00
0.000000000000000000e+00,0.000000000000000000e+00,1.791803572970880332e-01,6.736770725213591104e-01,4.001458350851881420e-18,7.390258466109635993e-01,4.001458350851881420e-18,-2.703675525710824701e-01,-1.298300839437013104e-02,6.205186866219480381e-03,4.261087906407650672e-01,-7.093906273557534781e-02,1.412917680062801898e-02,-2.900129502534608550e-01,3.376052535577433317e-02,-1.827252851075759910e-02,4.745597924790666000e-01,-1.384866400453218793e-01,-4.418342270384676557e-02,2.765383159505906911e-03,3.252989681166718917e-03,-5.197889824916230861e-01,3.434287544770702749e-01,1.184201386733420985e-01,-3.909506636291391196e-02,-1.216748333528016313e-01,1.705531410208078746e+00,1.458029473703197354e-01,1.277212938706351997e+00,4.181228871899947963e-01,-3.762309367804897442e-02,6.395585652754176564e-02,-1.886702147461191970e-01,-1.626241953895913417e+00,1.229254808715118802e-01,-1.310106379604034421e+00
0.000000000000000000e+00,0.000000000000000000e+00,1.825365343077990365e-01,7.113169110611236023e-01,0.000000000000000000e+00,7.028714335057739682e-01,0.000000000000000000e+00,-8.359626618984375424e-02,-1.366947749849199874e-02,3.602037623585021935e-03,3.875920448357358244e-02,1.341636350532922906e-01,1.387223560117264651e-02,-1.337930637833353587e-01,3.549360469126617429e-02,-1.254277335439708992e-02,1.478692079027342787e-01,3.256346984285648366e-02,-4.343727409844171106e-02,2.711407075477684312e-03,3.194261554539794181e-03,-5.193555261316815663e-01,2.767090079443967898e-01,1.182565708502395091e-01,-3.581528187181957923e-02,2.147735042934076702e-02,1.710402781735832489e+00,1.399907131526031134e-01,1.258848483762770920e+00,3.512623412399901168e-01,-4.043180844290322068e-02,5.105583837735188507e-02,-7.207562205351408791e-02,-1.624667870122209035e+00,1.249045130400172204e-01,-1.269219020690350863e+00
0.000000000000000000e+00,0.000000000000000000e+00,2.160983044149080989e-01,7.253493619063418052e-01,0.000000000000000000e+00,6.883809288337837673e-01,0.000000000000000000e+00,-8.810970312650359682e-02,-1.366077852227402627e-02,3.666513219064606883e-03,4.838698915808080370e-02,1.289884671055606391e-01,1.388128488386743478e-02,-1.428831127638961473e-01,3.539644593051835542e-02,-1.287167887773466544e-02,1.672028156550217637e-01,2.230399052156872494e-02,-4.345751274367719297e-02,2.302403514452996437e-03,2.978636277682736831e-03,-5.189243161494304646e-01,7.439867981467362945e-02,1.161296604024918966e-01,-1.198620000652313774e-03,3.214230234227464789e-01,1.694319519563629584e+00,1.515537947514095374e-01,1.360978501621651127e+00,1.182276508164440548e-01,-3.666458638075970056e-02,1.024567884876125684e-02,2.208093434126003340e-01,-1.610583559717151170e+00,1.425781227379444571e-01,-1.334721563860170601e+00
0.000000000000000000e+00,0.000000000000000000e+00,2.496600745220171613e-01,7.390866794099348880e-01,0.000000000000000000e+00,6.736103326989546503e-01,0.000000000000000000e+00,-8.340446436061683955e-02,-1.366728076162540551e-02,3.598374699335629007e-03,3.831561436466510845e-02,1.344358763852040728e-01,1.386891091961903882e-02,-1.331417831005244079e-01,3.549335492707168804e-02,-1.251667658792370366e-02,1.464505146147534187e-01,3.334616284606874148e-02,-4.342755427260490408e-02,2.772350811154953784e-03,3.302291370934841604e-03,-5.200000000000000178e-01,-1.784200110104822434e-01,1.171773243678382731e-01,4.876611732870902299e-02,7.723878919175317659e-01,1.671540749108451518e+00,1.675902562604643653e-01,1.555941867884280683e+00,-1.407084259296003947e-01,-3.920761532126147003e-02,-4.812889180813774426e-02,6.272580858787728531e-01,-1.588307915654672664e+00,1.518097127214441677e-01,-1.487178519640823371e+00
0.000000000000000000e+00,0.000000000000000000e+00,2.496600745220171613e-01,7.232838709119959741e-01,1.205886173691648113e-18,6.905508251233641870e-01,1.205886173691648113e-18,-9.699521300567832960e-02,-1.366714416785193634e-02,3.802486951555683527e-03,6.703865853944349085e-02,1.189487143307855765e-01,1.392711888531770852e-02,-1.636209292630421697e-01,3.523013996368602047e-02,-1.364495455898377500e-02,2.110008086698115792e-01,-8.886620069404821756e-04,-4.358020333417997327e-02,3.416538493115890349e-03,3.920778330519666087e-03,-5.200000000000000178e-01,1.040327062141133962e-01,1.106468180826169628e-01,-1.810810780365873854e-02,2.799220240696823070e-01,1.694651571720857897e+00,1.608524996630550652e-01,1.335031129549854922e+00,1.027999030656903540e-01,-3.161284612636359320e-02,1.994934128533127835e-02,1.729865349015634046e-01,-1.623416184068440904e+00,1.546156786532766059e-01,-1.266023345554721846e+00
0.000000000000000000e+00,0.000000000000000000e+00,2.496600745220171613e-01,7.070928694220526278e-01,2.411125137372798430e-18,7.071206926773448975e-01,2.411125137372798430e-18,-1.136707017916757240e-01,-1.362342979537330828e-02,4.038034126973734719e-03,1.028826291515967800e-01,9.966013307692637990e-02,1.395179851261881161e-02,-1.857969412108688989e-01,3.497817045953147130e-02,-1.444774505842578299e-02,2.585270438195219067e-01,-2.623413543395603301e-02,-4.364376698036783603e-02,3.319115546676907821e-03,3.972509244841593117e-03,-5.200000000000000178e-01,3.374850548381563287e-01,1.094883952350536455e-01,-7.146859357675773572e-02,-7.136222840163862491e-02,1.719542087388419072e+00,1.602753533835178379e-01,1.211467247865756880e+00,3.078143493324010938e-01,-3.088729383301594411e-02,7.479397007009844223e-02,-1.710292478173816300e-01,-1.655359507905862504e+00,1.491547326561687425e-01,-1.122048501735900983e+00
0.000000000000000000e+00,0.000000000000000000e+00,2.496600745220171613e-01,6.905223647976546086e-01,2.007727439158902554e-18,7.233110421625366104e-01,2.007727439158902554e-18,-1.133736055301862722e-01,-1.362449292791088548e-02,4.033933014662763154e-03,1.027842112278994358e-01,9.946157979503994495e-02,1.395164985287422089e-02,-1.854904694965131828e-01,3.498196441715616806e-02,-1.443675780543402822e-02,2.584080628616778341e-01,-2.642147010083081143e-02,-4.364308454071259141e-02,3.044212200181793584e-03,3.771662795749817446e-03,-5.198793455923442774e-01,5.632595852596553598e-01,1.069386106777657497e-01,-1.226466082203049868e-01,-3.475371830741062484e-01,1.749177036157987697e+00,1.611331785841815800e-01,1.161155199724777098e+00,5.098022425058321705e-01,-3.280304622357554933e-02,1.258023078640588543e-01,-4.517656106356215950e-01,-1.684055817877238903e+00,1.368141525802493430e-01,-1.039008472241662817e+00
0.000000000000000000e+00,0.000000000000000000e+00,2.496600745220171613e-01,6.735812505777759585e-01,4.012673629824574887e-18,7.391131840726964386e-01,4.012673629824574887e-18,-9.245220746394955391e-02,-1.368471158118637551e-02,3.740560779400263491e-03,5.843614623988563350e-02,1.230032577305845420e-01,1.392758996540167243e-02,-1.569328208299707872e-01,3.532443713079334857e-02,-1.341026270059470470e-02,1.978472008862725839e-01,5.541868508565580415e-03,-4.358590154701613012e-02,2.928028843514965830e-03,3.636953099534627129e-03,-5.189994962756954155e-01,8.066506021910655466e-01,1.038599791911427456e-01,-1.785951504349461982e-01,-5.459008514211974861e-01,1.779461864915250047e+00,1.643793853239229885e-01,1.203834017579711535e+00,7.361699184508941896e-01,-4.039139694060567970e-02,1.797219761088322543e-01,-6.800243997278981878e-01,-1.706243363702522498e+00,1.208480417723842293e-01,-1.034475152944975163e+00
0.000000000000000000e+00,0.000000000000000000e+00,2.406453006407093809e-01,6.499544539709999347e-01,6.736702964050899636e-18,7.599731625282958314e-01,6.736702964050899636e-18,-1.043203172253347882e-01,-1.371785715058717811e-02,3.931575689516581505e-03,8.193358434522769740e-02,1.109254323198776149e-01,1.401658597484064205e-02,-1.961268934666912933e-01,3.497727767222875983e-02,-1.487119149898706930e-02,2.791617677017723120e-01,-3.673580019823040332e-02,-4.381571215608326408e-02,2.810579349602877145e-03,3.422611882086061194e-03,-5.190283307556394776e-01,8.997927032678453285e-01,9.252549026144549216e-02,-1.996810826160958507e-01,-6.149199536579290637e-01,1.787294840457818168e+00,1.737710133727186357e-01,1.284704798532463332e+00,8.386158922669131321e-01,-4.079458610931056828e-02,2.021309710274741822e-01,-7.679176042806319380e-01,-1.708954173808335364e+00,1.159152441050554233e-01,-1.097802721662644032e+00
0.000000000000000000e+00,0.000000000000000000e+00,2.316305267594015171e-01,6.256820158656242192e-01,9.454040298598493971e-18,7.800782108367908529e-01,9.454040298598493971e-18,-2.011569377066301512e-01,-1.327591019246343942e-02,5.239983650630637181e-03,2.866206055000690145e-01,3.579655043062412306e-03,1.401149855644927104e-02,-2.417910261547447093e-01,3.429797395103163782e-02,-1.647434196154212369e-02,3.755715101646033838e-01,-8.722178574152958386e-02,-4.384376695821586706e-02,2.771463517844518186e-03,3.302821686670218571e-03,-5.200000000000000178e-01,9.811174946927143647e-01,8.681958822033591927e-02,-2.233179092793499410e-01,-6.636957591878488438e-01,1.787774822095021365e+00,1.882594977063148101e-01,1.382004134008804730e+00,9.380950056907662038e-01,-4.708926807313140034e-02,2.248142658190150633e-01,-8.366293470901948748e-01,-1.705730275857263889e+00,1.144898647390692609e-01,-1.183244654125757522e+00
0.000000000000000000e+00,0.000000000000000000e+00,2.136009789967860117e-01,5.940909260328526287e-01,1.287758774783547753e-17,8.043978938345298646e-01,1.287758774783547753e-17,-2.485759354585372616e-01,-1.308604089185370217e-02,5.904786522524422578e-03,3.814016426442941032e-01,-5.140327913907608709e-02,1.409567457487651172e-02,-2.760902193535804683e-01,3.392509298407099527e-02,-1.775537043194645725e-02,4.496389035758925901e-01,-1.278130312716225236e-01,-4.408585058386728373e-02,2.771097442475459628e-03,3.302844266347426845e-03,-5.200000000000000178e-01,8.949612448190253922e-01,7.078061157324685992e-02,-2.058049809595568769e-01,-6.408249875849668653e-01,1.768623952806147370e+00,2.016125050987253309e-01,1.450387850843326998e+00,8.768826872088147928e-01,-3.629997549401507706e-02,2.112701474718851891e-01,-8.130020000152484716e-01,-1.690676037659906816e+00,1.215158307663330023e-01,-1.258364817610368780e+00
0.000000000000000000e+00,0.000000000000000000e+00,1.955714312341703676e-01,5.615555619791166020e-01,1.628066699329153524e-17,8.274390314762282150e-01,1.628066699329153524e-17,-2.470813589208958050e-01,-1.309421318736050943e-02,5.884850008759196123e-03,3.810638231000533227e-01,-5.248414727043235195e-02,1.409492802565747924e-02,-2.746161175452673242e-01,3.394808008916585379e-02,-1.770364828947162614e-02,4.492713298430362490e-01,-1.289094028686681714e-01,-4.408227460240509571e-02,2.771120803455641608e-03,3.302744276393627422e-03,-5.200000000000000178e-01,8.102732060625676969e-01,5.776382818639129446e-02,-1.872688139505411797e-01,-6.303974330049278985e-01,1.749822521068660208e+00,2.128595195566699017e-01,1.508730976258067846e+00,8.139237126185074889e-01,-2.672882470123782300e-02,1.972602302358113791e-01,-7.994935356430380446e-01,-1.676550812421267356e+00,1.273358491423273731e-01,-1.322100621756685079e+00
0.000000000000000000e+00,0.000000000000000000e+00,1.775418834715548622e-01,5.281276368415810385e-01,1.965786903128952889e-17,8.491650011653372188e-01,1.965786903128952889e-17,-1.978843940493884013e-01,-1.329169710849705151e-02,5.195853362162832986e-03,2.851342675689677031e-01,1.789073910382150273e-03,1.401009422712580846e-02,-2.387597947571910573e-01,3.434146024287969973e-02,-1.636720573176028357e-02,3.745893240060927387e-01,-8.926991104529538590e-02,-4.383678885341227294e-02,2.771532893799074412e-03,3.302607644595921283e-03,-5.200000000000000178e-01,7.265537058592683728e-01,4.766339437333869111e-02,-1.677084432673237868e-01,-6.322214878442233843e-01,1.731836264490224542e+00,2.223715496127542934e-01,1.556475247949403506e+00,7.495104298506275464e-01,-1.845573366539725660e-02,1.827916972379031169e-01,-7.961840806878169863e-01,-1.663546807078163159e+00,1.323222021848788343e-01,-1.374589306670759514e+00
0.000000000000000000e+00,0.000000000000000000e+00,1.595123357089393845e-01,4.938602824332122831e-01,0.000000000000000000e+00,8.695412706910397027e-01,0.000000000000000000e+00,-8.340446436061683955e-02,-1.366728076162540551e-02,3.598374699335629007e-03,3.831561436466510845e-02,1.344358763852040728e-01,1.386891091961903882e-02,-1.331417831005244079e-01,3.549335492707168804e-02,-1.251667658792370366e-02,1.464505146147534187e-01,3.334616284606874148e-02,-4.342755427260490408e-02,2.772350811154953784e-03,3.302291370934841604e-03,-5.200000000000000178e-01,6.429427742389878242e-01,4.037223549952568408e-02,-1.469551624441968185e-01,-6.458557103739814842e-01,1.715078775060828065e+00,2.305367418391797985e-01,1.592967901133347519e+00,6.834839874262215176e-01,-1.150062686203508384e-02,1.677683347502494926e-01,-8.029862908177366476e-01,-1.651851138029480026e+00,1.368071242063493842e-01,-1.415697702942048553e+00
