0.000000000000000000e+00,0.000000000000000000e+00,7.655902862548827903e-01,9.987509846687316895e-01,-4.681268706917762756e-02,9.374673478305339813e-03,1.473700348287820816e-02,-5.996614694595336914e-01,3.681578859686851501e-02,-4.886578395962715149e-02,5.045503973960876465e-01,-4.610325768589973450e-02,-1.403261069208383560e-02,-2.572778612375259399e-02,1.621693819761276245e-01,-1.472009271383285522e-01,3.667297363281250000e-01,-3.205479979515075684e-01,-6.091668829321861267e-02,3.627722710371017456e-02,0.000000000000000000e+00,0.000000000000000000e+00,2.289404571056365967e-01,1.994715929031372070e-01,-2.139812856912612915e-01,7.644221782684326172e-01,7.688100337982177734e-01,0.000000000000000000e+00,0.000000000000000000e+00,1.209488417953252792e-02,-9.613655507564544678e-02,1.307780295610427856e-01,7.496654987335205078e-01,-8.321024179458618164e-01,0.000000000000000000e+00,0.000000000000000000e+00
1.699197292327880859e-02,-1.598922535777091980e-04,7.645224690437316672e-01,9.988175630569458008e-01,-4.604198038578033447e-02,1.069310866296291351e-02,1.137098111212253571e-02,-5.898036360740661621e-01,3.842239826917648315e-02,-3.388999402523040771e-02,3.728398680686950684e-01,-2.278327196836471558e-02,-2.506038174033164978e-02,9.393613785505294800e-03,1.650557070970535278e-01,-1.370457559823989868e-01,3.426153659820556641e-01,-3.224525749683380127e-01,-5.983711034059524536e-02,4.404343664646148682e-02,0.000000000000000000e+00,0.000000000000000000e+00,2.362847477197647095e-01,1.965267956256866455e-01,-2.123056799173355103e-01,7.713133096694946289e-01,7.757138609886169434e-01,0.000000000000000000e+00,0.000000000000000000e+00,1.202850835397839546e-03,-9.923854470252990723e-02,1.424006968736648560e-01,7.459777593612670898e-01,-8.294466137886047363e-01,0.000000000000000000e+00,0.000000000000000000e+00
3.433358669281005859e-02,-9.981449693441390991e-05,7.631019711494445579e-01,9.988605380058288574e-01,-4.554871842265129089e-02,1.174221839755773544e-02,8.063715882599353790e-03,-5.796265602111816406e-01,3.694627061486244202e-02,-2.480692043900489807e-02,2.624591588973999023e-01,-1.393751706928014755e-02,-3.626362979412078857e-02,4.287254065275192261e-02,1.674527525901794434e-01,-1.271866708993911743e-01,3.246752619743347168e-01,-3.245149254798889160e-01,-5.835042893886566162e-02,5.105387046933174133e-02,0.000000000000000000e+00,0.000000000000000000e+00,2.429745495319366455e-01,1.951537877321243286e-01,-2.130248248577117920e-01,7.793101668357849121e-01,7.839778661727905273e-01,0.000000000000000000e+00,0.000000000000000000e+00,-7.246167864650487900e-03,-1.013383343815803528e-01,1.535915285348892212e-01,7.438125610351562500e-01,-8.269823193550109863e-01,0.000000000000000000e+00,0.000000000000000000e+00
5.207633972167968750e-02,2.385904081165790558e-04,7.613287329673766868e-01,9.988683462142944336e-01,-4.564055427908897400e-02,1.230844203382730484e-02,5.243051331490278244e-03,-5.746867656707763672e-01,3.367844223976135254e-02,-2.038009092211723328e-02,1.974260210990905762e-01,-1.864899322390556335e-02,-4.491076618432998657e-02,7.274845242500305176e-02,1.693693548440933228e-01,-1.179463565349578857e-01,3.173983395099639893e-01,-3.298950791358947754e-01,-5.664630606770515442e-02,5.731863528490066528e-02,0.000000000000000000e+00,0.000000000000000000e+00,2.486378848552703857e-01,1.953125894069671631e-01,-2.154626250267028809e-01,7.883313894271850586e-01,7.929779887199401855e-01,0.000000000000000000e+00,0.000000000000000000e+00,-1.303793024271726608e-02,-1.028844863176345825e-01,1.643622219562530518e-01,7.427572011947631836e-01,-8.262090086936950684e-01,0.000000000000000000e+00,0.000000000000000000e+00
7.014071941375732422e-02,8.724727667868137360e-04,7.592432260513305442e-01,9.988808035850524902e-01,-4.546787589788436890e-02,1.271462347358465195e-02,2.864411566406488419e-03,-5.742010474205017090e-01,2.945550531148910522e-02,-1.825852878391742706e-02,1.841771155595779419e-01,-1.767926104366779327e-02,-5.517385154962539673e-02,9.800182282924652100e-02,1.693532913923263550e-01,-1.095293015241622925e-01,3.197599947452545166e-01,-3.358424603939056396e-01,-5.545730143785476685e-02,6.298840790987014771e-02,0.000000000000000000e+00,0.000000000000000000e+00,2.525281906127929688e-01,1.956886649131774902e-01,-2.193548232316970825e-01,7.986241579055786133e-01,8.025920987129211426e-01,0.000000000000000000e+00,0.000000000000000000e+00,-1.573958247900009155e-02,-1.048118099570274353e-01,1.746398061513900757e-01,7.421112656593322754e-01,-8.285558819770812988e-01,0.000000000000000000e+00,0.000000000000000000e+00
8.884823322296142578e-02,1.806831452995538712e-03,7.591919064521789329e-01,9.989119768142700195e-01,-4.483506083488464355e-02,1.282206829637289047e-02,5.504148430190980434e-04,-5.779740810394287109e-01,2.270302362740039825e-02,-2.124958485364913940e-02,2.159430235624313354e-01,-6.351656746119260788e-03,-5.244623869657516479e-02,1.214427798986434937e-01,1.673998981714248657e-01,-1.017568781971931458e-01,3.320571482181549072e-01,-3.374278843402862549e-01,-5.424141138792037964e-02,6.857548654079437256e-02,0.000000000000000000e+00,0.000000000000000000e+00,2.550883591175079346e-01,1.955274343490600586e-01,-2.232999652624130249e-01,8.101866841316223145e-01,8.127121925354003906e-01,0.000000000000000000e+00,0.000000000000000000e+00,-1.488236803561449051e-02,-1.069206446409225464e-01,1.849109828472137451e-01,7.418584823608398438e-01,-8.345585465431213379e-01,0.000000000000000000e+00,0.000000000000000000e+00
1.083111763000488281e-01,3.002887126058340073e-03,7.616219282150268333e-01,9.989731907844543457e-01,-4.350811988115310669e-02,1.245457399636507034e-02,-2.119904384016990662e-03,-5.837394595146179199e-01,1.115650590509176254e-02,-2.938338741660118103e-02,2.705799639225006104e-01,1.781173050403594971e-02,-2.168081514537334442e-02,1.454213559627532959e-01,1.625720560550689697e-01,-9.390107542276382446e-02,3.510048389434814453e-01,-3.314919471740722656e-01,-5.320738628506660461e-02,7.425677031278610229e-02,0.000000000000000000e+00,0.000000000000000000e+00,2.571081221103668213e-01,1.933628022670745850e-01,-2.252195626497268677e-01,8.230228424072265625e-01,8.226911425590515137e-01,0.000000000000000000e+00,0.000000000000000000e+00,-1.011146418750286102e-02,-1.092746183276176453e-01,1.953119337558746338e-01,7.425325512886047363e-01,-8.434776067733764648e-01,0.000000000000000000e+00,0.000000000000000000e+00
1.279999017715454102e-01,4.368549911305308342e-03,7.622864603996276633e-01,9.991406798362731934e-01,-3.942515701055526733e-02,1.193010527640581131e-02,-4.613801371306180954e-03,-5.838414430618286133e-01,-4.218587186187505722e-03,-3.334911540150642395e-02,3.167791068553924561e-01,6.529501080513000488e-02,2.076661586761474609e-02,1.674901843070983887e-01,1.517725139856338501e-01,-8.569005131721496582e-02,3.692049086093902588e-01,-3.165628015995025635e-01,-5.312026292085647583e-02,7.926477491855621338e-02,0.000000000000000000e+00,0.000000000000000000e+00,2.585120499134063721e-01,1.866239458322525024e-01,-2.232692390680313110e-01,8.374353051185607910e-01,8.311146497726440430e-01,0.000000000000000000e+00,0.000000000000000000e+00,-1.148866605944931507e-03,-1.128610894083976746e-01,2.045579999685287476e-01,7.449429631233215332e-01,-8.531087636947631836e-01,0.000000000000000000e+00,0.000000000000000000e+00
1.480011940002441406e-01,5.863986792974174023e-03,7.607124209403991477e-01,9.993251562118530273e-01,-3.450792282819747925e-02,1.109287329018115997e-02,-5.948106758296489716e-03,-5.731105208396911621e-01,-1.551954448223114014e-02,-2.835434488952159882e-02,3.507486581802368164e-01,1.087893620133399963e-01,2.346274256706237793e-02,1.844595670700073242e-01,1.371721327304840088e-01,-8.062150329351425171e-02,3.979162573814392090e-01,-2.844621241092681885e-01,-4.605641961097717285e-02,8.269689977169036865e-02,0.000000000000000000e+00,0.000000000000000000e+00,2.590134143829345703e-01,1.767721772193908691e-01,-2.156795561313629150e-01,8.534101247787475586e-01,8.364983797073364258e-01,0.000000000000000000e+00,0.000000000000000000e+00,1.253654435276985168e-02,-1.152997985482215881e-01,2.103840261697769165e-01,7.507078051567077637e-01,-8.598752021789550781e-01,0.000000000000000000e+00,0.000000000000000000e+00
1.679705381393432617e-01,7.336756883887574077e-03,7.591551899909972922e-01,9.995251297950744629e-01,-2.843831479549407959e-02,1.010083500295877457e-02,-6.224237382411956787e-03,-5.557612776756286621e-01,-2.505282498896121979e-02,-1.643221639096736908e-02,3.797647356986999512e-01,1.288623511791229248e-01,5.835082381963729858e-03,1.928496956825256348e-01,1.183026954531669617e-01,-7.976935803890228271e-02,4.420397281646728516e-01,-2.358016669750213623e-01,-2.881105244159698486e-02,8.460633456707000732e-02,0.000000000000000000e+00,0.000000000000000000e+00,2.575222551822662354e-01,1.640935987234115601e-01,-2.031645178794860840e-01,8.707224726676940918e-01,8.381116390228271484e-01,0.000000000000000000e+00,0.000000000000000000e+00,3.032986819744110107e-02,-1.165752261877059937e-01,2.103108167648315430e-01,7.607986927032470703e-01,-8.613864779472351074e-01,0.000000000000000000e+00,0.000000000000000000e+00
1.873605251312255859e-01,8.700439939275383949e-03,7.594454050064086692e-01,9.997273683547973633e-01,-2.075706981122493744e-02,9.132356382906436920e-03,-5.560041405260562897e-03,-5.377652645111083984e-01,-3.916538879275321960e-02,-2.828539814800024033e-03,4.072723686695098877e-01,1.231610551476478577e-01,1.098550576716661453e-02,1.876493841409683228e-01,9.461338073015213013e-02,-8.022580295801162720e-02,5.040886998176574707e-01,-1.715436875820159912e-01,-4.344784654676914215e-03,8.553897589445114136e-02,0.000000000000000000e+00,0.000000000000000000e+00,2.527509629726409912e-01,1.489274948835372925e-01,-1.884673535823822021e-01,8.884168863296508789e-01,8.368793725967407227e-01,0.000000000000000000e+00,0.000000000000000000e+00,5.053684860467910767e-02,-1.175051406025886536e-01,2.033754587173461914e-01,7.751348018646240234e-01,-8.567668795585632324e-01,0.000000000000000000e+00,0.000000000000000000e+00
2.060135602951049805e-01,1.008853036910295486e-02,7.608688235282897727e-01,9.998797774314880371e-01,-1.223082561045885086e-02,8.065698668360710144e-03,-5.081084556877613068e-03,-5.181689262390136719e-01,-5.690050497651100159e-02,9.253601543605327606e-03,4.275467395782470703e-01,9.898150712251663208e-02,3.012476861476898193e-02,1.629866957664489746e-01,6.893998384475708008e-02,-7.784628123044967651e-02,5.926525592803955078e-01,-8.605736494064331055e-02,2.403421886265277863e-02,8.580826222896575928e-02,0.000000000000000000e+00,0.000000000000000000e+00,2.442670017480850220e-01,1.338503509759902954e-01,-1.748195141553878784e-01,9.044265151023864746e-01,8.354807496070861816e-01,0.000000000000000000e+00,0.000000000000000000e+00,7.093547284603118896e-02,-1.173644959926605225e-01,1.918073445558547974e-01,7.926053404808044434e-01,-8.466391563415527344e-01,0.000000000000000000e+00,0.000000000000000000e+00
2.239269018173217773e-01,1.151524460874497890e-02,7.622951030731200950e-01,9.999511241912841797e-01,-3.377680899575352669e-03,7.037225179374217987e-03,-6.067496258765459061e-03,-4.946635961532592773e-01,-7.441449910402297974e-02,2.202151343226432800e-02,4.382669925689697266e-01,7.110697031021118164e-02,4.223779588937759399e-02,1.190316677093505859e-01,4.025755822658538818e-02,-7.436075806617736816e-02,7.049216032028198242e-01,8.208010345697402954e-03,6.084293499588966370e-02,8.582537621259689331e-02,0.000000000000000000e+00,0.000000000000000000e+00,2.330163270235061646e-01,1.200264766812324524e-01,-1.649712473154067993e-01,9.164349436759948730e-01,8.361117243766784668e-01,0.000000000000000000e+00,0.000000000000000000e+00,8.889477699995040894e-02,-1.183666139841079712e-01,1.810603439807891846e-01,8.109340667724609375e-01,-8.346445560455322266e-01,0.000000000000000000e+00,0.000000000000000000e+00
2.411680221557617188e-01,1.286798436194658279e-02,7.632667183876037376e-01,9.999301433563232422e-01,5.628227256238460541e-03,6.145325023680925369e-03,-8.386031724512577057e-03,-4.680721759796142578e-01,-9.006785601377487183e-02,3.641313314437866211e-02,4.408443272113800049e-01,4.541368782520294189e-02,4.550291225314140320e-02,6.112127378582954407e-02,8.018181659281253815e-03,-7.062159478664398193e-02,8.286467194557189941e-01,1.017275676131248474e-01,1.118687540292739868e-01,8.570509403944015503e-02,0.000000000000000000e+00,0.000000000000000000e+00,2.198616266250610352e-01,1.080548316240310669e-01,-1.598792970180511475e-01,9.228282570838928223e-01,8.396240472793579102e-01,0.000000000000000000e+00,0.000000000000000000e+00,1.030286923050880432e-01,-1.233845204114913940e-01,1.775354444980621338e-01,8.272920250892639160e-01,-8.255245685577392578e-01,0.000000000000000000e+00,0.000000000000000000e+00
2.578498125076293945e-01,1.400339649990200996e-02,7.639198064804076926e-01,9.998076558113098145e-01,1.460581086575984955e-02,5.503541324287652969e-03,-1.187712606042623520e-02,-4.411821961402893066e-01,-1.046070829033851624e-01,5.139219760894775391e-02,4.392097890377044678e-01,2.077381685376167297e-02,4.801526293158531189e-02,-4.272194113582372665e-03,-2.760874293744564056e-02,-6.697386503219604492e-02,9.496499300003051758e-01,1.916453093290328979e-01,1.730578690767288208e-01,8.513152599334716797e-02,0.000000000000000000e+00,0.000000000000000000e+00,2.054837644100189209e-01,9.822298586368560791e-02,-1.591403931379318237e-01,9.228607416152954102e-01,8.450956940650939941e-01,0.000000000000000000e+00,0.000000000000000000e+00,1.135142147541046143e-01,-1.341712176799774170e-01,1.859309226274490356e-01,8.385933637619018555e-01,-8.234905600547790527e-01,0.000000000000000000e+00,0.000000000000000000e+00
2.741416692733764648e-01,1.485754968598484993e-02,7.645476222038268821e-01,9.996089935302734375e-01,2.312909625470638275e-02,5.114880856126546860e-03,-1.485749613493680954e-02,-4.152785837650299072e-01,-1.191540509462356567e-01,6.520047783851623535e-02,4.370320439338684082e-01,-3.164798021316528320e-03,5.074609443545341492e-02,-7.282000780105590820e-02,-6.495842337608337402e-02,-6.475558876991271973e-02,1.057691097259521484e+00,2.696936726570129395e-01,2.239988893270492554e-01,8.349914103746414185e-02,0.000000000000000000e+00,0.000000000000000000e+00,1.899438500404357910e-01,9.041839092969894409e-02,-1.614421606063842773e-01,9.174124598503112793e-01,8.506489992141723633e-01,0.000000000000000000e+00,0.000000000000000000e+00,1.220184862613677979e-01,-1.509093642234802246e-01,2.064660191535949707e-01,8.419225215911865234e-01,-8.301253318786621094e-01,0.000000000000000000e+00,0.000000000000000000e+00
2.902973890304565430e-01,1.548762666061520576e-02,7.653627753257751243e-01,9.993939399719238281e-01,3.040045313537120819e-02,4.478876013308763504e-03,-1.635403186082839966e-02,-3.877639770507812500e-01,-1.332425475120544434e-01,7.450848072767257690e-02,4.323569834232330322e-01,-2.533186599612236023e-02,5.480407178401947021e-02,-1.409157961606979370e-01,-9.443051367998123169e-02,-6.170012429356575012e-02,1.144228935241699219e+00,2.990190088748931885e-01,2.414899021387100220e-01,8.044338226318359375e-02,0.000000000000000000e+00,0.000000000000000000e+00,1.704578548669815063e-01,8.439899235963821411e-02,-1.636539548635482788e-01,9.114233255386352539e-01,8.568122982978820801e-01,0.000000000000000000e+00,0.000000000000000000e+00,1.318836808204650879e-01,-1.735206991434097290e-01,2.327836155891418457e-01,8.356170654296875000e-01,-8.412172794342041016e-01,0.000000000000000000e+00,0.000000000000000000e+00
3.063161373138427734e-01,1.584925595670938492e-02,7.661091446876525657e-01,9.991723299026489258e-01,3.698567673563957214e-02,3.608716186136007309e-03,-1.654381863772869110e-02,-3.609734475612640381e-01,-1.476519107818603516e-01,8.005251735448837280e-02,4.295433759689331055e-01,-4.681185632944107056e-02,5.972405895590782166e-02,-2.074444293975830078e-01,-1.146944612264633179e-01,-5.695967376232147217e-02,1.209383487701416016e+00,2.722059488296508789e-01,2.415420711040496826e-01,7.628375291824340820e-02,0.000000000000000000e+00,0.000000000000000000e+00,1.500077098608016968e-01,8.055613934993743896e-02,-1.670030206441879272e-01,9.069676995277404785e-01,8.621329665184020996e-01,0.000000000000000000e+00,0.000000000000000000e+00,1.447603702545166016e-01,-1.958531588315963745e-01,2.569219172000885010e-01,8.184662461280822754e-01,-8.533672690391540527e-01,0.000000000000000000e+00,0.000000000000000000e+00
3.222006559371948242e-01,1.590445172041654587e-02,7.665619611740112083e-01,9.989274740219116211e-01,4.351999610662460327e-02,2.524220617488026619e-03,-1.560536306351423264e-02,-3.368550539016723633e-01,-1.629602164030075073e-01,8.335247635841369629e-02,4.321372210979461670e-01,-6.926409155130386353e-02,6.427435576915740967e-02,-2.711306512355804443e-01,-1.320974230766296387e-01,-5.305444449186325073e-02,1.254647374153137207e+00,2.123106867074966431e-01,2.391553223133087158e-01,7.138108462095260620e-02,0.000000000000000000e+00,0.000000000000000000e+00,1.300847828388214111e-01,7.860249280929565430e-02,-1.737713664770126343e-01,9.040927886962890625e-01,8.659477829933166504e-01,0.000000000000000000e+00,0.000000000000000000e+00,1.611890941858291626e-01,-2.126470059156417847e-01,2.709937989711761475e-01,7.919818758964538574e-01,-8.619843721389770508e-01,0.000000000000000000e+00,0.000000000000000000e+00
3.382046222686767578e-01,1.575582846999168396e-02,7.670044660568237083e-01,9.987266659736633301e-01,4.873216152191162109e-02,9.874914539977908134e-04,-1.300836913287639618e-02,-3.111262619495391846e-01,-1.775886267423629761e-01,8.267697691917419434e-02,4.347193539142608643e-01,-9.242214262485504150e-02,6.809236854314804077e-02,-3.286095261573791504e-01,-1.514264643192291260e-01,-5.350854620337486267e-02,1.275369644165039062e+00,1.471676826477050781e-01,2.156850695610046387e-01,6.557915359735488892e-02,0.000000000000000000e+00,0.000000000000000000e+00,1.039514169096946716e-01,7.647764682769775391e-02,-1.829308867454528809e-01,9.039144515991210938e-01,8.713258504867553711e-01,0.000000000000000000e+00,0.000000000000000000e+00,1.815478056669235229e-01,-2.244886904954910278e-01,2.692333757877349854e-01,7.615342736244201660e-01,-8.600682616233825684e-01,0.000000000000000000e+00,0.000000000000000000e+00
3.543300628662109375e-01,1.544483099132776260e-02,7.675829887390136497e-01,9.985632300376892090e-01,5.269831418991088867e-02,-5.774646997451782227e-04,-9.695374406874179840e-03,-2.833809554576873779e-01,-1.901108175516128540e-01,7.796961069107055664e-02,4.358550012111663818e-01,-1.156805530190467834e-01,7.144623994827270508e-02,-3.796380162239074707e-01,-1.670542359352111816e-01,-5.457279086112976074e-02,1.270121812820434570e+00,8.742865175008773804e-02,1.967472434043884277e-01,5.907762423157691956e-02,0.000000000000000000e+00,0.000000000000000000e+00,7.068204134702682495e-02,7.258542627096176147e-02,-1.945165991783142090e-01,9.075114727020263672e-01,8.793634772300720215e-01,0.000000000000000000e+00,0.000000000000000000e+00,2.034559249877929688e-01,-2.238536775112152100e-01,2.544108629226684570e-01,7.307548522949218750e-01,-8.489975333213806152e-01,0.000000000000000000e+00,0.000000000000000000e+00
3.704699277877807617e-01,1.497652288526296616e-02,7.681843996047973411e-01,9.984247088432312012e-01,5.575673282146453857e-02,-1.987718278542160988e-03,-5.946363322436809540e-03,-2.561004757881164551e-01,-2.008929997682571411e-01,7.095231860876083374e-02,4.382643699645996094e-01,-1.396167278289794922e-01,7.463304698467254639e-02,-4.252561926841735840e-01,-1.777273714542388916e-01,-5.389532074332237244e-02,1.240922093391418457e+00,3.026928566396236420e-02,1.812870204448699951e-01,5.208279192447662354e-02,0.000000000000000000e+00,0.000000000000000000e+00,3.537727147340774536e-02,6.913986057043075562e-02,-2.083119004964828491e-01,9.125923514366149902e-01,8.889038562774658203e-01,0.000000000000000000e+00,0.000000000000000000e+00,2.249526679515838623e-01,-2.153048962354660034e-01,2.296772450208663940e-01,7.019704580307006836e-01,-8.301213383674621582e-01,0.000000000000000000e+00,0.000000000000000000e+00
3.865413665771484375e-01,1.439970592036843300e-02,7.687517762184142844e-01,9.982957243919372559e-01,5.824350193142890930e-02,-3.036458045244216919e-03,-2.038695616647601128e-03,-2.303522676229476929e-01,-2.100026607513427734e-01,6.273962557315826416e-02,4.421876966953277588e-01,-1.637983471155166626e-01,7.768109440803527832e-02,-4.655500948429107666e-01,-1.858369410037994385e-01,-5.289407819509506226e-02,1.189567327499389648e+00,-2.362900599837303162e-02,1.581496745347976685e-01,4.481646418571472168e-02,0.000000000000000000e+00,0.000000000000000000e+00,2.358605153858661652e-03,6.827159970998764038e-02,-2.235713005065917969e-01,9.161052703857421875e-01,8.984618782997131348e-01,0.000000000000000000e+00,0.000000000000000000e+00,2.446223348379135132e-01,-2.063615918159484863e-01,1.992347687482833862e-01,6.769992113113403320e-01,-8.058747053146362305e-01,0.000000000000000000e+00,0.000000000000000000e+00
4.025465250015258789e-01,1.382549386471509933e-02,7.694246530532836692e-01,9.982609748840332031e-01,5.883168801665306091e-02,-3.308342769742012024e-03,1.696565654128789902e-03,-2.038001865148544312e-01,-2.157979160547256470e-01,5.257562547922134399e-02,4.422342777252197266e-01,-1.854868084192276001e-01,8.033527433872222900e-02,-4.990688562393188477e-01,-1.913695484399795532e-01,-5.404059961438179016e-02,1.115906953811645508e+00,-6.310379505157470703e-02,1.386281102895736694e-01,3.755786642432212830e-02,0.000000000000000000e+00,0.000000000000000000e+00,-2.902240864932537079e-02,6.843141466379165649e-02,-2.392049729824066162e-01,9.173176288604736328e-01,9.074198603630065918e-01,0.000000000000000000e+00,0.000000000000000000e+00,2.602140307426452637e-01,-1.949193626642227173e-01,1.704782992601394653e-01,6.581277847290039062e-01,-7.825047373771667480e-01,0.000000000000000000e+00,0.000000000000000000e+00
4.184583425521850586e-01,1.325558684766292572e-02,7.698402166366576926e-01,9.982499480247497559e-01,5.883952975273132324e-02,-3.049490973353385925e-03,5.063199903815984726e-03,-1.771588623523712158e-01,-2.192378193140029907e-01,4.167411103844642639e-02,4.391817450523376465e-01,-2.046768367290496826e-01,8.242000639438629150e-02,-5.259405374526977539e-01,-1.926676928997039795e-01,-5.473069474101066589e-02,1.024267554283142090e+00,-9.537517279386520386e-02,1.170259565114974976e-01,3.030658140778541565e-02,0.000000000000000000e+00,0.000000000000000000e+00,-5.565663799643516541e-02,6.973394006490707397e-02,-2.534630000591278076e-01,9.151684641838073730e-01,9.135765433311462402e-01,0.000000000000000000e+00,0.000000000000000000e+00,2.679846286773681641e-01,-1.844848543405532837e-01,1.484036296606063843e-01,6.492544412612915039e-01,-7.641829252243041992e-01,0.000000000000000000e+00,0.000000000000000000e+00
4.343223571777343750e-01,1.266672648489475250e-02,7.698151826858520286e-01,9.982505440711975098e-01,5.854215100407600403e-02,-2.284319838508963585e-03,7.965641096234321594e-03,-1.504410356283187866e-01,-2.216291427612304688e-01,3.107361495494842529e-02,4.332512915134429932e-01,-2.221538424491882324e-01,8.388961851596832275e-02,-5.456299185752868652e-01,-1.926859915256500244e-01,-5.779129266738891602e-02,9.188167452812194824e-01,-1.144077628850936890e-01,9.975674003362655640e-02,2.336356602609157562e-02,0.000000000000000000e+00,0.000000000000000000e+00,-7.805037498474121094e-02,7.020992040634155273e-02,-2.655310630798339844e-01,9.099445939064025879e-01,9.153833985328674316e-01,0.000000000000000000e+00,0.000000000000000000e+00,2.695861756801605225e-01,-1.775930672883987427e-01,1.351702660322189331e-01,6.486933827400207520e-01,-7.543103098869323730e-01,0.000000000000000000e+00,0.000000000000000000e+00
4.502050876617431641e-01,1.208894560113549232e-02,7.694781780242919700e-01,9.982519149780273438e-01,5.819297581911087036e-02,-1.010977663099765778e-03,1.028185151517391205e-02,-1.224607750773429871e-01,-2.230280786752700806e-01,2.082906104624271393e-02,4.224109649658203125e-01,-2.374704182147979736e-01,8.476371318101882935e-02,-5.576385259628295898e-01,-1.929605752229690552e-01,-6.656648963689804077e-02,8.021364808082580566e-01,-1.138262376189231873e-01,9.222771972417831421e-02,1.703890040516853333e-02,0.000000000000000000e+00,0.000000000000000000e+00,-9.797821938991546631e-02,6.866569072008132935e-02,-2.757520973682403564e-01,9.025875329971313477e-01,9.127079248428344727e-01,0.000000000000000000e+00,0.000000000000000000e+00,2.680604159832000732e-01,-1.740400046110153198e-01,1.307302564382553101e-01,6.528365612030029297e-01,-7.540941238403320312e-01,0.000000000000000000e+00,0.000000000000000000e+00
4.661448001861572266e-01,1.158465817570686340e-02,7.690341830253600852e-01,9.982923865318298340e-01,5.715114995837211609e-02,9.060121374204754829e-04,1.205031387507915497e-02,-9.244776517152786255e-02,-2.226078361272811890e-01,1.051824912428855896e-02,4.051597118377685547e-01,-2.490655928850173950e-01,8.504148572683334351e-02,-5.627965331077575684e-01,-1.889735311269760132e-01,-7.762841880321502686e-02,6.763466596603393555e-01,-1.050338968634605408e-01,8.616769313812255859e-02,1.127758249640464783e-02,0.000000000000000000e+00,0.000000000000000000e+00,-1.143858209252357483e-01,6.733669340610504150e-02,-2.852585613727569580e-01,8.935800790786743164e-01,9.066467881202697754e-01,0.000000000000000000e+00,0.000000000000000000e+00,2.629938125610351562e-01,-1.725523620843887329e-01,1.331895440816879272e-01,6.611505150794982910e-01,-7.611706256866455078e-01,0.000000000000000000e+00,0.000000000000000000e+00
4.822487831115722656e-01,1.103303767740726471e-02,7.683833599090575950e-01,9.983056187629699707e-01,5.648135021328926086e-02,3.085890086367726326e-03,1.364827435463666916e-02,-6.202476844191551208e-02,-2.222520858049392700e-01,8.814648608677089214e-04,3.862152993679046631e-01,-2.587784528732299805e-01,8.466987311840057373e-02,-5.619436502456665039e-01,-1.830658614635467529e-01,-8.739396184682846069e-02,5.457786917686462402e-01,-9.151899069547653198e-02,9.921815991401672363e-02,6.195152644068002701e-03,0.000000000000000000e+00,0.000000000000000000e+00,-1.275198012590408325e-01,6.567646563053131104e-02,-2.956188917160034180e-01,8.838751912117004395e-01,8.988864421844482422e-01,0.000000000000000000e+00,0.000000000000000000e+00,2.564909756183624268e-01,-1.732617467641830444e-01,1.382719129323959351e-01,6.714653372764587402e-01,-7.725188732147216797e-01,0.000000000000000000e+00,0.000000000000000000e+00
4.985518455505371094e-01,1.044326694682240486e-02,7.675823926925658958e-01,9.983083009719848633e-01,5.590423196554183960e-02,5.538411438465118408e-03,1.498601958155632019e-02,-3.155242279171943665e-02,-2.214364558458328247e-01,-7.941017858684062958e-03,3.658232390880584717e-01,-2.661900520324707031e-01,8.374164998531341553e-02,-5.549878478050231934e-01,-1.751454472541809082e-01,-9.725511074066162109e-02,4.125367701053619385e-01,-7.674700021743774414e-02,1.191066950559616089e-01,2.091859700158238411e-03,0.000000000000000000e+00,0.000000000000000000e+00,-1.378142982721328735e-01,6.425983458757400513e-02,-3.072867691516876221e-01,8.741670250892639160e-01,8.909554481506347656e-01,0.000000000000000000e+00,0.000000000000000000e+00,2.498446106910705566e-01,-1.741231232881546021e-01,1.422209888696670532e-01,6.816411614418029785e-01,-7.846524119377136230e-01,0.000000000000000000e+00,0.000000000000000000e+00
5.151069164276123047e-01,9.813475888222455978e-03,7.665560007095336692e-01,9.983203411102294922e-01,5.507969111204147339e-02,8.289252407848834991e-03,1.593904197216033936e-02,-1.366135082207620144e-03,-2.196024656295776367e-01,-1.601142808794975281e-02,3.455721437931060791e-01,-2.717286944389343262e-01,8.235285431146621704e-02,-5.479409098625183105e-01,-1.650992780923843384e-01,-1.055427044630050659e-01,2.931924760341644287e-01,-6.811095029115676880e-02,1.317659169435501099e-01,-1.136113540269434452e-03,0.000000000000000000e+00,0.000000000000000000e+00,-1.452985256910324097e-01,6.339426338672637939e-02,-3.196333646774291992e-01,8.650782108306884766e-01,8.834448456764221191e-01,0.000000000000000000e+00,0.000000000000000000e+00,2.437993288040161133e-01,-1.734942644834518433e-01,1.424597352743148804e-01,6.900687813758850098e-01,-7.947472929954528809e-01,0.000000000000000000e+00,0.000000000000000000e+00
5.320708751678466797e-01,8.954280172474682331e-03,7.648929119110107200e-01,9.982671737670898438e-01,5.544818937778472900e-02,1.039525587111711502e-02,1.673411950469017029e-02,2.656432054936885834e-02,-2.190782129764556885e-01,-2.275637723505496979e-02,3.340692520141601562e-01,-2.798980176448822021e-01,8.046666532754898071e-02,-5.532401204109191895e-01,-1.567098796367645264e-01,-1.027256399393081665e-01,2.221782654523849487e-01,-7.190441340208053589e-02,1.558993905782699585e-01,-4.242724739015102386e-03,0.000000000000000000e+00,0.000000000000000000e+00,-1.495645195245742798e-01,6.125493720173835754e-02,-3.315157592296600342e-01,8.575430512428283691e-01,8.758072853088378906e-01,0.000000000000000000e+00,0.000000000000000000e+00,2.396281659603118896e-01,-1.728497147560119629e-01,1.377167403697967529e-01,6.957198381423950195e-01,-8.017250895500183105e-01,0.000000000000000000e+00,0.000000000000000000e+00
5.494978427886962891e-01,7.798325466865208000e-03,7.627586483955383079e-01,9.981891512870788574e-01,5.636279657483100891e-02,1.229079812765121460e-02,1.704703085124492645e-02,5.202817171812057495e-02,-2.198112756013870239e-01,-2.788170054554939270e-02,3.316915333271026611e-01,-2.915169596672058105e-01,7.819040119647979736e-02,-5.646830797195434570e-01,-1.496948599815368652e-01,-8.962546288967132568e-02,1.969419270753860474e-01,-7.518584281206130981e-02,1.872765123844146729e-01,-7.373813074082136154e-03,0.000000000000000000e+00,0.000000000000000000e+00,-1.500951647758483887e-01,5.795062705874443054e-02,-3.414340913295745850e-01,8.524315953254699707e-01,8.677640557289123535e-01,0.000000000000000000e+00,0.000000000000000000e+00,2.372243553400039673e-01,-1.720343828201293945e-01,1.293970793485641479e-01,6.990010142326354980e-01,-8.056887984275817871e-01,0.000000000000000000e+00,0.000000000000000000e+00
5.672216415405273438e-01,6.374586024321615696e-03,7.603212952613830344e-01,9.981309175491333008e-01,5.700137838721275330e-02,1.413891930133104324e-02,1.690161786973476410e-02,7.522792369127273560e-02,-2.190059274435043335e-01,-3.175548464059829712e-02,3.333131670951843262e-01,-3.025579452514648438e-01,7.554873824119567871e-02,-5.715474486351013184e-01,-1.409456729888916016e-01,-7.213322818279266357e-02,2.000290751457214355e-01,-6.548090279102325439e-02,2.013051658868789673e-01,-1.045894995331764221e-02,0.000000000000000000e+00,0.000000000000000000e+00,-1.467266827821731567e-01,5.496932566165924072e-02,-3.482183218002319336e-01,8.504854440689086914e-01,8.594828248023986816e-01,0.000000000000000000e+00,0.000000000000000000e+00,2.355542629957199097e-01,-1.693003177642822266e-01,1.199157685041427612e-01,7.014033794403076172e-01,-8.076085448265075684e-01,0.000000000000000000e+00,0.000000000000000000e+00
5.852768421173095703e-01,4.679814213886857033e-03,7.590465307235717551e-01,9.981438517570495605e-01,5.641836673021316528e-02,1.610069163143634796e-02,1.632788777351379395e-02,9.823176264762878418e-02,-2.144417017698287964e-01,-3.532153740525245667e-02,3.360798358917236328e-01,-3.086097538471221924e-01,7.234571129083633423e-02,-5.745910406112670898e-01,-1.282292455434799194e-01,-5.540433526039123535e-02,2.251881957054138184e-01,-4.067423194646835327e-02,1.816305965185165405e-01,-1.350241526961326599e-02,0.000000000000000000e+00,0.000000000000000000e+00,-1.397128999233245850e-01,5.318465456366539001e-02,-3.516739606857299805e-01,8.526960015296936035e-01,8.516526222229003906e-01,0.000000000000000000e+00,0.000000000000000000e+00,2.341873794794082642e-01,-1.635041832923889160e-01,1.107670366764068604e-01,7.044699192047119141e-01,-8.087513446807861328e-01,0.000000000000000000e+00,0.000000000000000000e+00
6.040606498718261719e-01,2.635691314935684204e-03,7.608592867851257102e-01,9.982579946517944336e-01,5.404480546712875366e-02,1.720830425620079041e-02,1.624796725809574127e-02,1.242207959294319153e-01,-2.067868262529373169e-01,-3.947208076715469360e-02,3.431056141853332520e-01,-3.077753186225891113e-01,6.841703504323959351e-02,-5.856913328170776367e-01,-1.129770055413246155e-01,-4.217505082488059998e-02,2.793589234352111816e-01,-6.823086645454168320e-03,1.428637206554412842e-01,-1.656481623649597168e-02,0.000000000000000000e+00,0.000000000000000000e+00,-1.294630616903305054e-01,5.180574581027030945e-02,-3.525286614894866943e-01,8.603674173355102539e-01,8.454387187957763672e-01,0.000000000000000000e+00,0.000000000000000000e+00,2.339195907115936279e-01,-1.555216312408447266e-01,1.016898900270462036e-01,7.090467214584350586e-01,-8.100735545158386230e-01,0.000000000000000000e+00,0.000000000000000000e+00
6.232657432556152344e-01,3.338442184031009674e-04,7.605942249298095481e-01,9.984356164932250977e-01,5.052050203084945679e-02,1.802948676049709320e-02,1.577929966151714325e-02,1.482076346874237061e-01,-1.956741511821746826e-01,-4.359087347984313965e-02,3.533239960670471191e-01,-2.944443821907043457e-01,6.419074535369873047e-02,-5.899133682250976562e-01,-9.830106049776077271e-02,-3.890304639935493469e-02,3.307218253612518311e-01,3.812725841999053955e-02,1.104269623756408691e-01,-1.931892149150371552e-02,0.000000000000000000e+00,0.000000000000000000e+00,-1.159233152866363525e-01,5.088818818330764771e-02,-3.506625294685363770e-01,8.738816976547241211e-01,8.419742584228515625e-01,0.000000000000000000e+00,0.000000000000000000e+00,2.341189980506896973e-01,-1.457089334726333618e-01,9.274965524673461914e-02,7.159484624862670898e-01,-8.119133114814758301e-01,0.000000000000000000e+00,0.000000000000000000e+00
6.426763534545898438e-01,-2.170662395656108856e-03,7.585237383842468040e-01,9.986578226089477539e-01,4.607711359858512878e-02,1.843442022800445557e-02,1.482130680233240128e-02,1.671492606401443481e-01,-1.819058954715728760e-01,-4.647839441895484924e-02,3.718166947364807129e-01,-2.679433822631835938e-01,5.437620356678962708e-02,-5.844827294349670410e-01,-8.477281033992767334e-02,-4.313592612743377686e-02,3.744871616363525391e-01,7.364252209663391113e-02,9.100065380334854126e-02,-2.201875858008861542e-02,0.000000000000000000e+00,0.000000000000000000e+00,-9.887029975652694702e-02,4.999480023980140686e-02,-3.456017076969146729e-01,8.927470445632934570e-01,8.412237763404846191e-01,0.000000000000000000e+00,0.000000000000000000e+00,2.340916097164154053e-01,-1.352822929620742798e-01,8.373848348855972290e-02,7.255347371101379395e-01,-8.141397237777709961e-01,0.000000000000000000e+00,0.000000000000000000e+00
6.620512008666992188e-01,-4.843750968575477600e-03,7.581303477287292258e-01,9.989081025123596191e-01,4.090965166687965393e-02,1.823800615966320038e-02,1.327902264893054962e-02,1.793991327285766602e-01,-1.663876771926879883e-01,-4.780608043074607849e-02,4.043853282928466797e-01,-2.302012592554092407e-01,3.855906054377555847e-02,-5.767357349395751953e-01,-7.012873142957687378e-02,-4.885701462626457214e-02,4.200848937034606934e-01,7.847642898559570312e-02,7.207162678241729736e-02,-2.514500729739665985e-02,0.000000000000000000e+00,0.000000000000000000e+00,-7.861065119504928589e-02,4.886686429381370544e-02,-3.372337222099304199e-01,9.154842495918273926e-01,8.420348167419433594e-01,0.000000000000000000e+00,0.000000000000000000e+00,2.330072671175003052e-01,-1.250424832105636597e-01,7.426181435585021973e-02,7.374461293220520020e-01,-8.162600994110107422e-01,0.000000000000000000e+00,0.000000000000000000e+00
6.809151172637939453e-01,-7.596595212817192078e-03,7.595888733863830344e-01,9.991965889930725098e-01,3.384780511260032654e-02,1.770679838955402374e-02,1.212523970752954483e-02,1.812004894018173218e-01,-1.484031379222869873e-01,-4.917218908667564392e-02,4.509758651256561279e-01,-1.808986961841583252e-01,2.257262170314788818e-02,-5.671911835670471191e-01,-5.198101326823234558e-02,-5.612877756357192993e-02,4.587866365909576416e-01,5.948655679821968079e-02,4.073422774672508240e-02,-2.872958034276962280e-02,0.000000000000000000e+00,0.000000000000000000e+00,-5.691559985280036926e-02,4.854230582714080811e-02,-3.268873095512390137e-01,9.402108788490295410e-01,8.430907726287841797e-01,0.000000000000000000e+00,0.000000000000000000e+00,2.302627414464950562e-01,-1.141431927680969238e-01,6.404761970043182373e-02,7.504917979240417480e-01,-8.175761103630065918e-01,0.000000000000000000e+00,0.000000000000000000e+00
6.992712020874023438e-01,-1.036305539309978485e-02,7.614419817924499290e-01,9.994463324546813965e-01,2.553213573992252350e-02,1.716061308979988098e-02,1.267614960670471191e-02,1.695720553398132324e-01,-1.269254535436630249e-01,-5.321826785802841187e-02,5.163085460662841797e-01,-1.196943148970603943e-01,-1.831234432756900787e-02,-5.505135059356689453e-01,-3.316400945186614990e-02,-6.840951740741729736e-02,4.842878580093383789e-01,3.052826784551143646e-02,1.465140189975500107e-02,-3.258197754621505737e-02,0.000000000000000000e+00,0.000000000000000000e+00,-3.759730979800224304e-02,5.076621472835540771e-02,-3.190087378025054932e-01,9.667216539382934570e-01,8.450002670288085938e-01,0.000000000000000000e+00,0.000000000000000000e+00,2.281101644039154053e-01,-1.024449318647384644e-01,5.279463529586791992e-02,7.627940773963928223e-01,-8.176291584968566895e-01,0.000000000000000000e+00,0.000000000000000000e+00
7.169146537780761719e-01,-1.317902281880378723e-02,7.626126766204833762e-01,9.996107220649719238e-01,1.643743179738521576e-02,1.657814346253871918e-02,1.527687720954418182e-02,1.399115920066833496e-01,-1.031891405582427979e-01,-5.882248654961585999e-02,6.056994795799255371e-01,-3.849931806325912476e-02,-7.028967142105102539e-02,-5.282469391822814941e-01,-1.622122712433338165e-02,-8.616270869970321655e-02,4.991240799427032471e-01,6.268909783102571964e-04,-2.817890839651226997e-03,-3.684483841061592102e-02,0.000000000000000000e+00,0.000000000000000000e+00,-2.065936475992202759e-02,5.728660151362419128e-02,-3.185614049434661865e-01,9.890941977500915527e-01,8.529593944549560547e-01,0.000000000000000000e+00,0.000000000000000000e+00,2.211262881755828857e-01,-8.933357149362564087e-02,4.076564684510231018e-02,7.732718586921691895e-01,-8.170945048332214355e-01,0.000000000000000000e+00,0.000000000000000000e+00
7.337119579315185547e-01,-1.604982651770114899e-02,7.630670428276061790e-01,9.996407628059387207e-01,7.059203926473855972e-03,1.592200621962547302e-02,2.037098631262779236e-02,9.198080748319625854e-02,-7.835668325424194336e-02,-6.389596313238143921e-02,7.176870107650756836e-01,5.578764900565147400e-02,-1.177809983491897583e-01,-5.047378540039062500e-01,-1.719050342217087746e-03,-1.078690364956855774e-01,5.084008574485778809e-01,-2.715942263603210449e-02,-1.829694211483001709e-02,-4.171408340334892273e-02,0.000000000000000000e+00,0.000000000000000000e+00,-7.612899411469697952e-03,6.991443783044815063e-02,-3.291448354721069336e-01,1.005503773689270020e+00,8.704981803894042969e-01,0.000000000000000000e+00,0.000000000000000000e+00,2.124590575695037842e-01,-7.630997896194458008e-02,2.878656797111034393e-02,7.825955748558044434e-01,-8.162035942077636719e-01,0.000000000000000000e+00,0.000000000000000000e+00
7.499966621398925781e-01,-1.883027888834476471e-02,7.634709239006042258e-01,9.994813203811645508e-01,-2.492673229426145554e-03,1.522762235254049301e-02,2.826752886176109314e-02,3.340613469481468201e-02,-5.133647099137306213e-02,-6.854297220706939697e-02,8.404518365859985352e-01,1.346988379955291748e-01,-1.805432587862014771e-01,-4.797102510929107666e-01,1.103884074836969376e-02,-1.326225399971008301e-01,5.128546953201293945e-01,-5.290069058537483215e-02,-3.018521144986152649e-02,-4.695818200707435608e-02,0.000000000000000000e+00,0.000000000000000000e+00,-4.207225982099771500e-03,8.969759941101074219e-02,-3.505431413650512695e-01,1.023448467254638672e+00,8.937890529632568359e-01,0.000000000000000000e+00,0.000000000000000000e+00,2.191630303859710693e-01,-6.744978576898574829e-02,1.824907399713993073e-02,7.923701405525207520e-01,-8.142310380935668945e-01,0.000000000000000000e+00,0.000000000000000000e+00
7.660343647003173828e-01,-2.140008285641670227e-02,7.637939810752868430e-01,9.991548061370849609e-01,-1.139294914901256561e-02,1.428010780364274979e-02,3.682265430688858032e-02,-3.329181671142578125e-02,-2.282222732901573181e-02,-7.041729986667633057e-02,9.612380266189575195e-01,2.136399298906326294e-01,-2.240053862333297729e-01,-4.526728093624114990e-01,2.252593822777271271e-02,-1.581766605377197266e-01,5.131260752677917480e-01,-7.718484848737716675e-02,-3.890661522746086121e-02,-5.194638296961784363e-02,0.000000000000000000e+00,0.000000000000000000e+00,-4.039517138153314590e-03,1.133344843983650208e-01,-3.744380474090576172e-01,1.033784866333007812e+00,9.179822802543640137e-01,0.000000000000000000e+00,0.000000000000000000e+00,2.211071848869323730e-01,-6.029767170548439026e-02,1.161148492246866226e-02,8.008260130882263184e-01,-8.142222762107849121e-01,0.000000000000000000e+00,0.000000000000000000e+00
7.820472717285156250e-01,-2.370100468397140503e-02,7.642730236053466575e-01,9.987050294876098633e-01,-1.929785870015621185e-02,1.296233665198087692e-02,4.525234922766685486e-02,-1.025598049163818359e-01,4.115788266062736511e-03,-6.995198130607604980e-02,1.068834185600280762e+00,2.688212394714355469e-01,-2.327392846345901489e-01,-4.223987758159637451e-01,3.302760794758796692e-02,-1.816315948963165283e-01,5.084471106529235840e-01,-9.982109069824218750e-02,-4.508796706795692444e-02,-5.570442974567413330e-02,0.000000000000000000e+00,0.000000000000000000e+00,-2.926049055531620979e-03,1.366146355867385864e-01,-3.909963071346282959e-01,1.031909346580505371e+00,9.346683621406555176e-01,0.000000000000000000e+00,0.000000000000000000e+00,2.136338949203491211e-01,-5.540058016777038574e-02,1.008567307144403458e-02,8.072409033775329590e-01,-8.179802894592285156e-01,0.000000000000000000e+00,0.000000000000000000e+00
7.981150150299072266e-01,-2.565852925181388855e-02,7.650505661964416282e-01,9.982147812843322754e-01,-2.580482885241508484e-02,1.112815272063016891e-02,5.270258337259292603e-02,-1.700826287269592285e-01,2.625196427106857300e-02,-6.949899345636367798e-02,1.157138228416442871e+00,2.688877880573272705e-01,-2.213307023048400879e-01,-3.895303905010223389e-01,4.346171766519546509e-02,-2.010390311479568481e-01,5.005404353141784668e-01,-1.211182847619056702e-01,-4.905193299055099487e-02,-5.736071988940238953e-02,0.000000000000000000e+00,0.000000000000000000e+00,-1.162976113846525550e-04,1.574820578098297119e-01,-3.936998546123504639e-01,1.019520759582519531e+00,9.366773962974548340e-01,0.000000000000000000e+00,0.000000000000000000e+00,2.043605297803878784e-01,-5.432362109422683716e-02,1.337773352861404419e-02,8.125365376472473145e-01,-8.253460526466369629e-01,0.000000000000000000e+00,0.000000000000000000e+00
8.141424655914306641e-01,-2.716253325343132019e-02,7.657218933105468528e-01,9.978100657463073730e-01,-3.154559805989265442e-02,8.584690280258655548e-03,5.750013515353202820e-02,-2.369555979967117310e-01,4.194717481732368469e-02,-7.004760950803756714e-02,1.225419640541076660e+00,2.308663874864578247e-01,-2.083781212568283081e-01,-3.574219346046447754e-01,5.530277267098426819e-02,-2.159842848777770996e-01,4.948004782199859619e-01,-1.425818055868148804e-01,-5.126186832785606384e-02,-5.657202005386352539e-02,0.000000000000000000e+00,0.000000000000000000e+00,6.033707410097122192e-03,1.764727383852005005e-01,-3.816887736320495605e-01,9.977839589118957520e-01,9.239393472671508789e-01,0.000000000000000000e+00,0.000000000000000000e+00,1.921670138835906982e-01,-5.510421097278594971e-02,2.054299972951412201e-02,8.176106810569763184e-01,-8.353618979454040527e-01,0.000000000000000000e+00,0.000000000000000000e+00
8.302564620971679688e-01,-2.830621227622032166e-02,7.663979887962341087e-01,9.975302219390869141e-01,-3.604183346033096313e-02,5.802922416478395462e-03,6.000668182969093323e-02,-2.979182898998260498e-01,4.917553812265396118e-02,-7.019831240177154541e-02,1.268629312515258789e+00,1.859709322452545166e-01,-1.876642256975173950e-01,-3.245580196380615234e-01,6.769198179244995117e-02,-2.249862551689147949e-01,4.885208308696746826e-01,-1.635864824056625366e-01,-5.231067538261413574e-02,-5.339890345931053162e-02,0.000000000000000000e+00,0.000000000000000000e+00,1.805308461189270020e-02,1.918604820966720581e-01,-3.580693304538726807e-01,9.659903049468994141e-01,9.016745686531066895e-01,0.000000000000000000e+00,0.000000000000000000e+00,1.756787300109863281e-01,-5.648713558912277222e-02,3.087002597749233246e-02,8.216162919998168945e-01,-8.465492725372314453e-01,0.000000000000000000e+00,0.000000000000000000e+00
8.464515209197998047e-01,-2.914496883749961853e-02,7.670808792114257590e-01,9.973789453506469727e-01,-3.954403847455978394e-02,2.987181069329380989e-03,6.051943078637123108e-02,-3.522111475467681885e-01,4.997141286730766296e-02,-7.057185471057891846e-02,1.285064935684204102e+00,1.449517160654067993e-01,-1.701608300209045410e-01,-2.913545370101928711e-01,7.994152605533599854e-02,-2.284037768840789795e-01,4.817198514938354492e-01,-1.841010600328445435e-01,-5.262599512934684753e-02,-4.808650538325309753e-02,0.000000000000000000e+00,0.000000000000000000e+00,3.529649972915649414e-02,2.050964236259460449e-01,-3.265952169895172119e-01,9.271869063377380371e-01,8.744476437568664551e-01,0.000000000000000000e+00,0.000000000000000000e+00,1.554365009069442749e-01,-5.859902128577232361e-02,4.096496105194091797e-02,8.276399970054626465e-01,-8.581937551498413086e-01,0.000000000000000000e+00,0.000000000000000000e+00
8.626286983489990234e-01,-2.970784530043601990e-02,7.676369309425353782e-01,9.973434209823608398e-01,-4.232103005051612854e-02,3.612978616729378700e-04,5.928624421358108521e-02,-4.024623930454254150e-01,4.723095521330833435e-02,-7.288876175880432129e-02,1.277872085571289062e+00,9.942489117383956909e-02,-1.603451818227767944e-01,-2.596261203289031982e-01,9.206251800060272217e-02,-2.279748916625976562e-01,4.766125082969665527e-01,-2.046865224838256836e-01,-5.265852436423301697e-02,-4.089107364416122437e-02,0.000000000000000000e+00,0.000000000000000000e+00,5.470815673470497131e-02,2.167830318212509155e-01,-2.908756434917449951e-01,8.861184120178222656e-01,8.452758789062500000e-01,0.000000000000000000e+00,0.000000000000000000e+00,1.341694146394729614e-01,-6.140545755624771118e-02,4.866302385926246643e-02,8.356466293334960938e-01,-8.694602847099304199e-01,0.000000000000000000e+00,0.000000000000000000e+00
8.787593841552734375e-01,-3.008742257952690125e-02,7.680468916893005149e-01,9.974064826965332031e-01,-4.456232488155364990e-02,-1.620804774574935436e-03,5.649669095873832703e-02,-4.491148293018341064e-01,4.126107692718505859e-02,-7.708089053630828857e-02,1.251201510429382324e+00,4.090584814548492432e-02,-1.353631317615509033e-01,-2.294267863035202026e-01,1.039601862430572510e-01,-2.249766737222671509e-01,4.726770818233489990e-01,-2.251308709383010864e-01,-5.305537208914756775e-02,-3.207793086767196655e-02,0.000000000000000000e+00,0.000000000000000000e+00,7.367829233407974243e-02,2.229155749082565308e-01,-2.544314861297607422e-01,8.453657031059265137e-01,8.165073990821838379e-01,0.000000000000000000e+00,0.000000000000000000e+00,1.152619644999504089e-01,-6.390228867530822754e-02,5.619613826274871826e-02,8.375647664070129395e-01,-8.786072731018066406e-01,0.000000000000000000e+00,0.000000000000000000e+00
8.948423862457275391e-01,-3.038314357399940491e-02,7.684616208076476829e-01,9.975293874740600586e-01,-4.590239375829696655e-02,-2.964831423014402390e-03,5.309756472706794739e-02,-4.900571107864379883e-01,3.511990979313850403e-02,-8.042341470718383789e-02,1.202381849288940430e+00,-1.697922684252262115e-02,-1.119576841592788696e-01,-1.993612051010131836e-01,1.142790764570236206e-01,-2.194983661174774170e-01,4.664892852306365967e-01,-2.436957061290740967e-01,-5.418973788619041443e-02,-2.226928621530532837e-02,0.000000000000000000e+00,0.000000000000000000e+00,9.209869056940078735e-02,2.238902151584625244e-01,-2.200443446636199951e-01,8.065354824066162109e-01,7.893804907798767090e-01,0.000000000000000000e+00,0.000000000000000000e+00,9.819633513689041138e-02,-6.712174415588378906e-02,6.316186487674713135e-02,8.332731127738952637e-01,-8.850275874137878418e-01,0.000000000000000000e+00,0.000000000000000000e+00
9.108557701110839844e-01,-3.059797361493110657e-02,7.687787175178527610e-01,9.976876378059387207e-01,-4.665371775627136230e-02,-3.718364518135786057e-03,4.928474128246307373e-02,-5.242235660552978516e-01,3.188111260533332825e-02,-8.144585788249969482e-02,1.131532311439514160e+00,-6.236410513520240784e-02,-9.970556944608688354e-02,-1.696764230728149414e-01,1.232511922717094421e-01,-2.122836410999298096e-01,4.584613442420959473e-01,-2.603732049465179443e-01,-5.595831573009490967e-02,-1.196791231632232666e-02,0.000000000000000000e+00,0.000000000000000000e+00,1.094864308834075928e-01,2.218692898750305176e-01,-1.904891431331634521e-01,7.711542248725891113e-01,7.658538222312927246e-01,0.000000000000000000e+00,0.000000000000000000e+00,8.269689232110977173e-02,-7.103629410266876221e-02,6.946001201868057251e-02,8.241829872131347656e-01,-8.882557153701782227e-01,0.000000000000000000e+00,0.000000000000000000e+00
9.267799854278564453e-01,-3.073021396994590759e-02,7.688446402549743430e-01,9.978548288345336914e-01,-4.716368764638900757e-02,-3.908833023160696030e-03,4.523378983139991760e-02,-5.515090227127075195e-01,3.220441937446594238e-02,-7.993904501199722290e-02,1.042041301727294922e+00,-8.926650136709213257e-02,-9.280532598495483398e-02,-1.406515091657638550e-01,1.314652562141418457e-01,-2.039942145347595215e-01,4.492596387863159180e-01,-2.753686904907226562e-01,-5.767183750867843628e-02,-1.456711557693779469e-03,0.000000000000000000e+00,0.000000000000000000e+00,1.256300956010818481e-01,2.190641611814498901e-01,-1.678667962551116943e-01,7.401708960533142090e-01,7.480156421661376953e-01,0.000000000000000000e+00,0.000000000000000000e+00,6.896831095218658447e-02,-7.506072521209716797e-02,7.531540095806121826e-02,8.115244507789611816e-01,-8.884477019309997559e-01,0.000000000000000000e+00,0.000000000000000000e+00
9.426388740539550781e-01,-3.085454925894737244e-02,7.687132716178893821e-01,9.980490207672119141e-01,-4.695202782750129700e-02,-3.368873614817857742e-03,4.101620241999626160e-02,-5.713490843772888184e-01,3.438628837466239929e-02,-7.530190795660018921e-02,9.372111558914184570e-01,-9.664102643728256226e-02,-8.205768465995788574e-02,-1.108155101537704468e-01,1.383326202630996704e-01,-1.943415552377700806e-01,4.359038472175598145e-01,-2.873434424400329590e-01,-5.840540677309036255e-02,9.065699763596057892e-03,0.000000000000000000e+00,0.000000000000000000e+00,1.405269503593444824e-01,2.158892899751663208e-01,-1.533138751983642578e-01,7.144343256950378418e-01,7.372198104858398438e-01,0.000000000000000000e+00,0.000000000000000000e+00,5.673649907112121582e-02,-7.959093898534774780e-02,8.065809309482574463e-02,7.971113920211791992e-01,-8.864173293113708496e-01,0.000000000000000000e+00,0.000000000000000000e+00
9.584848880767822266e-01,-3.095092624425888062e-02,7.682942509651183860e-01,9.982220530509948730e-01,-4.674594476819038391e-02,-2.443709177896380424e-03,3.689891099929809570e-02,-5.826070308685302734e-01,3.932106867432594299e-02,-6.589797884225845337e-02,8.194102644920349121e-01,-9.847171604633331299e-02,-6.379532814025878906e-02,-8.034562319517135620e-02,1.447486132383346558e-01,-1.840399205684661865e-01,4.194112122058868408e-01,-2.968014478683471680e-01,-5.839022994041442871e-02,1.926186680793762207e-02,0.000000000000000000e+00,0.000000000000000000e+00,1.491015106439590454e-01,2.077887505292892456e-01,-1.489703357219696045e-01,6.983674168586730957e-01,7.352255582809448242e-01,0.000000000000000000e+00,0.000000000000000000e+00,4.644173011183738708e-02,-8.523435890674591064e-02,8.701419830322265625e-02,7.826417088508605957e-01,-8.808664083480834961e-01,0.000000000000000000e+00,0.000000000000000000e+00
9.743714332580566406e-01,-3.101181611418724060e-02,7.676633358001708762e-01,9.983746409416198730e-01,-4.651731997728347778e-02,-1.206318731419742107e-03,3.290505334734916687e-02,-5.853793025016784668e-01,4.526826739311218262e-02,-5.301922187209129333e-02,6.912124156951904297e-01,-9.093149006366729736e-02,-5.089159682393074036e-02,-4.911923781037330627e-02,1.507650613784790039e-01,-1.733764410018920898e-01,4.000239670276641846e-01,-3.034740984439849854e-01,-5.805250257253646851e-02,2.885426580905914307e-02,0.000000000000000000e+00,0.000000000000000000e+00,1.550013571977615356e-01,1.992957293987274170e-01,-1.514902412891387939e-01,6.897141933441162109e-01,7.399297952651977539e-01,0.000000000000000000e+00,0.000000000000000000e+00,3.718575090169906616e-02,-9.116272628307342529e-02,9.406112879514694214e-02,7.695434689521789551e-01,-8.731496930122375488e-01,0.000000000000000000e+00,0.000000000000000000e+00
9.903538227081298828e-01,-3.101954236626625061e-02,7.670045256614684837e-01,9.985092282295227051e-01,-4.620775952935218811e-02,2.834649058058857918e-04,2.905349247157573700e-02,-5.806767344474792480e-01,4.948709160089492798e-02,-3.837557137012481689e-02,5.569061040878295898e-01,-6.831666827201843262e-02,-5.004057660698890686e-02,-1.720281504094600677e-02,1.561228334903717041e-01,-1.622525751590728760e-01,3.784311711788177490e-01,-3.067332208156585693e-01,-5.751334130764007568e-02,3.771699219942092896e-02,0.000000000000000000e+00,0.000000000000000000e+00,1.635233312845230103e-01,1.957813501358032227e-01,-1.561385840177536011e-01,6.844437718391418457e-01,7.483339309692382812e-01,0.000000000000000000e+00,0.000000000000000000e+00,2.819860354065895081e-02,-9.607852250337600708e-02,1.008804365992546082e-01,7.585683465003967285e-01,-8.655846714973449707e-01,0.000000000000000000e+00,0.000000000000000000e+00
1.006480932235717773e+00,-3.089759126305580139e-02,7.663407683372497337e-01,9.986187219619750977e-01,-4.611976444721221924e-02,1.868750667199492455e-03,2.510165050625801086e-02,-5.700340867042541504e-01,5.117636919021606445e-02,-2.220224961638450623e-02,4.246791899204254150e-01,-4.462593793869018555e-02,-4.736390709877014160e-02,1.407778263092041016e-02,1.611056625843048096e-01,-1.506929993629455566e-01,3.580217957496643066e-01,-3.072308003902435303e-01,-5.650848150253295898e-02,4.583499953150749207e-02,0.000000000000000000e+00,0.000000000000000000e+00,1.719976365566253662e-01,1.930887103080749512e-01,-1.620938330888748169e-01,6.837923526763916016e-01,7.601137161254882812e-01,0.000000000000000000e+00,0.000000000000000000e+00,2.043988555669784546e-02,-9.971120953559875488e-02,1.079398989677429199e-01,7.496258616447448730e-01,-8.585270643234252930e-01,0.000000000000000000e+00,0.000000000000000000e+00
