-2.845284184946346440e-03,-4.175221447515762435e-02,1.212474229057149272e-01,-4.919131668382697997e-01,-5.156522282356774678e-01,-4.710901956392391510e-01,5.198059670485793982e-01,4.119250000000018730e-03,3.973295155181015281e-01,1.161253475604134611e+00,4.994145344209363624e-01,1.635973309437889212e-01,-8.070753781549606237e-03,1.764549999999998064e-02,-5.856599773245905194e-01,-1.183192996495832761e+00,5.650454175960930581e-01,2.683545784648035948e-01,7.512581659904013498e-02,-2.618000000000009209e-02,-9.481688435672812332e-02,7.016008341136353854e-02,-1.951678999999999942e+00,1.612189950000000316e+00,-3.727147542463833396e-01,-1.672403510522770254e-01,3.755262832810600526e-03,2.656977598005937913e-01,1.449764868969994069e-01,-2.072630600000000101e+00,-1.554594449999999961e+00,4.975047663380144369e-01,-2.595701471411055450e-01,-1.309115263512907468e-01,4.157839197706916234e-01,-9.276355269587638341e-02
-2.845284184946346440e-03,-4.175221447515762435e-02,1.415481193654443970e-01,4.917635617358773747e-01,5.154871537311151997e-01,4.712463638958964141e-01,-5.199696704635127231e-01,-9.103825181359032070e-02,3.408966649995662790e-01,9.098138091173096909e-01,4.919524086167713084e-01,1.449149191184259389e-01,-4.036003189640301192e-02,-6.401899012240805376e-02,-7.403076569469110302e-01,-1.130445940401351823e+00,8.976367405084155759e-01,9.820159247677570646e-02,7.897319803456465115e-02,-3.783100557176480999e-02,-8.802683609975694989e-02,6.752092677928850373e-02,-1.869085163307370623e+00,1.594714103459022647e+00,-3.570757271764924967e-01,-1.081665479452205564e-01,-4.056051233575128784e-02,1.467604083888187638e-01,2.316359605017145051e-01,-2.003429249659102851e+00,-1.531044901313320716e+00,4.883036484994236481e-01,-2.148845377792882594e-01,-8.047352237748819914e-02,3.148225384995268494e-01,-1.718682432875489607e-01
-2.845284184946346440e-03,-4.175221447515762435e-02,1.618488158251738529e-01,4.916139070244004983e-01,5.153220272225436105e-01,4.714024846736257213e-01,-5.201333214888124168e-01,-1.676332524892211184e-01,2.683993532820239669e-01,6.711827314793019639e-01,4.869624512566443353e-01,1.203841569759637464e-01,-6.636914223175474636e-02,-1.377287017828701943e-01,-8.488111549305407122e-01,-1.075101246239551722e+00,1.138506718133131423e+00,-2.261916379039247138e-02,8.270969002648830004e-02,-4.946430505462426352e-02,-8.100095006278394683e-02,6.489228186071563376e-02,-1.802665526051699052e+00,1.558143734157446891e+00,-3.437424434202568935e-01,-3.246660483946504916e-02,-5.948727521006050983e-02,1.413991519283468688e-02,2.931785055998643030e-01,-1.948972059817479563e+00,-1.492748017873716915e+00,4.867376646548726704e-01,-1.555050843156700335e-01,-5.275946489077634055e-02,2.011326993806188124e-01,-2.312676134454132726e-01
-2.845284184946346440e-03,-4.175221447515762435e-02,1.821495122849033088e-01,4.914642027490661591e-01,5.151568487599039736e-01,4.715585579251903026e-01,-5.202969200749750778e-01,-2.251485560857371671e-01,1.851686937786645448e-01,4.439272592609284085e-01,4.853985194841743400e-01,9.094069267528900880e-02,-8.609479451438585562e-02,-2.118669964058922106e-01,-9.342484003746893695e-01,-1.014213176498873548e+00,1.339934568797318537e+00,-1.205176221774444945e-01,8.664338619029274269e-02,-6.105011780203239286e-02,-7.429190916934635958e-02,6.293560830366241865e-02,-1.745820991127993826e+00,1.488813451627840623e+00,-3.053078367584383668e-01,5.496540701522441980e-02,-4.431286371478695280e-02,-1.192027818356842239e-01,3.156387223331075242e-01,-1.897712994494406669e+00,-1.434588893170015034e+00,4.711367856911450325e-01,-8.656141311054767196e-02,-5.089319564564916132e-02,8.377269958761862645e-02,-2.643455509520624691e-01
-2.845284184946346440e-03,-4.175221447515762435e-02,2.024502087446327647e-01,4.913144489551856675e-01,5.149916183931593228e-01,4.717145836034051243e-01,-5.204604661725259485e-01,-2.654000309050839057e-01,9.558323399948039090e-02,2.254809740288790110e-01,4.896888249930685943e-01,5.648530615188323417e-02,-9.996955525697712175e-02,-2.935290714541350932e-01,-1.007108402464648389e+00,-9.428344639649095527e-01,1.513564797925675443e+00,-2.063233278220479583e-01,9.114281183962225086e-02,-7.267270372883789797e-02,-6.658248802202702821e-02,5.981457493203923281e-02,-1.720893403582626213e+00,1.412779843759266019e+00,-2.877937061343350811e-01,1.773373637730408237e-01,-2.531396347829772964e-02,-2.854002443969171909e-01,3.273819874998455393e-01,-1.868168644205396411e+00,-1.360515707308830979e+00,4.655047439088338956e-01,1.068247094864873195e-02,-6.321944359116425660e-02,-5.713681953692009707e-02,-2.827639244246990535e-01
-2.845284184946346440e-03,-4.175221447515762435e-02,2.285841596005385168e-01,4.963131018462321187e-01,5.205083586814851504e-01,4.664523995779596977e-01,-5.149432127977234819e-01,-3.997176481815799542e-01,1.291906151146405834e-01,2.048699121368890430e-01,6.739974411280377220e-01,-9.901611089121822862e-02,-1.044271804445015689e-01,-5.104170060815321763e-01,-8.487932176048639255e-01,-6.665737838938471382e-01,1.393790674731810508e+00,-2.298475995634384483e-01,1.104862298004637283e-01,-5.139145768568698092e-02,-7.416424983176388153e-02,4.365671736044426932e-02,-1.852192912730892038e+00,1.414590228755980617e+00,-5.922958179311407223e-01,3.066443174619179479e-01,3.120785213883930584e-02,-3.458177567293866383e-01,4.329197947854394046e-01,-1.938244270301701766e+00,-1.417640030283590979e+00,7.101729109451536681e-01,1.367854762859535556e-01,-1.249630248082269635e-01,-1.506014133968557878e-01,-4.313407299869136402e-01
-2.845284184946346440e-03,-4.175221447515762435e-02,2.547181104564443244e-01,5.012553975807184647e-01,5.259659944026348066e-01,4.611372491270520624e-01,-5.093674867870726652e-01,-5.110801598481182761e-01,1.549672335482381313e-01,1.843441285791155015e-01,7.999545786323277730e-01,-2.206042271599983062e-01,-1.087661323963713400e-01,-6.310603118596623817e-01,-6.817396491744016629e-01,-4.598860484866854614e-01,1.266100621153386729e+00,-2.426904286745743822e-01,1.232366588425734544e-01,-3.016980762210044742e-02,-8.157446947026211759e-02,2.656341049857743886e-02,-1.969024996465098765e+00,1.346394358693252302e+00,-8.300465823222595851e-01,4.663215695865474686e-01,1.201104629552625647e-01,-3.913612502200435328e-01,5.033845804935223045e-01,-2.015010227410122035e+00,-1.417060836812284785e+00,9.277922330631542813e-01,2.836922016053899931e-01,-2.195453410758656521e-01,-2.170212906361304872e-01,-5.579516119366340066e-01
-2.845284184946346440e-03,-4.175221447515762435e-02,2.808520613123500764e-01,5.061407749529442945e-01,5.313639058332393361e-01,4.557697357946232097e-01,-5.037339212733016325e-01,-6.118522766841607563e-01,1.747603301690248134e-01,1.654122136938989407e-01,8.941383213528651952e-01,-3.222477120488842495e-01,-1.130279919495938978e-01,-6.865758306077192064e-01,-5.203326073029836962e-01,-2.804107647378711876e-01,1.121665608517424362e+00,-2.428124978984351479e-01,1.342338755301542286e-01,-9.032287733031548610e-03,-9.013076773856051882e-02,1.028461790077425664e-02,-2.082874086836831840e+00,1.246129079389823202e+00,-1.069645546329015540e+00,6.490741050706669846e-01,1.868609791280063936e-01,-4.178603836097437574e-01,5.810285134543146102e-01,-2.095176190801491423e+00,-1.391115655644654225e+00,1.145791547398483434e+00,4.510245102496496239e-01,-3.062732511242300393e-01,-2.622448040214951370e-01,-6.895826412695982288e-01
-2.845284184946346440e-03,-4.175221447515762435e-02,3.069860121682558285e-01,5.109686792204064520e-01,5.367014800317098100e-01,4.503504690705060209e-01,-4.980431559568919142e-01,-7.053339410178648405e-01,1.904174216542143250e-01,1.482690662053766095e-01,9.654058832005600888e-01,-4.090023641166202761e-01,-1.170720520169580697e-01,-6.912887240355936047e-01,-3.751944500087170953e-01,-1.081928145764419202e-01,9.530663262782801404e-01,-2.316646532872616016e-01,1.440336438024803489e-01,1.178571664382689274e-02,-9.931466467732470715e-02,-4.200130609494017592e-03,-2.176062124520440122e+00,1.109718465890511707e+00,-1.301682844374590475e+00,8.662670020675851124e-01,2.184190976416041929e-01,-4.402296719220287202e-01,6.582280933367162801e-01,-2.165711811293816957e+00,-1.338633298831610974e+00,1.360001490232678689e+00,6.441358741837759361e-01,-3.732291643646668544e-01,-2.924337061710589047e-01,-8.259939767526478516e-01
-2.845284184946346440e-03,-4.175221447515762435e-02,3.169001793280341595e-01,5.202026001840716063e-01,5.469193940536166698e-01,4.396518974120336987e-01,-4.868004111252932642e-01,-9.096464123656137213e-01,2.449483292324528549e-01,1.462610154072458424e-01,1.248072750312311241e+00,-4.877095378598116371e-01,-1.003717487588419860e-01,-6.908981023662652543e-01,-3.747967940587251245e-01,-1.087809629320539984e-01,9.544913622517076091e-01,-2.334943519984221671e-01,1.434636739220816748e-01,1.649361676914808811e-02,-9.991813877188449045e-02,-1.027491131808780898e-02,-2.014000173296801588e+00,1.078504207082793709e+00,-1.244281766622644669e+00,6.206801566122451819e-01,1.224488050004344658e-01,-5.683154761808081878e-02,7.684231392334721633e-01,-2.161143259816777906e+00,-1.361820528979974299e+00,1.357773077556534203e+00,5.845518464193870667e-01,-3.668729028367037626e-01,-2.561688928518553454e-01,-8.131378859710729490e-01
-2.845284184946346440e-03,-4.175221447515762435e-02,3.268143464878125459e-01,5.292125584210136680e-01,5.569018429726053654e-01,4.287640425056134519e-01,-4.753480842050858413e-01,-1.112528885788646171e+00,2.991626206027085955e-01,1.395214753946943109e-01,1.484606738226083245e+00,-5.231662427301763119e-01,-6.935694678855026940e-02,-6.907886446522384372e-01,-3.746435341318190004e-01,-1.089973247575793530e-01,9.549267290256828744e-01,-2.340470735553993042e-01,1.432379314617554800e-01,2.070093844419676130e-02,-1.012152120820789536e-01,-2.003874039826960066e-02,-1.874457048069395615e+00,9.365687778375720862e-01,-1.144870941713953982e+00,5.692429951210801198e-01,6.139673151909989107e-02,2.047140830537465817e-01,9.062314147300145617e-01,-2.165998098950234763e+00,-1.349145812021728563e+00,1.360274493327397805e+00,6.211333729328212261e-01,-3.697525321092202666e-01,-2.802841198150956004e-01,-8.197159933967440582e-01
-2.845284184946346440e-03,-4.175221447515762435e-02,3.367285136475909324e-01,5.379946748756233577e-01,5.666445290468379303e-01,4.176915918973512221e-01,-4.636911057644045320e-01,-1.307476628506069494e+00,3.438234186194015773e-01,1.288847291755494395e-01,1.667479835458623105e+00,-5.174967181694417606e-01,-2.244190703572229023e-02,-6.909301032943014897e-01,-3.747626836723683130e-01,-1.088155985468118175e-01,9.544615575505385197e-01,-2.334384645422057925e-01,1.434043108996539695e-01,2.512186242674964431e-02,-1.029615889419770031e-01,-2.905781510529508935e-02,-1.698194878036414668e+00,6.689330449441626136e-01,-7.880554434317166290e-01,6.609709026525625308e-01,2.647238013184710081e-01,3.287559963632899485e-01,9.438824482593098919e-01,-2.165783644859042401e+00,-1.342604094360175804e+00,1.360908311766555245e+00,6.365414355443770322e-01,-3.715365399525531465e-01,-2.886591797590052355e-01,-8.236502264556407882e-01
-2.845284184946346440e-03,-4.175221447515762435e-02,3.466426808073692634e-01,5.465451685849681551e-01,5.761432577595279048e-01,4.064393126073066465e-01,-4.518344944799666529e-01,-1.493164586753823020e+00,4.313133709120211545e-01,1.599117183611866722e-01,1.808540555919147641e+00,-4.838191884254118280e-01,6.882797222396545844e-02,-6.912887240355936047e-01,-3.751944500087170953e-01,-1.081928145764419202e-01,9.530663262782801404e-01,-2.316646532872616016e-01,1.440336438024803489e-01,2.872594092396295665e-02,-1.045010993247893760e-01,-3.621746966147647989e-02,-1.636080933157192607e+00,6.826845473473247550e-02,4.708136542280900172e-01,8.750857894239998380e-01,1.431168344080800292e+00,4.793449317039999436e-02,8.511264950534003226e-01,-2.165711811293816957e+00,-1.338633298831610974e+00,1.360001490232678689e+00,6.441358741837759361e-01,-3.732291643646668544e-01,-2.924337061710589047e-01,-8.259939767526478516e-01
-2.845284184946346440e-03,-4.175221447515762435e-02,3.697036469516815638e-01,5.475001845492648567e-01,5.523415551733966700e-01,4.060468562433421358e-01,-4.798836368142315179e-01,-1.610203379476195185e+00,4.254342627827713552e-01,1.246210895795918649e-01,1.935552092365666166e+00,-6.146294669182191805e-01,4.793025074585470502e-02,-9.048069801984338634e-01,-4.413079211817662051e-01,-6.533797764680068787e-02,1.296295258957747221e+00,-4.465634816548855746e-01,1.575553954188610717e-01,3.775134684846857824e-02,-1.134895916152699330e-01,-9.711980561749626595e-02,-1.389558751789367719e+00,2.486429228273307271e-02,5.029596351155238843e-01,7.668285678372035452e-01,1.320498724319378425e+00,1.310038253753715654e-03,7.191874767485373354e-01,-1.824083064705539270e+00,-1.508864106222970625e+00,1.456500693482132736e+00,1.470144509326355431e-01,8.146613898650297003e-03,1.066893070676301764e-01,-9.850940079897412271e-01
-2.845284184946346440e-03,-4.175221447515762435e-02,3.927646130959938642e-01,5.477136982873460624e-01,5.277917934918507914e-01,4.051044737672965801e-01,-5.072828528195837405e-01,-1.730436243758321835e+00,4.148290957067236606e-01,9.493782295851753428e-02,2.026282917626953228e+00,-7.072987426694908875e-01,3.774933918089694307e-02,-1.104268723419890019e+00,-4.975733532068158382e-01,-2.388579847478736196e-02,1.547873716538859634e+00,-5.894662749360630727e-01,1.584947604305439739e-01,4.648180576109137846e-02,-1.190251821683254996e-01,-1.571997312993023699e-01,-1.185785682312519240e+00,-1.302664063792889453e-02,5.882564391584232943e-01,7.067798495040926721e-01,1.246435075200791998e+00,-5.413688953115206731e-02,5.756623890663360443e-01,-1.569472149716176768e+00,-1.516160719817743807e+00,1.558301963013640767e+00,-4.886388939215211002e-02,3.480417940663804166e-01,1.996406765309038656e-01,-1.230170578297928863e+00
-2.845284184946346440e-03,-4.175221447515762435e-02,4.158255792403062201e-01,5.471854206286920208e-01,5.025272214761764555e-01,4.036134414868753351e-01,-5.339950346004689319e-01,-1.851278630825866411e+00,3.980969793769120191e-01,6.741187885490595999e-02,2.079076142815111883e+00,-7.610178259191107131e-01,3.289382884961313674e-02,-1.304537534277234734e+00,-5.420072669568010149e-01,1.102141645643212042e-02,1.736051952319371594e+00,-6.753853061311156925e-01,1.374469920876403295e-01,5.469231802571810491e-02,-1.214092486238292634e-01,-2.181384699816368844e-01,-1.029632808436938163e+00,-4.486112562265200804e-02,7.338672970091970615e-01,6.928228977470761718e-01,1.216509928850591837e+00,-1.159929107717914409e-01,4.159753286227859670e-01,-1.201475307314726626e+00,-1.440974243595426030e+00,1.466649908507790867e+00,-7.016890709640823121e-02,5.697111097081406506e-01,1.116695479111755734e-01,-1.342137841963972678e+00
-2.845284184946346440e-03,-4.175221447515762435e-02,4.388865453846185205e-01,5.459160670416655092e-01,4.765820559849655580e-01,4.015757787689868685e-01,-5.599840047403005228e-01,-1.966119797833950189e+00,3.746538632524467616e-01,3.976458529899783850e-02,2.092693750036968225e+00,-7.798063244660911053e-01,2.731790669797104845e-02,-1.504615389784636603e+00,-5.766320183665729626e-01,2.614626366172518451e-02,1.867513573842948915e+00,-7.114913422434849810e-01,8.448157768711174465e-02,6.247416872072772409e-02,-1.204685311239936940e-01,-2.793073260760133847e-01,-1.225338145561021275e+00,5.464275642743146033e-01,1.256791063850272394e+00,2.094399999999999817e+00,1.706828214991471748e+00,-2.958156035708932596e-01,9.368208788767868889e-01,-3.107263683044456104e-01,-1.996084725389420944e-01,-4.141614687572290343e-01,-3.041464257056721368e-02,-7.482004047438476357e-01,2.760631873346181681e-02,-1.273601579536372264e-01
-2.845284184946346440e-03,-4.175221447515762435e-02,4.435957818137201136e-01,5.439073566645171720e-01,4.499914356328061360e-01,3.989942453048317406e-01,-5.852145652980379475e-01,-2.077150616904399616e+00,3.452156955236413971e-01,-1.776396067900516120e-03,2.110502928410451062e+00,-8.113424843930659991e-01,7.138336576884968948e-03,-1.708463362460268087e+00,-5.029266084427558292e-01,8.924662535608166025e-02,1.985839383433433358e+00,-7.932035387467896159e-01,8.940299818538866017e-02,6.991580220350253339e-02,-1.161703784120736299e-01,-3.410664160072834905e-01,-1.054509980384427115e+00,5.532489902395728576e-01,1.194818318711228455e+00,2.056442061377301123e+00,1.491613676163469293e+00,-3.604260266740388907e-01,7.093925244077691206e-01,-1.209274624294069123e-01,-2.782824335341877453e-01,-2.642339169285570777e-01,5.284317008499513080e-02,-4.369222117530960903e-01,2.172408617029573941e-01,-1.987570144001435113e-01
-2.845284184946346440e-03,-4.175221447515762435e-02,4.483050182428217068e-01,5.411620099770924064e-01,4.227913732005951220e-01,3.958723373723380679e-01,-6.096525454782176778e-01,-2.173062215548345666e+00,3.098779380168430464e-01,-4.349884853861039902e-02,2.092740505584090638e+00,-8.187084521973228002e-01,-1.842663224279465078e-02,-1.895310228827825183e+00,-4.237030193624371499e-01,1.076281444797265729e-01,2.037194024819996674e+00,-8.092392950986244671e-01,8.328701323677953350e-02,7.668379908109268506e-02,-1.085683608020921731e-01,-4.011503751767014903e-01,-8.951803882183542171e-01,5.642614955572363700e-01,1.134413467970560419e+00,2.015776027278134208e+00,1.266244767148812622e+00,-3.692880406764249557e-01,4.563532392731325937e-01,-1.019220469175783315e-02,-4.193426384930753481e-01,-1.029283580831948930e-01,2.175345262911880795e-01,-5.102132308560467649e-02,3.266985835918576608e-01,-2.683360814658643512e-01
-2.845284184946346440e-03,-4.175221447515762435e-02,4.530142546719232999e-01,5.376837451163664072e-01,3.950187068619370190e-01,3.922142831010066444e-01,-6.332648479098812455e-01,-2.244357711531471899e+00,2.717526425108061083e-01,-8.604304109824183200e-02,2.040283091431433604e+00,-8.118275508612602387e-01,-5.264009215384912038e-02,-2.048313369986764609e+00,-3.511666212772662776e-01,8.469052107548781516e-02,2.015389452043681473e+00,-7.749244799526142646e-01,7.265042681712739758e-02,8.246976066162654828e-02,-9.825100256983963776e-02,-4.609162278623447073e-01,-7.284250232827045313e-01,5.761775909119094541e-01,1.174424284770516413e+00,1.944677619799670909e+00,1.141007949850046499e+00,-2.897324720149269672e-01,1.932124704105705471e-01,-9.086854767308649022e-03,-4.447321894414599797e-01,-9.554558310568461721e-02,5.161917912142602871e-01,9.930412996758651578e-02,3.632061260470016428e-01,-1.420314912656779616e-01
-2.845284184946346440e-03,-4.175221447515762435e-02,4.577234911010248930e-01,-5.334772728408200271e-01,-3.667110502916745562e-01,-3.880250367455794214e-01,6.560194934717185067e-01,-2.284658960824953677e+00,2.358316652266998215e-01,-1.297621552435070935e-01,1.954782708205372588e+00,-7.995280479535620266e-01,-9.615578217919110160e-02,-2.147653909830201435e+00,-2.916185280720167139e-01,3.104192908049162314e-02,1.920078384613407740e+00,-7.147315874253401535e-01,6.578889521267261564e-02,8.811247984882739082e-02,-8.452023737988620389e-02,-5.200000000000000178e-01,-5.547639315279999650e-01,5.661144458339997243e-01,1.321577500319999654e+00,1.804953019407999681e+00,1.142580570361600323e+00,-1.286643882064000266e-01,-7.930076931139984353e-02,-3.184588476129573409e-01,-4.682772387629998700e-01,-4.068291365600003040e-01,1.466277480975999969e+00,-2.265148314384000106e-01,8.297230997846578859e-02,9.561032236620015112e-02
-2.133963138709759830e-03,-3.131416085636822000e-02,5.331653046403302953e-01,5.864688183392708920e-01,2.816348329800297257e-01,2.980040179563469005e-01,-6.985196856566916468e-01,-1.859473047795594525e+00,2.097008522936527064e-01,-8.932661227238467005e-02,1.746165958444289679e+00,-7.299871916158854335e-01,-9.886188008017984807e-02,-1.730096092221406145e+00,-2.289901257814373481e-01,3.687121312488241681e-02,1.722642330389070109e+00,-7.028461904411343886e-01,9.493000485479514972e-02,8.169427794326565573e-02,-5.410093761906326071e-02,-3.893980715254105607e-01,-4.852086853520836685e-01,5.036955170809876980e-01,1.004668489907831530e+00,1.874641854349502479e+00,8.771272817351671858e-01,-3.481314634425702326e-01,-1.575459721643577768e-02,-2.364498961348691919e-02,-3.213395343703828178e-01,-3.073557568832295250e-01,8.537329209031248034e-01,-1.324354128842839817e-01,2.704051835826054018e-01,1.037197320422019453e-01
-1.422642092473173220e-03,-2.087610723757881218e-02,6.086071181796356422e-01,6.277567235958767533e-01,1.909382780448010408e-01,2.020359961761249989e-01,-7.270801374034207010e-01,-1.412464090134345929e+00,1.682509602022691786e-01,-5.380808731800258704e-02,1.494515760584792519e+00,-6.428817290023582931e-01,-9.513383262696072096e-02,-1.283419344744980206e+00,-1.858345734548501604e-01,5.148266432011831817e-02,1.475078753807864240e+00,-6.697205582638161570e-01,1.236911553124466490e-01,6.355054341537219598e-02,-2.762324534687548780e-02,-2.593346367772577099e-01,-8.729396051649684907e-02,8.866088420956855232e-02,6.403425922803703818e-01,8.216664480414450633e-01,5.020784474900167327e-01,1.616890720313221910e-02,-2.726083568986663597e-01,9.203757878352697430e-02,-2.654948152804250672e-01,-2.084030469611257985e-01,6.897344571838777139e-01,-7.688767676645706650e-02,2.127015080337057440e-01,6.926368645634084498e-02
-7.113210462365866099e-04,-1.043805361878940435e-02,6.840489317189409890e-01,6.565170423506613284e-01,9.643133653017718632e-02,1.020361204571991337e-01,-7.411308930008164708e-01,-9.332248900496112887e-01,1.147895017576385235e-01,-3.329191855726811033e-02,1.163796521952306540e+00,-5.132231299594047780e-01,-8.536257666966898250e-02,-7.933377709204993966e-01,-1.622594101247981924e-01,6.440518936836407693e-02,1.136353986215729250e+00,-5.878836853138812435e-01,1.486967766012228798e-01,3.542205980826024919e-02,-8.627218143276825166e-03,-1.295060050086902781e-01,7.879848817436592434e-02,1.216002645862935827e-01,3.067521494357721146e-01,7.153993361576256316e-01,2.342598971943996577e-01,7.343286889009816368e-03,-1.467448229430633466e-01,1.640983510770346598e-01,-2.287558520087746294e-01,-1.054859119735307021e-01,6.131293730298292832e-01,-3.434126576446801249e-02,1.178528576889771862e-01,3.375966736348779557e-02
0.000000000000000000e+00,0.000000000000000000e+00,7.594907452582463359e-01,6.721758303231772924e-01,0.000000000000000000e+00,0.000000000000000000e+00,-7.403915539289648295e-01,-3.695827216067447685e-01,6.156735852989340257e-02,-3.675216434227346340e-02,6.372455850506153485e-01,-2.751835493337388971e-01,-7.122427234407341379e-02,-1.931489147495832615e-01,-1.593241016520660913e-01,6.028463516950331030e-02,5.566037381386297334e-01,-3.735985465615990209e-01,1.691819807941896958e-01,0.000000000000000000e+00,0.000000000000000000e+00,0.000000000000000000e+00,2.000000000000000111e-01,2.000000000000000111e-01,0.000000000000000000e+00,5.999999999999999778e-01,0.000000000000000000e+00,0.000000000000000000e+00,0.000000000000000000e+00,2.000000000000000111e-01,-2.000000000000000111e-01,0.000000000000000000e+00,5.999999999999999778e-01,0.000000000000000000e+00,0.000000000000000000e+00,0.000000000000000000e+00
